1,21st Centuray ( Ndls ),"Khasra No.351, Rishi Complex, Near Sultanpur Metro Station, New Delhi - 110030, Pawan_malhotra@xxicentury.Com",,07AAAPM6491M1Z9,Delhi,Delhi,,Mr. Pawan Malhotra,9810200232,,Pawan_malhotra@xxicentury.com,
2,3D Creation (Ggn),"736, Pace City, Gurgaon-122001.",,06AAAFZ4962A1ZC,Gurgaon,Haryana,122001,Mr. Rajender Mishra,,9958438694,,
3,4 S Logistics / Pee Empro Exports,Faridabad,,,Faridabad,Haryana,,,,,,
4,5 Elements,"F-419, Sector-63, Noida, 8375833818, 9990482168",,,Noida,Uttar Pradesh,,,,,,
5,8 V Shoes (Bom),"Mathura Industrial Estate, 2nd Floor,, KT Ind. Park, Phase-1, Mumbai-401208",AABFZ3711G,27AABFZ3711G1ZA,Mumbai,Maharashtra,401208,Mr. Sanjay,,8291984168,8vshoes@gmail.com,
6,A 1 Enterprises,"28/28, New Street, Kilpatti Post, Gudiyatham,, Vellor Dist,",,,Gudiyattam,Tamil Nadu,635805,,,,,
7,A 2 Leather (Hwh),"10/1/1A, Topsia Road, South Kolkata-700046",AANFA2682H,19AANFA2682H1Z6,Kolkata,West Bengal,,Mr. Mir,,9874401505/9748860463,atcalcutta@vsnl.net,
8,Aa,"231/ F,  Greather Kailash -          Ph#29231431",,,Delhi,Delhi,,,,,,
9,Aaa,"53-B Rani Jhansi Road, Opp Jhandewalan Mandir , Phone:09312980542",,,Delhi,Delhi,,,,,,
10,A & A Accessories (Noida),"E-39, Sector-8,, Noida",,,Noida,Uttar Pradesh,201301,,,911202443344/2424838/2424839,,
11,Aaas International (Del),"A-215, Phase I, Okhla Industrial Area, , Ph#Mr. Aslam -08010029990",,,Delhi,Delhi,,,,,,
12,Aaas International ( N Delhi ),"A-215, Phase I, Okhla Industrial Area,    Ph#Mr. Aslam -08010029990",,,Delhi,Delhi,,,,,,
13,Aadam & Sons,"Chrompet, Chennai",,,Chennai,Tamil Nadu,,,,9791009828,,
14,A & A Designs (Noida),"B-116 Sector-88  Noida, Uttar Pardesh 201301",,09BTJPA2256H1ZS,Noida,Uttar Pradesh,201301,,,9971609266,,
15,Aadi Fashion (Noida),"B-29 Udyog Kendra-1 Ecotech-III,, Greater Noida-201306, Uttar Pradesh,, Ph. +(91)- 9810035715 , 09840548678",,09AALFA0778N1ZV,Noida,Uttar Pradesh,,,,,,
16,A & A Exim (Hwh),"23A  Golam Jilani Khan Road, Kolkata",,19ABIFA2826M1Z4,Kolkata,West Bengal,700039,,,,,
17,Aafiya Creation,"Oomer Road , Ambur.",,,Ambur,Tamil Nadu,,,,,,
18,Aafiya Impex,Vaniyambadi,,,Vaniyambadi,Tamil Nadu,,,,,,
19,Aafiya International,,,,Ambur,Tamil Nadu,,,,,,
20,Aakhil Traders,"No-67/1, Kandrampalli Road, Thuthipet,, Ambur",,33AYCPA7435RIZ7,Ambur,Tamil Nadu,635811,,,,,
21,Aakif Leathers Exports,Vaniyambadi.,,,Vaniyambadi,Tamil Nadu,,,,,,
22,A&A Leather Creations,"Plot No: 53, 54 & 55, First Floor, WIP Sidco Industrial Area, Thirumudivakkam, Chennai",,33ABAFA6376J1ZF,Chennai,Tamil Nadu,600044,Mr. Avinash,,,avinash@bableather.com,chennai@graciousexpress.com
23,Aalee India Exports Pvt Ltd (Cnb),"563-A, Muir Road Meerpur Cantt, Kanpur, Uttar Pradesh",,09AAHCA0470A1Z7,kanpur,Uttar Pradesh,,,,8853992255,asif@aaleeindia.in,
24,Aamoda Broadcasting Company Pvt Ltd (Hyd),,,,Hyderabad,Telangana,,,,,,
25,AA Puiltex India,,,,Bangalore,Karnataka,,,,,,
26,Aaqib Tannery (Hwh),"1/2, Mrigendra Lalmitra Road, Parkcircus  Kolkata",,19AABFT9212A1ZH,Kolkata,West Bengal,700017,,,,,
27,Aariz Enterprises (Bom),"Mahalaxmi Mall Office No 69 1st Floor, Sector 35 Kamothe, Kamothe, Navi Mumbai - 410206",,,Mumbai,Maharashtra,410206,,,8450906333,,
28,Aarti Ads & Gifts (Ndls),"F-116, 4th Floor, Mohan Garden,, Uttam Nagar, -110059, 9654225315, Tin-07450294862",,,Delhi,Delhi,110059,,,,,
29,Aaryan International,Noida,,,Noida,Uttar Pradesh,,,,,,
30,Aasif Bhai,,,,Kanpur,Uttar Pradesh,,,,,,
31,Aayan Metal Works (Hwh),"31- Topsia Road, South-2, Kolkata",,,Kolkata,West Bengal,,,,,,
32,ABA Technologies (Ndls),"2978/12 Ranjit Nagar,, New Delhi",,07ABBFA2758B1ZW,Delhi,Delhi,110008,,,9971709977,,
33,ABC Leathers (Ggn),"875, Phase-V, Udyog Vihar, Gurgaon, Haryana",AAAFA4258Q,06AAAFA4258Q1Z7,Gurgaon,Haryana,,Mr. Yogesh Sharma,0124-4796806,,yogesh@abcleathers.com,
34,Abdul Aleem (Ndls),"B-3 Nizamuddin West, New Delhi-110013",,,Delhi,Delhi,110013,,,9891456306,,
35,Abdullah Brothers,,,,Agra,Uttar Pradesh,,,,,,
36,Abdullah Leather (Cnb),"44/02, Nai Sadak, Chowbey Gola,, Kanpur-208001",,09FSGPS3488K1ZS,kanpur,Uttar Pradesh,208001,,,9829560580/8299760187,,
37,Abdul Maalik Job Work,,,,Delhi,Delhi,,,,,,
38,Abdul Malik ( N Delhi ),,,,Delhi,Delhi,,,,,,
39,Abexo Exports (Ggn),"581, Udyog Vihar, Phase-5, -122016, , 0124 234 6718/19/2397646, Abexo@abexiexoports.Com",,,Delhi,Haryana,122016,,,,,
40,AB Glosal,Ranipet,,,Delhi,Tamil Nadu,,,,,,
41,Abhinashi Lida Impex (Agc),Agra,,,Delhi,Uttar Pradesh,,,,,,
42,Abida Shoe Components,,,,Delhi,Tamil Nadu,,,,,,
43,Abid Midas ( Cnb ),", Cell : 9956121566",,,Delhi,Uttar Pradesh,,,,,,
44,Abid Midas International,", 09335666006",,,Delhi,Uttar Pradesh,,,,,,
45,Abinash Leather (Agc),", Uttar Pradesh",,,Delhi,Uttar Pradesh,,,,,,
46,Abito Kreations (Bom),"A/2, Unit No 29, Shah & Nahar,, Industrial Estate, S J Road, Lower Parel,, Mumbai - 400013, Near Sun Mill Compound,",,27ACUPA0371J1ZI,Delhi,Maharashtra,400013,,"022-24930031, 022-24930032","9819902584 ,98010708899",,
47,Abnashi Leather Store (Agc),"Block S-3, Shop No. 4 & 13,, Sanjay Palace,  - 282001, U. P., 09897633389",,,Delhi,Uttar Pradesh,282001,,,,,
48,Abnashi Lida Impex,,,,Delhi,Uttar Pradesh,,,,,,
49,Abnashi  Lida Impex ( Dholpur),"F-333,RIICO Growth Center,, Extension,Dholpur -328001",AAQFA0405M,08AAQFA0405M1ZE,Delhi,Rajasthan,328001,Mr. Tajinder Pal Ahuja,9760041444,09319102055,abnashilida@gmail.com,
50,Abnashi Sales Corp,,,,Delhi,Uttar Pradesh,,,,,,
51,Abnashi Sales Corporation (Agc),"1495, Mauja Baipur, Sikandra, Agra-282007",,,Delhi,Uttar Pradesh,282007,,9319102055,9760031363,abnashilida@gmail.com,
52,A B Polypacks Pvt Ltd (Hwh),,,,Delhi,West Bengal,,,,,,
53,Abraas Malaspina,Ambur,,,Delhi,Tamil Nadu,,,,,,
54,Abrar Leather Exports Pvt Ltd,"No-17/ N-9, Ground Floor, O S Complex,, E K Guru Street, Periamet, Chennai",,33AAECA7132Q1ZH,Delhi,Tamil Nadu,600003,,,,,
55,Absolute Leathers,"Vaniyambadi,",,,Delhi,Tamil Nadu,635751,,,,,
56,Accessoires India ( Ggn ),"Plot No. 202, Phase-IV, Sector-37,, Gurgaon, Haryana",,06ABAFA9914A1ZX,Delhi,Haryana,,Mr. Rajeev,,,rajeev@accessoiresindia.com,
57,Ace Exports ( Faridabad),"32,Anangpur Dumka,, Surajkund-Badkal Lake Road,, Faridabad, Haryana-121003",,06AAJPK3775F1ZM,Delhi,Haryana,121003,,129-3266404/3264802,,accounts@aceexports.in,
58,ACHIMTA JAMA RB (Kolkata),"11  1st Floor Raghunathpur, P S Bagwati Kolkata-700059",,,Delhi,West Bengal,700059,,,,,
59,Acme Fashions (Ndls),"E- 49/10, Okhla Ind. Area, Phase-II, New Delhi-110020",,07AJUPB2877P1ZD,Delhi,Delhi,110020,,,,,
60,Acme India,,,,Delhi,Uttar Pradesh,,,,,,
61,Acme India (Agc),"46/8A Anand Nagar, Agra - 282002",,09AIHPK2445E1ZE,Delhi,Uttar Pradesh,282002,,,9319105504,acmeindiaa@rediffmail.com,
62,Acme Leather Craft,,,,Delhi,Delhi,,,,,,
63,ACP Creations Pvt Ltd (Hwh),"75/A/1,VIVEKANANDA NAGAR LANE MADHYAMGRAM, BAZAR, , 24 PGS NORTH -700130, Sanhita@acpcreations.in, 9711679880",,,Delhi,West Bengal,700130,,,,sanhita@acpcreations.in,
64,A C S Agenturen (Noida),D-75  Noida,,,Delhi,Uttar Pradesh,,,,,,
65,Acts Engineering,,,,Delhi,Delhi,,,,,,
66,Adam & Associates,"Periamet, Chennai,",,,Delhi,Tamil Nadu,,,,,,
67,Adams Leather (Hwh),"G-365, Alif Nagar Lane,, Kolkata-700024",,19BRUPA6126K1ZC,Delhi,West Bengal,700024,,,,,
68,Adees Exports (Agc),"F-62, UPSIDC Industrial Area,, Sikandra, -282007 U P, 0562-3296389/ 9837063339, Adeesexports@gmail.Com, Accounts@adeesexports.Com",,,Delhi,Uttar Pradesh,282007,,,7895920255,adeesexports@gmail.com,
69,Adiko Systems (Ndls),"Kh.No. 1143, Rithala, Near Suzuki Showroom, -110085, 9811305211,45235211,42041257, Adikosystems@yahoo.Co.in, Info@furniture-Store.in",,,Delhi,Delhi,110085,,,,,
70,Adinos Impex,Ranipet,,,Delhi,Tamil Nadu,,,,,,
71,Aditi Printer (Noida),"C-96, Noida-201301",,09BZFPS9316G1ZX,Delhi,Uttar Pradesh,201301,,,,,
72,Aditya Corporation,"H--82, Parsanthcity, Gode-No2,, Jodhpur",,,Delhi,Rajasthan,,,,,,
73,Aditya Systems (Sbc),"Sri Venkateswara Complex, #37/2, Ground Floor, Basavanpura Road, KR Puram,  - 560 036",,,Delhi,Karnataka,,,,,,
74,Aditya Technologies,,,,Delhi,Delhi,,,,,,
75,Aditya Technologies Pvt Ltd ( N Delhi ),"212, Aditya Commercial Complex, Nangal Raya,  -110046 Ph#28524137  28521529 28525027",,,Delhi,Delhi,,,,,,
76,ADL INTERNATIONAL (Hwh),,,,Delhi,West Bengal,,,,,,
77,Adnan Rafi (Cnb),"Kanpur, Uttar Pradesh, 7054106444, Assadrafe58@gmail.Com",,,Delhi,Uttar Pradesh,,,,,,
78,Adroit Leathers(New Delhi),"B -38 Flatted Factory Complex Jhandewalan, New Delhi, Delhi 110005",,07ACOPV7786L1ZC,Delhi,Delhi,110055,,,,,
79,Advanced Micro Services Pvt Ltd (Sbc),"#728, 1st Floor, 35th C Cross, 10th Main, 4th Block,, Jayanagar,  - 560011, 080 - 66379734, Patil@amsindia.Net",,,Delhi,Karnataka,560011,,,,,
80,Advance Impex,,,,Delhi,Delhi,,,,,,
81,Advantage (Ndl),", Mob: 09811939394",,,Delhi,Delhi,,,,,,
82,Adwyn Impex Pvt Ltd ( Ndls ),"L-603 , Agersain Awas-66, IP Extension  -110092, Mob. 9971144770, Info@adwyngroup.Com",,,Delhi,Delhi,,,,,,
83,AEE Overseas (Noida),"A-38, Sector-58, Noida-201301",,09AAIPM3685R1ZP,Delhi,Uttar Pradesh,201301,,,,,
84,A E Industries Pvt Ltd (Faridabad),"Plot No-2, Pali Ghazipur Road,, Industrial Area, Faridabad - 121005",,06AALCA2414Q1ZG,Delhi,Haryana,121005,Mr. Arun Chaudhary,9958546622,,,
85,Aeon Overseas (Ggn),"D-14/7FF, the Presidency Ardee City Sector-52, -122002, 8059199911",,,Delhi,Haryana,122002,,,,,
86,Aeon Telectronics Pvt Ltd (Sbc),"Office: No. 10, 10th Main Road, 3rd Block, Jayanagar, Bangalore-560 011",,29AABCA2387C1ZV,Delhi,Karnataka,560011,Ms. Reena,80-22457299/26654665,,purchase@aeontele.com,info@aeontele.com
87,Aero Club,,,,Delhi,Delhi,,,,,,
88,Aero Club ( Ndls ),"867 Joshi Road Karol Bagh, New Delhi-110005",,07AAFFA1530L1ZP,Delhi,Delhi,110005,,,98990903775,,
89,Aero Club Unit-3 (Dehradun),"Khasara No. 265/66, Central Hope Town Ind. Area,, Selaqui, Dehradun-248197",,05AAFFA1530L1ZT,Delhi,Uttarakhand,248197,Mr. Ijayul Paik & Mr. Shashi Bhushan,8273630302,8979841810/08171339349,ijayul2011@rediffmail.com,
90,Aero Strap (Noida),"C-319, Sec-10, 1st Floor, Noida-201301",,09AVKPS2028M2Z0,Delhi,Uttar Pradesh,201301,,,9910777135 / 9968335841,,
91,Aesthentic International Products Pvt (Ggn),"543-B, Pace City-2, Sector-37, Gurgaon - 122037,",,06AAPCA7206G1ZP,Delhi,Haryana,122037,,,,,
92,Aesthentic Living Merchants Pvt Ltd ( Ggn ),"Plot No.-118, Sector-8, Imt Manesar,, Gurgaon-122050",,06AAECA3471E1Z1,Delhi,Haryana,122050,,,9313212930,,
93,Aesthetic International,,,,Delhi,Haryana,,,,,,
94,Afco International (Cnb),"PLOT NO 2 112 109, ABA COMPOUND POKHARPUR, JAJMAU KANPUR-208010",,09ARTPA0440J1ZS,Delhi,Uttar Pradesh,208010,Mr. Karan,9792504030,,,
95,Afeef International,,,,Delhi,Tamil Nadu,,,,,,
96,Affan Shoes Pvt Ltd,Chennai,,,Delhi,Tamil Nadu,,,,,,
97,AFI Tannery,"Cutchery Road, Vaniyambadi",,,Delhi,Tamil Nadu,,,,,,
98,A Five Creations,"No- 13, Kailasagiri Road,Udayendiram,, Vaniyambadi,",,33AHGPA1554N1ZI,Delhi,Tamil Nadu,635754,,,,,
99,A.F Leathers,,,,Delhi,Tamil Nadu,,,,,,
100,Afnan Exports,"Thuthipet, Ambur.",,,Delhi,Tamil Nadu,,,,,,
101,AFPL Global,,,,Delhi,Uttar Pradesh,,,,,,
102,AFPL Global Pvt Ltd (Cnb),"E-56 & E-1, Panki Industrial Area Site-III,, Kanpur-208022",,09AABCP1870B1ZQ,Delhi,Uttar Pradesh,208022,Mr.  Anurag,,9125859700,purchase@arvinco.com,
103,Afra Import & Exports,,,,Delhi,Tamil Nadu,,,,,,
104,Afroze Leather,,,,Delhi,Tamil Nadu,,,,,,
105,Aftab Tanning (Cnb),Kanpur,,,Delhi,Uttar Pradesh,,,,,,
106,Agharti Exports Pvt Ltd (Agc),"MIG. A- 178, Shastri Puram, Sikandra, -282007, 9368237496, Aghartigroup@gmail.Com",,,Delhi,Uttar Pradesh,282007,,,,,
107,Agra Leather Fair (Agc),"BSNI Ground, Mall Road,",,,Delhi,Uttar Pradesh,,,,,,
108,Agra Shes Mart (Agra),"30  ST PETERS COLONY, PETERS COLONY  AGRA, 282003",,09ADMPR5680E1Z2,Delhi,Uttar Pradesh,282003,,,,,
109,Agra Shine Footwear (Agc),"Khasra-40, Plot No- 40-A, Shivam Vatika, Miyapur,, Agra, U P,",,09CDNPS4448C2Z5,Delhi,Uttar Pradesh,,,,9971197775,,
110,Agree Shoes (Agc),"52/139, , U.P., 9639415666",,,Delhi,Uttar Pradesh,,,,,,
111,Ahalli Leather Products Ltd ( Sbc ),"202, Eden Crest, Bg No.43,, Viviani Road, Bangalore-560005",,29AAAKC0921H1ZS,Delhi,Karnataka,560005,,,,oommen2002@yahoo.com,jacobtoommen@gmail.com
112,Ahmad International (Cnb),"150 Feet Road Jajmau,, Kanpur-208010",,09AATFA4558N1ZL,Delhi,Uttar Pradesh,208010,,512-3293344,9005777333/9839110144,mail@ahmadintl.com,
113,Ahmed Abrar Leathers,,,,Delhi,Tamil Nadu,,,,,,
114,Ahmed Bhai (Cnb),"Kanpur, Uttar Pradesh",,,Delhi,Uttar Pradesh,,,,,,
115,Ahmed International (Hwh),"No. 16/D, Topsia Road South,, , , 9831002427, Ahmedintleu@gmail.Com",,,Delhi,West Bengal,,,,,,
116,Ahmed Tannery (Hwh),"10/1/1A, Topsia Road (South),",,19ACXPA6297N1ZJ,Delhi,West Bengal,700046,,,9681394643,mobashir@ahmedtannery.com,
117,Ahmed Tannery Pvt Ltd (Hwh),"10/1/1A, Topsia Road (South),, -700046 , India, 33-23448683/ 8684/ 8695, Mobashir@ahmedtannery.Com, Anileshsarkar@yahoo.Com",,,Delhi,West Bengal,700046,,,9231565728/8013282769,,
118,A. H. N. Leathers,"No- 50/2,  2nd Floor, Perianna Maistry Street,, Periamet-Chennai",,33FUZPS6217P1ZF,Delhi,Tamil Nadu,600033,,,,,
119,Ahsan Leather (P) Ltd ( Cnb ),,,,Delhi,Uttar Pradesh,,,,,,
120,A H Tiam Tannery,"10/1A, Topsia Road South, -700046, 9681394643",,,Delhi,West Bengal,,Mr. Mir,,9681394643,,
121,A H Tiam Tannery (Hwh),10/1/1a Topsia Road  South Kolkata-700046,,19AAFFA1852R1ZZ,Delhi,West Bengal,700046,,,,ahtiamtannery786@gmail.com,
122,Ahuja Plastic Udyog (Faridabad),"Plot No. 20-A/17, Dhanda Complex,, Industrial Area, Faridabad-121001",,06AAKFA1122H1ZZ,Delhi,Haryana,121001,Mr. Sanjeev Ahuja,0129-4028152,9811813706,ahujaplasticudyog@gmail.com,
123,Ahuja Traders (Hwh),"25A, Beniapukur Road,, Kolkata-700014",,19ADBPA0930D1ZC,Delhi,West Bengal,700014,,,8013931906,,
124,Aina Crafts (Cnb),"Plot No. 143, Shujat Ganj Cod, Kanpur Nagar, Kanpur-208013",,09EHAPS9131R1ZG,Delhi,Uttar Pradesh,208013,,,919828769,,
125,AIRGEN ENGINEERING AND SERVICES (HWH),"NO. 3535 SATCHASI PARA ROAD,  - 700002, 9038963404/33-30207675",,,Delhi,West Bengal,,,,,,
126,Aish Overseas,"4348, Nathnal Jika Chowk Johare Bazar,, Jaipur,",,,Delhi,Rajasthan,302003,,,,,
127,Aishvi Apparel (New Delhi),"631/21 Tughlakabad Extension, -110019, Aishvi Apparel@rediff Mail.Com, M-9810132067",,,Delhi,Delhi,,,,,,
128,Aivpoamhertor Cohsors Pvt Ltd,,,,Delhi,Maharashtra,,,,,,
129,Ajanta Lables Co P Ltd,,,,Delhi,Delhi,,,,,,
130,Ajay Industrial Cropn Ltd (New Delhi),"B-30 Mayapuri Industrial Area, Phase-1 New Delhi-110064",,07AAHCA1943Q1ZA,Delhi,Delhi,110064,,,,,
131,Ajeet Leather Store (Agc),"E-66, Site 'c' UPSIDC,, Sikandara, Agra",,09AAHFA1098B1ZP,Delhi,Uttar Pradesh,,,,9897315888,,
132,A & J Exports,,,,Delhi,Tamil Nadu,,,,,,
133,A J Fashions (New Delhi),WZ-244 Madi Pur New SDelhi-110063,,07ACHPY6458P1ZH,Delhi,Delhi,,,,9899415896,,
134,Akbar Bhai,,,,Delhi,Maharashtra,,,,,,
135,A.K.Chattpadhya,,,,Delhi,Uttar Pradesh,,,,,,
136,A. K. Enterprises (Cnb),"67/23 KDA Colony, Pokharpur Kanpur, Uttar Pradesh -Pincode-20810",,09GXCPK8871C1Z5,Delhi,Uttar Pradesh,208010,,,,,
137,A K Enterprises (Noida),"C-166 Sector 63, Noida",,,Delhi,Uttar Pradesh,,,,,,
138,Akhil Leather Co (KB),"Karol Bagh, New Delhi",,07AFQPA6951D1ZH,Delhi,Delhi,,,,,,
139,AKJ Industries Pvt Ltd (Hwh),"13/2 Mahendra Roy Lane,, Kolkata-700046",,19AAGCA2644D1ZX,Delhi,West Bengal,700046,,,,rishi@akjintl.com,
140,Akky (Cnb),"E-23, Indraprastha Appt., Ratan Lal Nagar,, Kanpur-208022",,09AHWPA8891L1ZB,Delhi,Uttar Pradesh,208022,,,,,
141,A.K Leathers,,,,Delhi,Tamil Nadu,,,,,,
142,Akopin Leather & Rubber Industries (Cnb),"Kanpur, Uttar Pradesh",ALSPM8697C,09ALSPM8697C1Z9,Delhi,Uttar Pradesh,,Mr. Mohd Ismail,,9044499990,accounts@akopin.com,
143,A.K.Plastics,,,,Delhi,Uttar Pradesh,,,,,,
144,A K Plastics (Agc),"C-16/2/1, Foundry Nagar,, Agra-282006",,09AASPM7240A1ZN,Delhi,Uttar Pradesh,282006,,,9897618600,akmittal.akpgroup@yahoo.co.in,
145,AKS Enterprises,Ranipet,,,Delhi,Tamil Nadu,,,,,,
146,AKS Leather India (OPC) Pvt Ltd (Ggn),"Plot No.-18, Udhyog Vihar,Phase-VI, Sector- 37, Gurgaon-122001-India",,06AANCA8458J1Z4,Delhi,Haryana,122001,,0124-4283957,,,
147,A.K.& Sons (Cnb),"88/446  Humayu Bagh Road, Chaman Ganj  Kanpur, Uttar Pradesh",,09AJXPA3848C1Z1,Delhi,Uttar Pradesh,208001,,,,,
148,AKS Trading Company (Hwh),"36, Ismail Street,, Kolkata Airport, Kolkata - 700052",,19ABQPT8903L1ZO,Delhi,West Bengal,700052,,,9831087789,vrdaks@gmail.com,
149,AL Ameen Leathers,,,,Delhi,Tamil Nadu,,,,,,
150,Alamode Overseas (Agc),Agra,,,Delhi,Uttar Pradesh,,,,,,
151,Alam Tannery Pvt Ltd (Hwh),"187, Park St, Mullick Bazar,, Beniapukur, Kolkata, West Bengal-700017",AACCA0801G,19AACCA0801G1Z8,Delhi,West Bengal,700017,Mr. Shabad Alam,33 40226900,,shadab@grupalam.com,
152,Alaska Leather (Hwh),,,,Delhi,West Bengal,,,,,,
153,Al Asma Export (Cnb),"A-69, Pokharpur, Jajmau,  - 208010, , India, 9651595143, Alasmaexport2012@gmail.Com",,,Delhi,Uttar Pradesh,208010,Mr. Ikhlak Husain,,,,
154,Alba International,,,,Delhi,Delhi,,,,,,
155,Alba International (New Delhi),"G-97/B Jawahar Park, Devali Road, Khanpur,, -110062, Aitulgovil@gmail.Com, M-98991550066",,,Delhi,Delhi,110062,,,,,
156,AL Barakah International,,,,Delhi,West Bengal,,,,,,
157,ALB Surgicals Pvt. Ltd (Ndls),"3/18, West Patel Nagar,, -110008, 011-25881664, 25883665, Nitika@albsurgicals.Com",,,Delhi,Delhi,110008,,,,,
158,Aleena Footwear (Bom),,,,Delhi,Maharashtra,,,,,,
159,Aleeza International (Mumbai),"Flat No-406 A 4th Floor Fatima Apartment Morland, Road Gala No4 A-244 Petwala Compound Maulana, Azad Raod Mumbai, Pin Code-400008",,27BWNPK1093B1ZL,Delhi,Maharashtra,400008,,,,,
160,Alert Enterprises (Agc),"9/635, Moti Katra, , U.P., Ankitmarwah21@gmail.Com",,,Delhi,Uttar Pradesh,,,,,,
161,Al Falah Leathers,,,,Delhi,Tamil Nadu,,,,,,
162,Alfa Leather (Ndls),"Karol Bagh, New Delhi",,07AKQPG5735J1ZR,Delhi,Delhi,,,,,,
163,Al Haj Vaseer Rahman,,,,Delhi,Karnataka,,,,,,
164,Alhamd Leather India Pvt Ltd (Hwh),"82C, Matheswar Talla Road,, -700046, 98366 34499, Info@alhamdleather.Com",,,Delhi,West Bengal,700046,,,,info@alhamdleather.com,
165,Al Hasan Leather,,,,Delhi,Delhi,,,,,,
166,Alia International (Hwh),"55B/, 2A, Dilkhusa St, Park Circus, Ballygunge, -700017, 98830 65696",,,Delhi,West Bengal,,,,,,
167,Alif International (Cnb),"78, Cantt, Near Phool Bagh,,  - 208004,  , India, 9335028621",,,Delhi,Uttar Pradesh,208004,,,,,
168,ALIG Industries,"36,A Block, 150 ft Road, Jajmau, Kanpur., (UP), India.",,,Delhi,Uttar Pradesh,208010,,,91 9984786229,,
169,Alignz Exports Pvt Ltd (Noida),"A-99 and 100, Sector-65, Noida 201301",,09AABCI3524P1Z9,Delhi,Uttar Pradesh,201301,Mr. Aseem Singhal,,,aseem@alignzexports.com,
170,Alig Tannery (Cnb),"16-A (2), Gujjupurwa Jajmau,, Kanpur-208010",,09AACFA4441P1Z8,Delhi,Uttar Pradesh,208010,Mr. Imran,8299833076,9235720238,production@aligfashion.com,
171,Alina Exim (Cnb),"112/109, ABA Compound, Pokharpur,, Jajmau, -208010, Alinaexim@yahoo.in, 8188880066",,,Delhi,Uttar Pradesh,208010,,,,,
172,Alisha Clothing Pvt Ltd (Bom),"No,204,Jaferbhoy Industrial Estate,Makwana Road, Off Andherikorla Road, Marol Naka, Andheri, Mumbai-400059",,27AACCA3473E1ZX,Delhi,Maharashtra,400059,Mr. Karl,,9821028201,,
173,Alisha Overseas,,,,Delhi,Tamil Nadu,,,,,,
174,Alka Creations (Hwh),"200, Vip Nagar Kolkata",,19AKQPM1129E1Z3,Delhi,West Bengal,700100,,,9831001240,alkacreations2016@gmail.com,
175,Alka.Pandey Packaging,"Jaipur, Rajastan.",,,Delhi,Rajasthan,,,,,,
176,Alka Pandey Packaging Pvt Ltd (Jaipur),"Sp-1013C, RIICO Industrial Area,, Phase-3, Sitapura, Jaipur, Rajasthan-302022",,08AAJCA2159G1ZP,Delhi,Rajasthan,302022,Mr. Sumit Sharma,141-3192828,7300083011,alkapandey@alkapandey.in,info@alkapandey.in
177,Allfa Foams,,,,Delhi,Maharashtra,,,,,,
178,Allied Caps (Ndls),", Mr. Ankur Manchanda 9999030408",,,Delhi,Delhi,,,,,,
179,Allied Industries (New Delhi),"A-48/1, Gt Karnal Road, Delhi - 110033,, +(91)-11-27436422",,07AAKFA7592B1ZF,Delhi,Delhi,,,,,,
180,Allied Tanning,"No-4, 1st Floor, Vepery High Road, Periamet,, Chennai",,33AAFPA6463LIZR,Delhi,Tamil Nadu,600003,,,,,
181,All That Jazz,Noida,,,Delhi,Uttar Pradesh,,,,,,
182,All That Jazzz,Noida,,,Delhi,Uttar Pradesh,,,,,,
183,All That Jazzz ( Noida ),"C-48, Sector-4, Noida, Uttar Pradesh, 9891935429",,09AFFPM9786F1ZT,Delhi,Uttar Pradesh,,,,,,
184,Almari (Hyb),"8-2-686,B1,1st Floor,, Above OMa Home Decor Store,, Road No 12, Banjara Hills ,, Hyderabad-500034",,36ABAFA0235C1ZA,Delhi,Telangana,,,040-23384561,,,
185,Almas Sales Corportaion (Agc),"6/72, H M Plaza Near Neelam Shoe Center,, Nala Hing Ki Mandi,, .",,,Delhi,Uttar Pradesh,,,,,,
186,Almighty International,"Perimet, Chennai",,,Delhi,Tamil Nadu,,,,,,
187,Al Noor International,,,,Delhi,Tamil Nadu,,,,,,
188,Alpen Fashion &Tracht Pvt Ltd(Noida),"D-249 Sector-10, Noida-201301, 09953270530, Alpennoida@alpenfashion.Com",,,Delhi,Uttar Pradesh,,,,,,
189,Alpha Garments (New Delhi),"S-27, Okhla Phase-II, Okhla Industrial Area,,  Mob No.9999723678",,,Delhi,Delhi,,,,,,
190,Alpha Leather (K B),"Karol Bagh, ",,,Delhi,Delhi,,,,,,
191,Alpha Leather Products,Chennai,,,Delhi,Tamil Nadu,,,,,,
192,Alpha Overseas International Pvt Ltd (Hwh),"1/1, Camac Street, 2nd Floor, Suite 09,, -700016, 33 2229 0416, Aoipl@vsnl.Com",,,Delhi,West Bengal,700016,,,,,
193,Alpine Apparels Pvt Ltd ( Faridabad ),"Plot No. 25 Sector 27- A,  Faridabad 121003",,06AADCA0100D1ZS,Delhi,Haryana,121003,,129-2276225/26,,jitender@alpineapparels.com,
194,Alpine Impex Pvt Ltd,Faridabad,,,Delhi,Haryana,,,,,,
195,Alpine Impex Pvt Ltd ( Faridabad ),"Plot No. 19, Sector-27, Faridabad,, Haryana",,,Delhi,Haryana,,,,,,
196,Alpine Life Style ( Ndls ),", Mob No. 9810554067",,,Delhi,Delhi,,,,,,
197,Alto Leathers,Ambur,,33ALDPA3484R1ZU,Delhi,Tamil Nadu,,,,,,
198,Alvin Cotspin Ltd (Cnb),"123/385, Fazalganj Factory Area,, -208001, 0512-2215622, 2230541, Alvin@sancharnet.in",,,Delhi,Uttar Pradesh,208001,,,,alvin@sancharnet.in,
199,Alvin Leather,,,,Delhi,Uttar Pradesh,,,,,,
200,Alvin Leather Crafts Pvt Ltd (Cnb),"D-10 PANKI INDUSTRIAL AREA., SITE -1,UPSIDC,-208022, 0512 2692219, Pnshukla.Alvinleather@gmail.Com",,,Delhi,Uttar Pradesh,208019,,,,,
201,Aman Apartment,,,,Delhi,Delhi,,,,,,
202,Aman Cleaning Equipments Pvt Ltd (Noida),"D-326, Sector-63 Noida",,09AAFCA2190P1Z9,Delhi,Uttar Pradesh,201301,Mr. A W Khan,120-4265080/81/82,9810805828/9313550475,amancleaning2002@gmail.com,
203,Aman Shoe Factory (Agc),"13, Ajmer Road, Baluganj, Agra-282001",,09ABNPD3860D1ZR,Delhi,Uttar Pradesh,282001,,9202401753,9837058511,amanshoes@gmail.com,
204,Amar Brothers Global Pvt Ltd (Cnb),"87/112, Kalpi Road, Kanpur",,09AAICA6776A1ZL,Delhi,Uttar Pradesh,,Mr. Tripati,9918045577,,purchase@amarbrothers.com,
205,Amarnath & Sons,,,,Delhi,Delhi,,,,,,
206,Amar Nath & Sons (Agc),"Block No-3, Shop No13 Shoe Market, Sanjay Place, ",,,Delhi,Uttar Pradesh,,,,,,
207,Amarnath & Sons (K.Bagh),"3704/17, Hardhian Singh Road,, Reghar Pura, Beadonpura, Karol Bagh,, New Delhi - 110005",,07AAHFA5067A1ZU,Delhi,Delhi,110005,Mr. Gaurav,"26724220,28729871",9311040092,info@amarnathsons.com,
208,Amar Shoe & Leather ( Noida ),"A - 54,  Sector  64,  Noida",,09AADFA1161H1ZT,Delhi,Uttar Pradesh,,,120-4284401,9810536629,,
209,Amar Shoe & Leather Wears (Agc),"Artoni, Delhi Bypass Road,, Mahatma Gandhi Road, Agra, Uttar Pradesh 282002, 0562-2641468 & 08194002551, Info@amarshoes.Com",,,Delhi,Uttar Pradesh,282002,Mr. Deepak,,8194002551,,
210,Amar Shoes & Leathers,Noida,,,Delhi,Uttar Pradesh,,,,,,
211,Amazing Creations (Ndls),"166 Ground Floor, New Manglapuri  Near Chhatterpur, New Delhi-110030",,07ABDFA8753C1ZL,Delhi,Delhi,110030,,,9818712106,harpreettaneja@yahoo.com,
212,Amazon Corporate Services,Noida,,,Delhi,Uttar Pradesh,,,,,,
213,AMAZON CORPORATE SERVICES (P) LTD (Noida),"H-36/1, UPSIDC SITE 5, KASNA, Greater Noida - 201303,, Uttar Pradesh, India",,,Delhi,Uttar Pradesh,,,,,,
214,Amazon In Declartion Letter ( Ggn),,,,Delhi,Delhi,,,,,,
215,Ambaashree Envirocare Projects (Hwd),"Arihant Building, 4Th Floor 53A Mirza Ghalib Street, Kolkata",,19AAKCA1946J1ZD,Delhi,West Bengal,700016,,,,,
216,Amber Overseas (Noida),"Village- Chhalera, Sector-44,, Noida-201301, G B Nagar",,,Delhi,Uttar Pradesh,201301,,,9870537722,,
217,Amber Overseas (Sbc),"No:52/286, Above Surfa Coats,, Bikasipura Road, Yelachenahalli,, J C Industrial Estate,Kanakapura Road,, Bangalore, Karnataka-560062",,29AAHFA1553H1ZJ,Delhi,Karnataka,560062,,080-26668542,95388 98112,,
218,Amber Skin Traders,,,,Delhi,Delhi,,,,,,
219,Ambika Industry,,,,Delhi,Uttar Pradesh,,,,,,
220,Ambrish  H Nodn (Lucknow),LUCKNOW,,,Delhi,Uttar Pradesh,,,,,,
221,Ambur Shoes,"Chinnavarikkam, Ambur-635802",,,Delhi,Tamil Nadu,,,,,,
222,A M C O (Hwh),"S 35, Phase 1, Kasba Industrial Estate,  - 700107, 9831846544/33-24420733",,,Delhi,West Bengal,700107,,,,,
223,Ame Footwear (New Delhi),"Basement LIP 33 B, Saidulajab, New delhi- 110030",,07AVOPT6176H1ZU,Delhi,Delhi,110030,,,,,
224,A M Enterprises (Ndls),"C-23, Sitapuri Park-1, New Delhi-110045",,07ADGPN7660J1Z5,Delhi,Delhi,110045,,,9958987848,,
225,Amicizia Creations Llp (Noida),"A-20 Sector-83 Noida, Uttar Pradesh",,09ABDFA0645H1ZO,Delhi,Uttar Pradesh,,,,,,
226,Amisal ( Ggn ) Prop. Kulwant Singh Saluja,"Plot No-229, Udyod Vihar, Sector 4, Gurgaon - 122001",,06AMMPS5919G1ZM,Delhi,Haryana,122001,Mr. Hira Lal,0124-4386201-202-203-204,8800876608,Amisal.saluja@gmail.com,
227,Amitash Gas Engineers Pvt Ltd (Ndls),"1925/19 (L,G.F ), Govind Puri Ext Kalkaji, New Delhi-110019",,07AANCA7919E1ZH,Delhi,Delhi,110019,,,,amitashgasengineers2015@gmail.com,
228,Amit Gramodyog Sansthan (Cnb),"133 G T Road, 80 Feet Road, Kanpur - 208023",,09AAAAA4534C1Z9,Delhi,Uttar Pradesh,208023,,,98390 81111,purchase@amitgroup.org,
229,Amith Chopral Accessories Multimedia(N.Delhi),"123 Tribhuvandas Comlesse Ishwar Nagar , Phone No-981638738",,,Delhi,Delhi,,,,,,
230,Amit Jain,,,,Delhi,Delhi,,,,,,
231,Amit Leather Company (Bom),"Unit No. 212/213, Ghatkopar Industrial Estate,, L.B.S Marg, Ghatkopar ( W) , Mumbai –400086, 9820484022/022-2500 2221 / 0244, Factory@justjiveindia.Com, Dinesh@justjiveindia.Com",,,Delhi,Maharashtra,400071,,,,factory@justjiveindia.com,
232,Amit Leather Shoes (Noida),A-64Sector-57 Noida Uttar Pradesh,,09ABJFA7704M1Z1,Delhi,Uttar Pradesh,,,,,,
233,Amit Leather Wear ( Ndls),"E-47/2, Okhla Industrial Estate,Phase II, New Delhi",,07AGEPR5226M1Z1,Delhi,Delhi,,,,,,
234,Amit Poliyseats Pvt.Ltd,,,,Delhi,Uttar Pradesh,,,,,,
235,Amit Polyseats Ltd (Cnb),"113/8, Swaroop Nagar Opp. Gasto Livers Hospitals,, -208002, 9336215330, Polyseat@sancharnet.in",,,Delhi,Uttar Pradesh,208002,,,,polyseat@sancharnet.in,
236,Amity Leather International (Bom),"Plot No. 201-E, Gurukrupa Housing Society,, 2nd Floor, Opp. Plaza Cinema, N.C. Kelkar, Marg, Dadar (West), Mumbai-400028",,27AAEFA7271K1Z8,Delhi,Maharashtra,400028,Mr. Sushil Singh,,8879989951,sushil.amity@gmail.com,
237,Amjad Finished Leather,,,,Delhi,Tamil Nadu,,,,,,
238,A.M.Leather,,,,Delhi,Tamil Nadu,,,,,,
239,Ampersand Design P Ltd,,,,Delhi,Haryana,,,,,,
240,Ampersand Design Pvt Ltd (Ggn),"Plot No.159, Sector-8, JMT Manesar, Gurgaon",AAMCA6442R,06AAMCA6442R1Z1,Delhi,Haryana,,Mr. Anil Kumar,,9891625953/9810844796,accounts@ampersand-design.in,dhirendra@ampersand-design.in
241,Amren Overseas,,,,Delhi,Uttar Pradesh,,,,,,
242,Amrit Talwar,Jaipur,,,Delhi,Rajasthan,,,,,,
243,Ams Enterprises,Chennai,,,Delhi,Tamil Nadu,,,,,,
244,AMS Shoe Components Pvt Ltd (Agc),"632, Near Sunny Toyota Agra Mathura Road,, Artoni, Agra-282007",,09AALCA6321L1ZE,Delhi,Uttar Pradesh,282007,,,8979643959,acountamsshoelast@gmail.com,
245,Anaemica Art Centre,,,,Delhi,Delhi,,,,,,
246,Anam Exports (Cnb),"88/383, Chaman Ganj,, -208001 U P, 512-2548239",,,Delhi,Uttar Pradesh,208001,,,,,
247,Anand Cutting Profiles Private Limited  (Ggn),"NO 279, PHASE-II, UDYOG VIHAR,  - 122016 9311177055/9811177055",,,Delhi,Haryana,,,,,,
248,Anand CY Myutec Automative Pvt Ltd (Ggn),"Plot No.-63, IDC, Sector-14,, Gurgaon-122001",,06AAACC0368E1Z5,Delhi,Haryana,122001,Mr. Birender Singh,,,birender.singh@anandgroupindia.com,
249,Anand Leathers (Faridabad),"F-109 D L F Sector-10, Faridabad, HARYANA-121006",,,Delhi,Haryana,,,,,,
250,Anand Motor,,,,Delhi,Haryana,,,,,,
251,Anand Motor Products Pvt Ltd ( Ggn ),"38, Km Stone, Nh-8, Khandsa ,  122001, 0124 221 2101",,,Delhi,Haryana,122001,Rate Confirm by B K Singh,22.1.2015,,,
252,Anand NVH Products,,,,Delhi,Haryana,,,,,,
253,Anand Polymers (Sonipat),"Plot-156 Sector-56 Phase-5, Gsiidc Industrial Area Sonipet, Harayana",,,Delhi,Haryana,,,,,,
254,Anbit International,,,,Delhi,Uttar Pradesh,,,,,,
255,A N Chemicals (Cnb),", , 9794480762",,,Delhi,Uttar Pradesh,,Mr. Ashif,,9794480762,,
256,Anees Ahmed,,,,Delhi,Delhi,,,,,,
257,A.N Enterprise,,,,Delhi,Tamil Nadu,,,,,,
258,A N Exports,,,,Delhi,Tamil Nadu,,,,,,
259,Angoor Lamination,,,,Delhi,Delhi,,,,,,
260,Anha Exports (Agc),"C-32, Site-C, UPSIDC, Industrial Area,, Sikarandra, -282007, Uttar Pradesh, Anhaexports@yahoo.Com",,,Delhi,Uttar Pradesh,282007,,,,,
261,ANH Leathers,,,,Delhi,Tamil Nadu,,,,,,
262,Anita Diaries,,,,Delhi,Delhi,,,,,,
263,Anjana Exports Pvt. Ltd (Hwh),"Room No. 2, 2nd Floor 23A N. S. Road,, Calc, -700001, 9831257016, Anjanaexpo@gmail.Com",,,Delhi,West Bengal,,,,,,
264,Anjani Varshnay,Gurgoan,,,Delhi,Haryana,,,,,,
265,Anjum Tanners,"Plot No- 39/A, SIPCOT, INDUSTRIAL COMPLEX, Ranipet,",,,Delhi,Tamil Nadu,,,,,,
266,Ankit International,,,,Delhi,Uttar Pradesh,,,,,,
267,Ankit International (Agc) Prop. Ankit Marwah,"Block No. 11, Shop No. 10, Sanjay Place,, Agra-282002",,09AILPM9250F1ZX,Delhi,Uttar Pradesh,282002,Mr. Ankit Marwah,562-4006456,9897257888,ankitmarwah21@gmail.com,
268,Anksu Tech / Uttam Polyrubs,Bhiwandi,,,Delhi,Maharashtra,,,,,,
269,Ankur (Hwh),", ",,,Delhi,West Bengal,,,,,,
270,A.N Leathers Pvt Ltd,Agra,,,Delhi,Uttar Pradesh,247001,,,,,
271,Anmal Enterprises,,,,Delhi,Delhi,,,,,,
272,ANM International (Ggn),"Plot No:99, Sector 6 Imt, Manesal Gurgaon, Haryana",,06AHWPS1204M1ZW,Delhi,Haryana,,Mr. Balram Yadav,,9899738951,accounts@anminternational.com,
273,Anmol Enterprises (Age),"A-5, Kripa Dham Appartment, Kripa Dham Complex, Taj View, Crossing, Taj Ganj,, Agra, Uttar Pradesh, 282001, India",,,Delhi,Uttar Pradesh,,,,,,
274,Annai Associate,"Chrompet,, Chennai",,,Delhi,Tamil Nadu,,,,,,
275,Anne Print Solutions (OKHLA),"B-32, Okhla Industrial, Area.Phase -1, ,  110020, M-9911344386 and 011-405255878",,,Delhi,Delhi,,,,,,
276,Anshveer Overseas (Cnb),"Plot No-32(6) Koylanagar Daheli Sujanpur, Kanpur-208011",ATEPS1941H,09ATEPS1941H1ZI,Delhi,Uttar Pradesh,208011,Mr. Pravesh Srivastava,,7317 009 001,office.anveroin@gmail.com,
277,Ansun Multitech (India) Ltd. (Okhla),"B-123, Okhla Industrial Area, Phase-I, - 110020",,,Delhi,Delhi,,,,,,
278,Antique Leather,Ranipet,,,Delhi,Tamil Nadu,,,,,,
279,Antler,"No-62, Sidco Industial Estate, Ranipet--632403",,,Delhi,Tamil Nadu,632403,,,,,
280,Anu Industries Ltd (Ggn),"102-103, Phase-IV, Udyog Vihar , -122015, 124-4801400, Info@anuindsutries.Com",,,Delhi,Haryana,122015,,,,,
281,{Anu Industries Ltd ( Ggn ) Old},"102-103, Phase-IV, Udyog Vihar , -122015",,,Gurgaon,Haryana,122015,,,,,
282,Anu Industries Ltd (IMT Manesar) (Ggn),"Plot No. 52, Sector-3, IMT Manesar -122050, 124-4801500/4215330, Aalpl@del3.Vsnl.Net.in",,,Gurgaon,Haryana,122050,,,,,
283,Anuj Enterprises,,,,Agra,Uttar Pradesh,,,,,,
284,Anupam Exports (Ndl),,,,Delhi,Delhi,,,,,,
285,Anupam Lace,,,,Agra,Uttar Pradesh,,,,,,
286,Anurag Mishra,,,,Bangalore,Karnataka,,,,,,
287,Anurag Sales,,,,Agra,Uttar Pradesh,,,,,,
288,Anushree Agarwal,,,,Kolkata,West Bengal,,,,,,
289,Apex International (Noida),"C-31 Sector -65, Noida-49",,09AAHPV7918D1ZA,Noida,Uttar Pradesh,,,,,,
290,Apexo Exports ( Gng ),,,,Gurgaon,Haryana,,,,,,
291,A. P. Exports,"Branch Office No-71,Sidco, Industrial Estate,, Sipcot, Ranipet.",,,Ranipet,Tamil Nadu,,,,,,
292,Apex Trading (Cnb),", , 8317040397",,,Kanpur,Uttar Pradesh,,,,,,
293,A P Leathers Co Pvt Ltd (KB),"3704/17 Hardhian Singh Road, Karol Bagh New Delhi-110005",,07AAJCA3427H1ZS,Delhi,Delhi,110005,Mr. Ashok,,9711971188,,
294,Apollo International (Hwh),", ",,,Kolkata,West Bengal,,,,,,
295,Apollo International Limited (Noida),"B-21, Sector-65, Noida-201301",,09AAACA6447N1ZA,Noida,Uttar Pradesh,201301,Mr. A K Aggarwal,120-4608300/2406630,9818393047,apollo@apolloleather.com,
296,Apparel Ltd,"Bhiwandi, Mumbai",,,Mumbai,Maharashtra,,,,,,
297,April Sourcing Pvt Ltd,"Unit No. 21 A & B, 20B, Tower B2 Spaze I Tech Park, Sector-49 Sohna Road, , -122002, 0124 4675700, Manish@aprilsourcing.Com/monica@aprilsourcing.Com",,,Gurgaon,Haryana,122002,,,,,
298,Apurva Creation P Ltd,Noida,,,Noida,Uttar Pradesh,,,,,,
299,Apurva Creations Pvt Ltd (Noida),"F-430, Sector - 63,  Noida-201301",,09AAICS7290K1ZN,Noida,Uttar Pradesh,201301,,120-4123701/2,9971073610,,
300,A & Q,,,,Chennai,Tamil Nadu,,,,,,
301,Aqqa Export (Agc),"18/27 Nazeer Park Tajganj Agra, Pin Code-282001",,09AAOFA1451F1ZL,Agra,Uttar Pradesh,282001,,,9319590999,aqqaexport@gmail.com,
302,Aqsa International,,,,Vaniyambadi,Tamil Nadu,,,,,,
303,Aquent Impex India Pvt Ltd,Bhiwandi,,,Bhiwandi,Maharashtra,,,,,,
304,Aquib Jamal (Cnb),"426/2 , , 9559592271",,,Kanpur,Uttar Pradesh,,,,,,
305,Arabinda Packagings & Machinery (P) Ltd ( Hwh ),"No. 108/3/1, Kashinath Chatterjee Lane, Shibpur, Mandirtala,  - 711102 , India, 8048426498",,,Kolkata,West Bengal,711102,,,,,
306,Arbind Footwear,,,,Kanpur,Uttar Pradesh,,,,,,
307,Archana Footwear,,,,Delhi,Delhi,,,,,,
308,Archana Footwear (Ndls),"11832 Sat Nagar Karol Bagh, New Delhi-110005",,,Delhi,Delhi,110005,,,9811473522,,
309,Archee Group Contracts Pvt Ltd (Hyb),,,,Hyderabad,Telangana,,,,,,
310,Arcot Soles,,,,Ambur,Tamil Nadu,,,,,,
311,Ardy2m Design Studio Pvt Ltd (Bom),"Unit 8 & 9, Evergreen Ind Estate,, Shakti Mill Lane, Mahalaxmi, -400011, 22-24971189/87, Shipping@ardy2m.Com",,,Mumbai,Maharashtra,400011,Ms. Rashmi,,,shipping@ardy2m.com,
312,Areeb Metal Works (Bom),"No- 03, Ground Floor, Patra Chawl No 6,, Badlu Rangari Street, Madanpura,, Mumbai-400008",,27ARWPS8147D1Z2,Mumbai,Maharashtra,400008,,,9967616786,yunus@unitymetalworks.com,
313,A R Enterprises (Ndls),"4731/47, Hardyan Singh Road,, Karol Bagh, New Delhi-110005",,07AGQPL3243E1ZF,Delhi,Delhi,110005,,,,,
314,Arfa Shoe,,,,Ambur,Tamil Nadu,,,,,,
315,Arfa Shoes,,,,Chennai,Tamil Nadu,,,,,,
316,A R Fittings (Cnb),88-470 Chaman Ganj Kanpur,,,kanpur,Uttar Pradesh,,,,,,
317,Argon Engineering Ltd (Hwh),,,,Kolkata,West Bengal,,,,,,
318,Arham Knitwear (Hwh),"119 A M G Road, , M-9476275143",,,Kolkata,West Bengal,,,,,,
319,Aria International (Faridabad),"D-2/436 Shiv Darga Vihar, Lakkarpur   Faridabad City, Faridabad, 121009",,,Faridabad,Haryana,,,,,,
320,Aribah Leather,Ranipet,,,Ranipet,Tamil Nadu,,,,,,
321,Arien Metals Pvt Ltd (Noida),"C-7 Sec-80 Noida-201301, Uttar Pradesh (U P)",,09AACCA7070R1Z3,Noida,Uttar Pradesh,201301,,,,rajattomar999@gmail.com,
322,Arif & Sons (Cnb),"175/A, Ganga Vihar, KDA Colony, Jajmau,, Kanpur-208010",,09AATFA4754E1Z6,kanpur,Uttar Pradesh,208010,,0512 240 3257,"8960443488, 9936161313",danish.arifsons8989@gmail.com,
323,Arihant Enterprises (Hwh),,,,Kolkata,West Bengal,,,,,,
324,Aristo Leather,,,,Chennai,Tamil Nadu,,,,,,
325,Arkay Industries (Agc),"C- 22, Foundry Nagar, Agra - 282006",,09AADPA2858H1ZU,Agra,Uttar Pradesh,282006,,,9358398512,,
326,Arkay Leather,,,,Chennai,Tamil Nadu,,,,,,
327,A.R Leathers,,,,Chennai,Tamil Nadu,,,,,,
328,Armaan Kapur,,,,Delhi,Delhi,,,,,,
329,Armani SPA,Noida,,,Noida,Uttar Pradesh,,,,,,
330,Arora Agency (Agc),"Shop No-18-19-20,Blok-19-C, Agra",,09ADSPR2975A2Z3,Agra,Uttar Pradesh,282002,,,,aroraagencyagra@gmail.com,
331,Arora International (Jhajjar),"Durina Industrial Area,, Jhajjar Gurgaon Road, Jhajjar-124103",,06AAHPA3369F1Z0,Gurgaon,Haryana,124103,,,9811085961,arorainternational12@gmail.com,
332,Arora Plastics (NDLS),"O-261, Sector 1, Bawana Industrial Area, -",,,Delhi,Delhi,,,,,,
333,A R POLYMERS Pvt. Ltd (Cnb),"105, Chandarlok Complex,, 26/72-D, Birhana Road ,,  (U.P.) - 208 001, 9005094903, 9005094917, Info@arp.Org.in",,,Kanpur,Uttar Pradesh,208001,,,,,
334,Arrow Shipping,,,,Chennai,Tamil Nadu,,,,,,
335,A.R.S. Buckles ( Mumbai ),,,,Mumbai,Maharashtra,,,,,,
336,ARS Global,,,,Agra,Uttar Pradesh,,,,,,
337,Arthur Turnkey Projects Ltd. (Hwh),"4-H, Electronic Centre, 4th Floor,, 1/1A, Biplabi Anukul Chandra Street,, Kolkata - 700 072, West Bengal, 9830070909, Ektawal@gmail.Com",,,Agra,Uttar Pradesh,,Ms. Ekta Agrawal,,9830070909,,
338,Arunav Ghosh (Hwh),West Bengal - 43,,,West Bengal,West Bengal,,,,,,
339,Arunav Ghosh (WB),West Bengal - 43,,,West Bengal,West Bengal,,,,,,
340,Arun Electronice ( Ndls ),"A- 11, L S C Padam - Nager, Kishan Gang, Behind- Post, Office -  - 11007, Ph - 9810262628 < 9911009009",,,Delhi,Delhi,,,,,,
341,Arun Shree International (Agc),"36, Surya Nagar, Agra, Pin Code 282002",,09AADHA8135R1ZS,Agra,Uttar Pradesh,282002,,,9897518011,pulkit.maggan@gmail.com,
342,Arvind Footwear,,,,Kanpur,Uttar Pradesh,,,,,,
343,Arvind Footwear Pvt Ltd (Cnb),"E-56, Panki Site-3, Panki Industrial Area,, Kanpur - 208022, (0512) 2692518, (0512) 2692520-22/9936262696, Arvind@arvico.Com",,,kanpur,Uttar Pradesh,,,,,arvind@arvico.com,
344,Arvind Lifestyle Brands Ltd ( Sbc ),"DU PARC TRINITY, 10TH FLOOR NO 17",,29AAACH7252A1ZV,Bangalore,Karnataka,560001,,,,,
345,Arvind Limited (Sbc),"#26/2 ,27/2, Kenchenahalli Mysore Road,, Near Bangalore University,, Bangalore – 560 059",,29AABCA2398D1ZQ,Bangalore,Karnataka,560059,,,9997774419,,
346,Arvind Soneja,,,,Gurgaon,Haryana,,,,,,
347,Arvin Soneja (Ggn),,,,Gurgaon,Haryana,,,,,,
348,Aryavrata Consultants (Ndls),"B-27, Ansal Chamber 1, 3 Bhikaji Cama Place, New Delhi,110066, Tel 011-41098264",,07ABIFA1632P2Z8,Delhi,Delhi,110066,,,,,
349,Asaa Leather Company,"4760 Gali No-46 Hardhiyan Singh Road, Raghar Pura Karol Bagh  -110005",,,Delhi,Delhi,,,,,,
350,Asa Kazingmei (Bom),"Shop No. S/29, 2nd Floor,, Link Square Mall, 33rd Linking  Road,, Bandra (W), Mumbai-400050",,27DTIPK4552F1ZK,Mumbai,Maharashtra,400050,Mr. Asa Kazingmei,,9769813394,kazingmei48@gmail.com,
351,Asb Consultancy,,,,Mumbai,Maharashtra,,,,,,
352,Aschberg Retail Pvt Ltd (Sbc),"Crescent Jahushan, #13, 12th Cross, Jayamahal Extension,, Nandidurga Road, Bengaluru-46",,29AAPCA8509A1ZL,Bangalore,Karnataka,560046,Mr.Mohammed Irfan,,91 99805 11770,irfan.aschberg@gmail.com,
353,Ascot International (Agc),"809 , Bye Pass Road , Near Lawyer'S Colony,  - 282005, 562-2531301, Ascotshaikh@gmail.Com",,,Agra,Uttar Pradesh,282005,,,,,
354,Aseer Leather & Crafts,Chennai,,,Chennai,Tamil Nadu,,,,,,
355,ASG Leather Pvt Ltd (Hwh),"Plot No. 903A, Zone-10, Kolkata",,19AAECA1796L1Z7,Kolkata,West Bengal,,,,,,
356,Ashi Exports ( Noida ),"B-9 & 10, Sector-16, Noida-201301, Uttar Pradesh",,09AEEPM4268G2ZA,Noida,Uttar Pradesh,201301,,,9810291179/9868597094/9810291174,,
357,Ashirwad Footcare (Agc),"68, Chanakya Puri, 1st Floor,, Manas Nagar, Shahganj,, Agra-282010",,09AIZPG1913F1Z3,Agra,Uttar Pradesh,282010,,562-4061178,9760433553,goombersaurabh@gmail.com,
358,Ashirward Footcare,,,,Agra,Uttar Pradesh,,,,,,
359,Ashis Bhat (Ndl),,,,Delhi,Delhi,,,,,,
360,Ashish Automotives,,,,Gurgaon,Haryana,,,,,,
361,Ashish Automotives Pvt Ltd (Ggn),"Kataria Potteries Complex, Daulatabad Road, Industrial Area,, Gurgaon, Haryana 122001",,06AAACA7799P1ZV,Gurgaon,Haryana,122001,,,,,
362,Ashoka Textiles (Agra),"Near Tehera Gate, Fatehpur Sikri,, Agra 283110",,09FAQPS2651A1ZH,Agra,Uttar Pradesh,283110,,,,,
363,Ashok Leather Enterprises ( Noida ),"E-82, Sector-63, Noida, 9818058072",,09AHZPM8615P1Z2,Noida,Uttar Pradesh,,,,,,
364,Ashok Mahato (Ndls),"Joint Secretary, FCI Workers, Union, 8585, Arakashan Road, Pahar Garnj, New Delhi-110055",,,Delhi,Delhi,110055,,,,,
365,Ashok Trading Co,,,,Delhi,Delhi,,,,,,
366,Asia Industries,,,,Delhi,Delhi,,,,,,
367,Asia Industries (New Delhi),"582 Gali No-52, Jafabad New Delhi-110053",,07AAVPI6260K1Z5,Delhi,Delhi,110053,,,,,
368,Asian Exports (Cnb),"79/4, Latouche Road, Kanpur",,09AFUPK6292D1ZX,kanpur,Uttar Pradesh,208001,,,8808070010,atul@asianexports.com,
369,Asian Leather Pvt Ltd (Hwh),"Asian House, E M Bypass, New Ballygunge, Kasba, ,  700107",,,Kolkata,West Bengal,,,,,,
370,Asian Leathers,Vaniyambadi,,,Vaniyambadi,Tamil Nadu,,,,,,
371,Asian Soles Private Limited (Noida),"C-52, 53, 
Sector - 6, Noida 201301
India, -09871090065, Info@asianmerchantile.in",,,Noida,Uttar Pradesh,,,,,,
372,Asian Soles Pvt Ltd,Noida,,,Noida,Uttar Pradesh,,,,,,
373,Asia Traders (Ndls),"308/4/14, Shahzada Bagh, Inderlok,, Delhi",,07AAFPZ4510M1ZB,Delhi,Delhi,110035,,,,,
374,Asia Trading,,,,Delhi,Delhi,,,,,,
375,A S International (Hwh),"15A/1, Gulam Jilani Khan Road, Topsia, Block- C, Kolkata-700039, 9903612531, Mshams85@hotmail.Com",,,Kolkata,West Bengal,,,,,,
376,Asma Exports (Hwh),"30/3, Broad St, Park Circus, Ballygunge, Kolkata-700019",,19AGEPP6742Q1ZJ,Kolkata,West Bengal,700019,,,9831817603,,
377,Aspee Sons,,,,Gurgaon,Haryana,,,,,,
378,ASP Fabrics (Agc),"Agra, Uttar Pradesh",,09AATFA4768L1ZL,Agra,Uttar Pradesh,,,,9045613092,pankaj.saxena772@gmail.com,
379,A.S.Shoes (Agc),"33/268, Jatpura, Lohamandi,, Agra-282002 (India)",,09AAGFA4951N1Z1,Agra,Uttar Pradesh,282002,Mr. Amir,0562 2512400,8191007505,asshoes@gmail.com,
380,A.S Shoes (Bom),"Hirji Govindji, Building No. 2/12, Sir J.J. Road,, Nagpada, Opp. R & C Company,, -400008, 7021628173/9172175142/9833560934, A.S.Shoes@hotmai.Com",,,Mumbai,Maharashtra,400008,,,,a.s.shoes@hotmail.com,
381,Assorted Collection,"31/281/ C--A/ 1, SAUDAGAR YUNUN BUILDING, Sadar Batti, Collectrate Road,Agra",,,Agra,Uttar Pradesh,282010,,,,,
382,ASS Umar Enterprises (Agc),"24/45, Tilak Bazar, , 9319555247/8979128825",,,Agra,Uttar Pradesh,,,,,,
383,Astormueller Shoes Pvt Ltd (Agc),"Site-C, Plot No:C-32, Indsutrial Area,, UPSIDC, Sikandra, Agra-282007",,09AAGCA3756L1ZA,Agra,Uttar Pradesh,282007,Mr. Sanjay Mishra,,,sanjay.mishra@astormueller.in,
384,Astormueller Shoes Pvt Ltd (Sbc),"1371/62, 6th Cross, 2nd Stage BTM Layout,, Belekahalli, Bengaluru - 560076 Karnataka India",,29AAGCA3756L1Z8,Bangalore,Karnataka,560076,Ramesh Reddy,80-26684254,,Ramesh.Reddy@astormueller.in,
385,A.Suhail Ahmed,,,,Vaniyambadi,Tamil Nadu,,,,,,
386,A T Enterprises (Hwh),Kolkata,,,Kolkata,West Bengal,,,,8100133900,,
387,A.T.Exports,Agra,,09AADFA7822QCZM,Agra,Uttar Pradesh,,,,,,
388,A. T. Exports (Agc),"Bodla, Bichpuri Road, Agra-282007",,09AADFA7782Q2ZM,Agra,Uttar Pradesh,282007,Mr. Shashank Agarwal,0562-2275721/2275224,,mail@atexports.com,
389,Atharva Enterprises (Pune),"2128, Sadashiv Peth, Vijayanagar Colony  ,411030, 20 24334974",,,Pune,Maharashtra,411030,,,,,
390,Atlantic Impex  (Okhla),F-56 Okhla Phase-1 -110020,,,Delhi,Delhi,,,,,,
391,Atmaram Technowelts,,,,Agra,Uttar Pradesh,,,,,,
392,Atmaram Technowelts (Agc),"D-8, Site-A, UPSIDC, Sikandra,, Agra, Uttar Pradesh, (INDIA)",,09AABFA8363M1Z2,Agra,Uttar Pradesh,,,562-2640164,9837043450,atmaramindia@sancharnet.in,
393,Atreya International Pvt Ltd (Ndls),"C-147 Mayapuri Industrial Area, Phase-2, New Delhi-110064",,07AAMCA6084F1ZI,Delhi,Delhi,110064,,,,,
394,A T S Overseas (Ndls),"6528/ 9 Hardhian Sing, Karol Bagh,, New Delhi.",,07AADCA6216G1ZZ,Delhi,Delhi,110005,,,,,
395,Auish Global (Ndl),,,,Delhi,Delhi,,,,,,
396,Aura Plastic,,,,Delhi,Delhi,,,,,,
397,Authentic Team Leather Pvt Ltd (Ggn),"356, Udyog Vihar,  Pace City, Sector-37, Phase-6,  - 122016, , 124-4275557, 4275559",,,Gurgaon,Haryana,122016,,,,,
398,Auto International India,,,,Gurgaon,Haryana,,,,,,
399,Automotive Insulations Pvt Ltd ( Ggn ),"84 Km Stone,  Jaipur Highway,  Vill-Panchore, P O Raliyawas,  Rewari-123401 ( Haryana )",,,Jaipur,Delhi,,,,,,
400,Avanitika International (Ndls),"E-91 Swati apartment 22 I P Extension, Patper ganj New delhi",,,Delhi,Delhi,110092,,8130744566,9818499632,,
401,A.V.Enterprises,,,,Agra,Uttar Pradesh,,,,,,
402,A V Enterprises (Hwh),"Plot No- 29 & 30, Udsyan Industrial Estate, 3, Pagladanga Road, Kolkata-700015",,19AANFA0683M1ZV,Kolkata,West Bengal,700015,,,9830065611,sk@goodwayindia.com,
403,Avils Automations,,,,Chennai,Tamil Nadu,,,,,,
404,Avish Global (Ndls),"B-271, 1st Floor, Church Street,, New Ashok Nagar, Delhi-110096",,07AAQFA3167J1Z5,Delhi,Delhi,110096,,11-22713278,9958695997/9871179336,Account1@avishglobal.com,
405,Avisons Exports (Agc),"13/3 Charbagh Shahganj, Fatehpur Sikri Road, Agra-282010",,09AJEPM2632D1ZI,Agra,Uttar Pradesh,282010,,0562 - 2213073,,info@aviexports.com,
406,Avi Worldwide Pvt Ltd (Bom),"201, Bhagtani Krishang, A-Wing, Dattatray, Road, Santacruz (West), -400054, Rakesh.Shukla@aviworldwide.in, 7738532790",,,Mumbai,Maharashtra,400054,,,,,
407,Avm Sales (Karol Bagh),"4/1 W F A Karol Bagh, New Delhi-110005",,07AFDPM3914R1Z0,Delhi,Delhi,110005,,09899756376,,,
408,Avm Technology,Noida,,,Noida,Uttar Pradesh,,,,,,
409,AVN PLASTICS & RUBBER,"Plot No.1 Opp. 1st Lane Main Patuadi Road, Kadipur Industrial Area, ",,,Gurgaon,Haryana,,,,,,
410,A V N Plastics & Rubber { Ggn},"Plot No.1 Opp. 1st Lane Main Patuadi Road, Kadipur Industrial Area, Gurgaon-122001",,06AAWPN0318G2ZM,Gurgaon,Haryana,122001,,,,,
411,A V Overseas (Agc),"Plot No.3, Anil Metal Compound,, Bodla Bichpuri Road,, Agra-282007",,09AAUFA5073B1ZD,Agra,Uttar Pradesh,282007,,,8006002000,avoverseas11@gmail.com,
412,Awais Enterprises  (Hwh),,,,Kolkata,West Bengal,,,,,,
413,Awat Logistics,,ALNPP0294R,,Delhi,Delhi,,,,,,
414,Ayaan Enterprises (Cnb),"341/314, A-1, Manohar Nagar,, Jajmau, Kanpur-208010",,09AGVPA4072F2Z9,kanpur,Uttar Pradesh,208010,,,9839107323,ayaan.417@gmail.com,
415,Ayan Exports (Agc),"5/157, First Floor, Vikas Sheel Bharat Compound,, Transport Nagar, Agra,",,09ACFPG9939HIZB,Agra,Uttar Pradesh,282007,,,,,
416,Aykai Designs (New Delhi),"No-6 Mangala Apartment  G Block, Kalka Ji -110019, Aykaidesigns@gmail,Com, M-9810373334",,,Delhi,Delhi,,,,,,
417,Ayman Overseas Pvt Ltd ( Noida ),"D- 75, Hosiery Complex,  Phase - 2,  Noida",,,Noida,Uttar Pradesh,,,,,,
418,Ayra  Enterprises (Agc),"5/71, Teela Gaj Singh, Opp-, Taj Cinema Hing Ki Mandi,, Agra-282003",,09AHYPA0099A1ZC,Agra,Uttar Pradesh,282003,,,9634991461,zubairshamsi20@gmail.com,
419,Aysha Tanning Industries (Hwh),", , 8820093397/ 9051842622, Prismexp@hotmail.Com",,,Kolkata,West Bengal,,,,,,
420,Ayush Pande,New Delhi,,,Delhi,Delhi,,,,,,
421,Ayyapa Impex,,,,Delhi,Delhi,,,,,,
422,Ayyapan Impex,,,,Delhi,Delhi,,,,,,
423,Ayyappa Enterprises,Chennai,,,Chennai,Tamil Nadu,,,,,,
424,Ayyappa Impex Pvt Ltd (New DelhI),"409  Manglam Paradise: Malls, Sector-3 Rohini, , 110085, Apurva @ayyappa Impex@.Com, Nitin Kumar M-08010340206",,,Delhi,Delhi,,,,,,
425,Ayyappa Packaging,,,,Chennai,Tamil Nadu,,,,,,
426,A Z Enterprises  (Hwh),"88 A, Topisa Road,, Kolkata - 700039",,19AMQPP6134N1Z6,Kolkata,West Bengal,700039,,,8420324100,azenterprise7@gmail.com,
427,Azhar Leathers,"No-3-A, Jalalpet, 2nd Street, Ambur-635802",,33AAHFA4958N1Z2,Ambur,Tamil Nadu,635802,,,9952237005,azharleather07@gmail.com,
428,A.Z.Leather,,,,Kolkata,West Bengal,,,,,,
429,Aztoch India,"21 Barakhamba Road, ",,,Delhi,Delhi,,,,,,
430,Baashiq Overseas,Chennai,,,Chennai,Tamil Nadu,600003,,,,,
431,Bab Leather,,,,Chennai,Tamil Nadu,,,,,,
432,Bab Leather Products Intl,"Plot No-- 162 &163, Sidco Ind Estate, Chennai,",,,Chennai,Tamil Nadu,600044,,,,,
433,Bacca Bucci Fashions Pvt Ltd (Ndls),"No-152, Gazipur Industial Area, Near EDMC School,, New Delhi,, Delhi--110096",,07AAGCB3516R1ZB,Delhi,Delhi,110096,,,,,
434,Baco Metallic Industries ( Noida ),"D-31, Sector - 59, Noida Ph#0120-2580231 Mr. Santosh Ji",,09AAAFB4708L1ZF,Noida,Uttar Pradesh,,,,,,
435,Baco Metallic Industries Unit-III (Noida),"J-39, Sector-63, Noida, Uttar Pradesh",,,Noida,Uttar Pradesh,,,,,,
436,Badra Footwear,,,,Mumbai,Maharashtra,,,,,,
437,Badra Footwear (Bom),,,,Mumbai,Maharashtra,,,,,,
438,Badruddoja& Sons (Hwh),"Plot No-531 Karaidanga Parganas, Kolkata-743502",,19AAHFB9530D1ZI,Kolkata,West Bengal,743502,Jishan,,9837719055,jamilenterprise@gmail.com,
439,Bagline Inc (Ndls),"C1/1GF Prem House, Middle Circle Connaught Place, New Delhi-110001, Ph No-011-23411334",,,Delhi,Delhi,,,,,,
440,Bagya Leather,,,,Chennai,Tamil Nadu,,,,,,
441,Bagzone Lifestyle Pvt Ltd ( Bom ),"Terminal 2-B, Sahar Road, Andheri East,   - 400099, 9769210664, .T2bc@samsonite.Co.in",,,Mumbai,Maharashtra,400099,,,,,
442,Bahadur Tanning ( Hwh ),,,,Kolkata,West Bengal,,,,,,
443,Bajaj Autoways (Ndls),"B-65, Wazirpur Industrial Area,, -110052, 9810304795",,,Delhi,Delhi,110052,,,,,
444,Bajaj Dreamz ( Noida ),"E 34, Sec 56,  Noida Ph#9810781536",,,Noida,Uttar Pradesh,,,,,,
445,Bajaj Rubber Company,,,,Delhi,Delhi,,,,,,
446,Balaji Apartments (Ndls),"Plot No. 7, Sector-3, Dwarka, -110075, 9312222859",,,Delhi,Delhi,110075,,,,,
447,Bala  Pritam Agancies (New Delhi),"26/158 Block -26  West Petal Nagar, New Delhi-110008",,07BVXPS6299G1ZF,Delhi,Delhi,10008,,,,,
448,Bal Raj Chadha & Sons (Ndls),"34 B D State Mall Road, New Delhi-54",,07ACQPC2872G1ZJ,Delhi,Delhi,,,,,,
449,Bandejjia Traders (Agc),"Near Sherjung Ki Dargah, Agra Mathura Road,, Agra-282001, Uttar Pradesh",,09AADFB2389Q1ZT,Agra,Uttar Pradesh,282001,Mr. Vivek Kumar Gupta,,9358399360,vvkgupta@gmail.com,
450,Banox Exim Pvt Ltd (Ggn),"Plot No.19, Sector-4,Imt Manesar,, Gurgaon, Haryana 122051",,06AACCB5512F1Z6,Gurgaon,Haryana,122051,Mr.  Sharad,,828-525-7333,sharad@banox.in,
451,Barad Dur Tannery (HWH),,,,Kolkata,West Bengal,,,,,,
452,Barrina Impex (India) Pvt Ltd (NDLS),"A-90New Friends Colony, -110025, Mob NO-9810028828, Kulbeer Singh Kharbanda",,,Delhi,Delhi,,,,,,
453,Basant Enterpreneur Pvt Ltd ( Agc),"C - 34 Foundry Nagar,  - 282006. Up, Phone - +91 96508 16665, Mittalint@yahoo.Com",,,Agra,Uttar Pradesh,,,,,mittalint@yahoo.com,
454,Basant Export (Noida),"C-19 Sector-57 Noida Gautam Bhdha Nagar, Noida -201301",,09AAAFB8261C1ZQ,Noida,Uttar Pradesh,2010301,,,,,
455,Basant India Inc ( Noida ),A-09-Sector - 63 Noida -201301,,09AABFB6966F1ZB,Noida,Uttar Pradesh,201301,,,9873772345,,
456,Basant Overseas (Agc),"Opposite Amar Ujjala, Bypass Road, Bypass Road, Agra, Uttar Pradesh 282003",,09AAAFB8625Q1ZX,Agra,Uttar Pradesh,,,0562-2602331,,account@basantoverseas.com,
457,Bata India ( Hwh ),,,,Kolkata,West Bengal,,,,,,
458,Bata India Limited (Ggn),. ,,,Gurgaon,Haryana,,,,,,
459,Bata India Ltd (Hosur),"Plot No. 73 & 74 Sipcot Industrial, Complex Phase-1, Hosur",,33AABCB1043Q1ZT,Chennai,Tamil Nadu,,Mr. S. Biramadass,,08508019985,biramadass.s@bata.com,
460,Bayham India Pvt Ltd (Ndls),"Gel Tower Plot No-16 Sector -20 Dwarka, New Delhi-",,07AAACG9397D2ZD,Delhi,Delhi,110075,,,,,
461,Bazaar Konnections ( Ggn ),"Plot No. 369, Udyog Vihar,, Phase- VI,, Sector-37, Gurgaon, Haryana 122001",,06AAIFB9118J1ZB,Gurgaon,Haryana,,,,,accounts@bazaarkonnections.com,
462,BBM Enterprises,Noida,,,Noida,Uttar Pradesh,,,,,,
463,B B M Lifestyles  Pvt Ltd (Noida),"A-158-159 Sector-83, PHase-11 Extn .Noida-201305",,09AADCB5820D1Z0,Noida,Uttar Pradesh,2010305,,,,,
464,BB Ventures (Agc),"No. 2/367, Durga Building Cantt Station Road,,  - 282001 Uttar Pradesh, India, 9990640100",,,Agra,Uttar Pradesh,282001,,,,,
465,BCM Enterprises (Cnb),"104-A, P.Road, Ram Bagh, Kanpur - 208012",,09AFTPK8496E1ZM,kanpur,Uttar Pradesh,208012,,,9795272272,info@bcmsaddlery.com,
466,Beanstalk Hospitality Private Limited (Bom),,,,Mumbai,Maharashtra,,,,,,
467,Beauty Wears (Ggn),"Plot 852 Phase 5, Udyog Vihar ,  122016, 0124 403 4852",,,Gurgaon,Haryana,122016,,,,,
468,Bee Luxe Pvt Ltd (Sbc),"No 39 1st Main 4th Phase, Yelahanka New Town, Bangalore 560064",,29AAVCS5684A1ZR,Bangalore,Karnataka,560064,Mr. Diwan,080 - 2573 3838,09341008281,diwan@beeluxe.in,
469,Belco Leathers,"75/13, Perianna Maistry St,, Chennai",,,Chennai,Tamil Nadu,600003,,,,,
470,Bellissimo Accessories OPC Private Limited,"C-196 Pandav Nagar Opp Mother Diary, -110092",,,Delhi,Delhi,,,,,,
471,Bentley Overseas (Agra),"Plot No.47, Narain Vihar,, Sikandra, Agra-282007",,09AELPG8055N1ZU,Agra,Uttar Pradesh,282007,,,,,
472,Bespoke Tailored Leather Pvt Ltd (Ndls),"House NO-5 Master Colony Tughlakabad, Village New Delhi-110044",,07AAFCB8807N1Z8,Delhi,Delhi,,,,9278482084,,
473,Best Tanning Industries Pvt. Ltd (Cnb),"16-B, 150 Feet Road, Jajmau,, Kanpur- 208010,U.P. (India), 512 - 6554206/9473-575-055, Info@btipl.Com/abdullah@btipl.Com",,09AABCB7036K1ZJ,kanpur,Uttar Pradesh,208010,,,,,
474,Bhagat Aromatics Ltd ( Noida ),"A-76, Sector-57, Noida",,,Noida,Uttar Pradesh,,,,,,
475,Bhagwan Singh Tandon,Noida,,,Noida,Uttar Pradesh,,,,,,
476,Bhagwan Singh Tandon( Noida),"E-59 , Sectore-7 ,Noida",,,Noida,Uttar Pradesh,,,,,,
477,Bhagwati Plastic India (Agc),"6, Girrajpuri Foundry Nagar, Shobha Nagar,, Near Jagdamba Degree College,,  - 282003, 562-3292524/2348500, Bhagwatiplast@yahoo.Co.in",,,Agra,Uttar Pradesh,282003,Mr. JATIN AGGARWAL (PROPRIETOR),,9837062048,bhagwatiplastagra@yahoo.co.in,
478,Bhagwati Plastics,,,,Agra,Uttar Pradesh,,,,,,
479,Bhagya Shree Pvt Ltd,,,,Bangalore,Karnataka,,,,,,
480,Bharat Enterprises,N.Delhi,,,Delhi,Delhi,,,,,,
481,Bharat Enterprises ( Ggn ),"Address: 189, Udyog Vihar, Phase I,, Gurgaon-122016",,06AAAFB3050H1Z1,Gurgaon,Haryana,122016,,124-4992600,,accounts.ggn@bharatenterprises.net,
482,Bharat Expo International (Ggn),"189,Udyog Vihar, Phase -1, Gurgaon, Haryana",,06AAJFB5782B1ZL,Gurgaon,Haryana,,,,,blh5949@gmail.com,
483,Bharat Exports (Cnb),,,,Kanpur,Uttar Pradesh,,,,,,
484,Bharath Enterprises,"No;-21,  Ranipet Bye Pass Road,Ranipet",,,Ranipet,Tamil Nadu,,,,,,
485,Bharat Leather House (Ndls),"Karol Bagh, New Delhi",,07AAAFB2494D1ZT,Delhi,Delhi,,,,,,
486,Bharat Leathers,"815, Wajidpur, Jaimau, Kanpur,, (UP), India.",,,kanpur,Uttar Pradesh,208010,,,,,
487,Bharat Leather Works,"T 565, Idgah Circle, Chamelian Road,,  - 110006",,,Delhi,Delhi,110006,,,,,
488,Bhargava Poly Vinyle Pvt Ltd (Agc),"C-15/3-4, Sikandra, Site-C,, UPSIDC Indl. Area, Sikandra,,  - 282007  Uttar Pradesh, 562-2641574, +(91)-9927083604",,,Agra,Uttar Pradesh,,,,,,
489,Bhargawa Poly,,,,Agra,Uttar Pradesh,,,,,,
490,Bhartiya International Ltd,"342, Nallambakkam Village, Chennai-6000048",,,Chennai,Tamil Nadu,600048,,,,,
491,Bhartiya International Ltd (Sbc),"No. 27/2, Main Road, Himagiri, Meadows, Gottigere,Bannerghatta,, Bangalore - 560083, 080 4353 4555, Guru.Murthy@bhartiya.Com",,,Bangalore,Karnataka,560083,,,,,
492,Bhavana Exports,"43,48 Nathmalji Ka Chowk, Johare Bazar, Jaipur",,,Jaipur,Rajasthan,302003,,,,,
493,Bhawana Exports,"Ram Vilas, Jaipur",,,Jaipur,Rajasthan,,,,,,
494,Bhola Footwear Export Pvt Ltd (Cnb),"D-34, UPSIDE Industrial Area, Udyog Kunj,, Panki Site No. 5, -208022, Rumeshchandra@ymail.Com",,,Kanpur,Uttar Pradesh,208022,,,,,
495,Bhullar Industries ( Faridabad ),"Plot No.31 Sect-27 A, Faridabad",,,Faridabad,Haryana,,,,,,
496,Bhurji Super Craft Impex,"Plot No. 215-216, Rani Khera Turning Point,, Opposite Metro Pillar 535, Main Rohtak Road,, Mundka
 - 110041, , India, EMAILSales@BSCI.In, M-9999902170",,,Delhi,Delhi,,,,,,
497,Big Elephant Safety Products Pvt Ltd (Hyb),"Plot No. 85, 1st Floor, Inside NITCO, Tiles Company Premises Opposite, To Azad Engineering Co., Phase 1, IDA, Jeedimetla,  - 500055, 8121810271/9885097894, Bigelephantsafety@gmail.Com",,,Hyderabad,Telangana,,,,,,
498,Big Muscles Nutrition (Ndls),"A/207, Road No.4, Gali No.9,, Mahipalpur, Delhi 110034",,,Delhi,Delhi,110034,,,078381 07552,,
499,Billford Leathers  ( Hwh ),"5/3 Tiljala Lane ,  -700019, 8013310097",,,Kolkata,West Bengal,,,,,,
500,Bipasha Enterprises (Hwh),"Zone-2, Plot No. 43, Leather Complex,, Bontala Road, , 9007455868",,,Kolkata,West Bengal,,,,9007455868,,
501,Birla Transasia Carpets Ltd (Bom),,,,Mumbai,Maharashtra,,,,,,
502,Bismillah International (Hwh),"Kolkata, West Bengal",,,Kolkata,West Bengal,,,,,,
503,Bitufelt Private Limited,"123/377, Fazalgunj, , UP 208012, +915122215652",,,Kanpur,Uttar Pradesh,,,,,,
504,Bitufelt Private Limited (Cnb),"123/377, Fazal Ganj, , UP 208012, +915122215652",,,Kanpur,Uttar Pradesh,,,,,,
505,B J Leather (Hwh),"Plot no. 452, Gate num-1,, Bantala leather complex zone-7, Kolkata",,,Kolkata,West Bengal,,Mr. Nadeem Azhar,,9831138700,,
506,Bliss Exports (Okhla),"255 Okhla Phase-111, New Delhi-110020",,07AFDPM6912R1ZW,Delhi,Delhi,,,,,,
507,Bliss Leather Craft,,,,Ranipet,Tamil Nadu,,,,,,
508,Bliss Shoes,Ambur,,,Ambur,Tamil Nadu,,,,,,
509,B L Leathers Pvt Ltd (K B),"4/4937 Hardhyan Singh Road, Karol Bagh,, -110005",,,Delhi,Delhi,,,,,,
510,Block Printing House (Jaipur),"Jaipur, Rajsthan, 9887218935",,,Jaipur,Rajasthan,,,,,,
511,BLR Knits Pvt Ltd. (Sbc),"7th Mile, Hosur Main Road,, Kudlugate, Bangalore - 560 068",,,Bangalore,Karnataka,560068,,80 - 2573 3838,9341008281,diwan@beeluxe.in,
512,B.L.S. India (Age),"95-A Old Vijay Nagar Colony, Agra, Uttar Pradesh 282004",,,Agra,Uttar Pradesh,282004,,,098970 09114,,
513,Blue Bean (Sbc),"No-4  Ist Floor Muniamn Road, ",,,Bangalore,Karnataka,,,,,,
514,Blue Cargo (Ndls),"Anand Parbat, New Delhi",,,Delhi,Delhi,,,,,,
515,Blue Diamond Leather,,,,Ranipet,Tamil Nadu,,,,,,
516,BLUE Hoverson Kolkata,,,,Kolkata,West Bengal,,,,,,
517,Blue Moon Exports (Cnb),"242 EWS, KDA COLONY, KANPUR",,09DNTPS0866M1ZV,kanpur,Uttar Pradesh,208010,,,,,
518,Blue Star Advertisers (Noida),"B-56A Sector-7 Noida (Divison), U.P-201301",,09AAHPM8995R1ZB,Noida,Uttar Pradesh,201301,,,,,
519,Blue Summer Fashions (Sbc),"73/14, Aecs Layout (Near Live 100 Hospital), Singasandra, Hosur Road,, Bangalore-560068",AEYPP1870M,29AEYPP1870M1ZF,Bangalore,Karnataka,560068,Mr. Kuntal Malik,80-41132874,9632989887,kuntal.malik@specialityretail.in,
520,Blu Horizon (Hwh),"94, Matheswartala Road,, Kolkata-700046",,19ADLPI1633D1ZS,Kolkata,West Bengal,700046,Mr. Zafar Iqbal,,8860634198,ziqbal0786@gmail.com,
521,B M A Enterprises Pvt Ltd (Noida),"E-19 Site EPIP Kasna, Greater Noida, G.B. Nagar-201308",,09AAFCB3330A1ZB,Noida,Uttar Pradesh,201308,Mr. Shushil Rana,,9716546402,ranasushilbma2013@gmail.com,
522,B.M. Enterprises (N.Delhi),"D-89 Madipur Colony, New Delhi",,07AQRPP0112F1Z1,Delhi,Delhi,,Baljit,,09911502128,,
523,B.M.Shonkarappa Estate,", ",,,Bangalore,Karnataka,,,,,,
524,B N B Fine Tanning Company,"Chrompet, Chennai",,,Chennai,Tamil Nadu,,,,,,
525,B. N. Enterprises (Ndls),"# 30, E Patpar Gunj Village, New Delhi",,07AAYPS1805K1Z3,Delhi,Delhi,,,,8800464895,account@bnenterprises.co.in,
526,B N Exports (Ndls),"C-10, Maharani Bagh,, Delhi-110065.",,07AAYPS1804J1Z6,Delhi,Delhi,,,,,,
527,B N S Design  (Noida),D-65  Secoter 63 Noida,,,Noida,Uttar Pradesh,,,,,,
528,B N Traders (Hwh),"120/17, Tiljala Road,, -700046, 9748443923, Mukeshdzire@gmail.Com",,,Kolkata,West Bengal,700046,,,,,
529,Bombay Leathers (Bom),"232 Milan Industrial Estate,, Cotton Green, Abhudyaya Nagar,, Mumbai 400 033,India",,27AAAFB0727H1ZV,Mumbai,Maharashtra,400033,,22-24713261,,bombayleathers@gmail.com,
530,Book Magic India Private Limited (Ndls),"3993A/8, IInd Floor, Raghuvanj,, Chawari Bazar, -110006",,,Delhi,Delhi,,,,,,
531,Boots India ( Agc ),"Gali No. 15, Azad Nagar,, Transport Nagar, Agra-282002",,09ABHPK5730D3ZR,Agra,Uttar Pradesh,282002,,,9837045004,boots2lee@yahoo.co.in,
532,Bose Foot Fashions Pvt Ltd ( Noida ),"C - 128 & B-154,  Sector 63,, Noida-201301 ( U.P), 0120-4327448, 4202982",,,Noida,Uttar Pradesh,,,,,,
533,Bottega India (Noida),"A-77 Sector-65, Noida, Bottegaindiana@gmail.Com, Mob-9560134718",,,Noida,Uttar Pradesh,,,,,,
534,Bovini Frills Llp,,,,Kanpur,Uttar Pradesh,,,,,,
535,Bovini Frills LLP (Cnb),"187/170, Jajmau Road, Kanpur - 208010",,09AAQFB6842F1Z5,kanpur,Uttar Pradesh,208010,Mr. Tanveer Alam,7388759888,8071933397/9935440023,accounts@bovinifrills.com,
536,Boxed Orignal India Pvt Ltd.(Ndls),"R/O B102, Sec-6, Noida-201301",,09AAHCB1905D1Z2,Noida,Uttar Pradesh,201301,,,,,
537,B P S Overseas Pvt Ltd (Ndls),"BPS House, M-161 Community Centre,, Gulmohar Enclave, New Delhi 110049",,07AABCB6305K1ZT,Delhi,Delhi,110049,Mr.Jai Prakash,11-26968593/94,9873569926,gnaccounts@bpsoverseas.com,
538,Brand Concepts Pvt Ltd (Bom),"410, Palm Spring Centre, Raheja Complex, New Link Road, Malad West,  - 400064, 9819990084",,,Mumbai,Maharashtra,,,,,,
539,Brand Concepts Pvt Ltd (Sbc),"Koralur Village Nadathi Post Hosakote Rd., -560067, 9342575513",,,Bangalore,Karnataka,,,,,,
540,Brass Art,,,,Mumbai,Maharashtra,,,,,,
541,Brass Tacks,,,,Bangalore,Karnataka,,,,,,
542,Breathing Bamboos  ( Noida ),"E 118, SECTOR 7, Noida - 201301, Uttar Pradesh, India",,,Noida,Uttar Pradesh,,,,,,
543,Bright Aromatics (New Delhi),"Plot No-424A G Floor Khasra No-110015, Rithala Delhi-110085",,07AHOPG9759R1Z4,Delhi,Delhi,,,,,,
544,Brij Kumar Soni (Agc),"36/47, New Awadi, Shivapuri,Gummet Devari Road, Agra,",,,Agra,Uttar Pradesh,282001,,,91 9359788159,,
545,British Leather (Agc),Agra,,,Agra,Uttar Pradesh,,,,,,
546,Brothers Exports (Cnb),"94/80 M, Jajmau, Kanpur-208010",,09ARDPA2210L1Z8,kanpur,Uttar Pradesh,208010,,,7054106444,assadrafe58@gmail.com,
547,Brumario Leather,,,,Gurgaon,Haryana,,,,,,
548,Brumario Leather Co Pvt Ltd ( Ggn ),,,,Gurgaon,Haryana,,,,,,
549,Bucks Shoes ( Noida ),"C-373 , Sector -10, Noida - 201301 ( U P ), Mob No. 09711914052",,,Noida,Uttar Pradesh,,,,,,
550,Buffalo Hide (Bom),"222/E, Prabhadwadi Shop No.-2,, Belasis Road, Nagpada Mumbai-400008",,27CNYPS8165H1ZW,Mumbai,Maharashtra,400008,Mr. Thakur Prasad,,8369444702,sunielkapoor@buffalo-hide.com,
551,Bukhara Leather Industries (Hwh),"4, Bolai Dutt Street,,  - 700073, 9831937217/9007303974",,,Kolkata,West Bengal,,,,,,
552,Bunty Steels Pvt Ltd,,,,Delhi,Delhi,,,,,,
553,Bureau Verties,Noida,,,Noida,Uttar Pradesh,,,,,,
554,Bushra's Bags (Hwh),"6/14 H/8 Nilmoni Halder Lane,, Kolkata - 700013",,19CMBPS4983B1ZS,Kolkata,West Bengal,700013,,,9903824482,,
555,Byahut Scientico (Jaipur),"Shop No.1, Near Kamani Factory, Jhotwara, Jaipur-302012",,08BDJPG0112Q1ZJ,Jaipur,Rajasthan,302012,Mr. D.N. Prasad,,9414065135,byahutscientico1@gmail.com,
556,Calcutta Braiding Factory,,,,Kolkata,West Bengal,,,,,,
557,Calcutta Leather (Hwh),"57/1 Tiljala Masjid, Bari Lane  -39, 8582912961",,,Kolkata,West Bengal,,,,8582912961,,
558,Caliber India Apparels Pvt. Ltd (Noida),"Plot No.-440, Udyog Kendra Extension- 2, Eco Tech- 3, Greater Noida - 201308",,,Noida,Uttar Pradesh,201308,,,,,
559,Calico Trends,,,,Kanpur,Uttar Pradesh,,,,,,
560,Calico Trends (Cnb),"59-A, 150 Feet Road, Jajmau,, Kanpur-208022, Uttar Pradesh",AABFC1787H,09AABFC1787H1ZD,kanpur,Uttar Pradesh,208022,,512-2462106/7,9445200616,info@calicoindia.com,
561,Camac Leathers Pvt Ltd (Hwh),"6A, Neelam Apartment, 61B,, Park Street, Kolkata-700016",,19AABCC1017B1ZF,Kolkata,West Bengal,700016,,,,vmehtacoroc@gmail.com,
562,Camio Exports Pvt Ltd (Cnb),"131 A Chandra Nagar Harinder Nagar,  Kanpur- 208007",,09AAACH7652Q1ZW,kanpur,Uttar Pradesh,208007,,,9935181616,,
563,Canon Exports,,,,Chennai,Tamil Nadu,,,,,,
564,Canterbury Leather Industries (Hwh),"15A K Md. Siddique Lane,, Kolkata-700016",,19AJIPM3188Q1Z9,Kolkata,West Bengal,700016,,,9830309998,canterberyleather@gmail.com,
565,Capson Company,Noida,,,Noida,Uttar Pradesh,,,,,,
566,Capsons Company ( Noida ),"C-25, Sector-59, Noida-201301",,09AAAFC4694G1ZC,Noida,Uttar Pradesh,201301,,,9717222622/9810022622,capsons@gmail.com,
567,Capsons Co (Regd),Noida,,,Noida,Uttar Pradesh,,,,,,
568,Capsons   M S K Enterprises,,,,Chennai,Tamil Nadu,,,,,,
569,Capstan Rubber (India) (Agc),"C-6, Site-A, Upsidc Industrial Area,, Sikandra, Agra-282007",,09AAAFC7244G1ZK,Agra,Uttar Pradesh,282007,Mr. Shashi Kant,,9456617555/9837210224,capstan_rubber@sancharnet.in,
570,Capstan Rubbers (India) Unit-II,"C-2 Site-A UPSIDC Industrial Area, Sikandra, Agra-282007",,09AADFC7708A1ZS,Agra,Uttar Pradesh,,,,,capstanrubber@gmail.com,
571,CAPSTAN RUBBERS (INDIA) UNIT- III (Agc),"D-6 SITE A UPSIDC INDUSTRIAL AREA,, SIKANDRA , AGRA-282007",,09AAEFC7478G1Z4,Agra,Uttar Pradesh,282007,,,9456617555,capstanrubber@gmail.com,
572,Carafor Fabrics Pvt. Ltd (Ggn),"Plot No.152, Sector-7, IMT Manesar  - 122051",,,Gurgaon,Haryana,122051,,,,,
573,Carafor Fabrics Pvt. Ltd (Sbc),,,,Bangalore,Karnataka,,,,,,
574,Carborundum Universal,,,,Chennai,Tamil Nadu,,,,,,
575,Careeno (Bom),"Viraj Impex House 47, 2nd Floor, P D’mello Rd,  – 400 009, Iwantshoes@careeno.in, 9820387213",,,Mumbai,Maharashtra,400009,,,,,
576,Careeno International,,,,Mumbai,Maharashtra,,,,,,
577,Caressa International,"Y-3 Okhla Industiral Area Phase No-2, New Delhi-110029",,07AAHFC9565D1ZB,Delhi,Delhi,110029,,,,,
578,Caressa International (Ndls),"Y-3 1st Floor Okhla, Industrial Area,, Phase-2, New Delhi",,07AAHFC9565D1ZB,Delhi,Delhi,,,,9899969763,,
579,Cargo Network  (Okhla),"X-42, Okhla Industrial Area, Phase-11, New Delhi - 110020",AAAPM3040Q,07AAAPM3040Q1ZM,Delhi,Delhi,,,,,,
580,Carlitos International  (Agc),"21/89 A Jatti Gali Loha Mandi, Agra-282002",,09AALFC7800R1ZS,Agra,Uttar Pradesh,282002,Ankit Mahajan,,8791028268,mahajanankit007@gmail.com,
581,Carlton Overseas Pvt Ltd ( Ggn ),"Old Manesar Road, Khandsa,, Near Hero Honda Chowk,, Khandsa, Gurgaon, Haryana 122001",,06AAACC0482B1ZC,Gurgaon,Haryana,122001,Mr. Satish Poonia,124-4365260,,spoonia@carltonindia.com,
582,Carnival Home Concepts (Ndls),"E-19, Balaji Apartment, Sector, 3, Plot No-7, Dwarka, Dwarka, New Delhi,, 110075",,07AAEPF5861C1Z1,Delhi,Delhi,,,,,,
583,Carson Overseas (Agc),"Agra, Uttar Pradesh",,09AACFC1560B1Z1,Agra,Uttar Pradesh,,,,9319852930,accounts@carsonoverseas.in,
584,Carting Point Old Transinia,Koproli Taluka,,,Delhi,Delhi,,,,,,
585,Cartison Design (Ggn),,,,Gurgaon,Haryana,,,,,,
586,Cat Leather (Cnb),"67/17 Pakharpur, Jajmau ",,,Kanpur,Uttar Pradesh,,,,,,
587,Catwalk Worldwide Pvt Ltd (Bom),"4th Floor, Gala No-405/408,, Tantia Jogani Industrial Estate,, Sitaram Mill Compound, Opp Lodha Execules,, J R Boricha Marg, Lower Parel,, Mumbai - 400011",AACCC1276B,27AACCC1276B1Z4,Mumbai,Maharashtra,400011,Mr. Dayanand Madav,22 62182200/01,9637864083,daya@catwalkworldwide.com,admin@catwalkworldwide.com
588,CD Exports (Agra),,,,Agra,Uttar Pradesh,,,,,,
589,C D International (Agc),"C-10, Site-A, Upsidc, Sikandra,, Agra, Uttar Pradesh - 282007, India",,09AAEFC0794P1ZW,Agra,Uttar Pradesh,282007,Amit Gupta,0562-2640136,9359190809,acctt.cdinternational@gmail.com,
590,C&E Limited,"Ankur Manor ,2nd Floor, Flat 2B & 2C,, 182, Poonamallee High Road, Kilpauk,, Chennai",,33AACCC5418K1ZS,Chennai,Tamil Nadu,600010,Ms. Rajalakshmi,044-43481999,,cel.chennai@cel.co.in,
591,Cengage Learning India Pvt Ltd (Noida),"I-17, Site-5 Kasna Ind. Area G. B. Nagar,, Greater Noida (U.P.) 201310",,09AACCT5522B1ZO,Noida,Uttar Pradesh,201310,,,,,
592,Centaur Worldwide,,,,Chennai,Tamil Nadu,,,,,,
593,Central Book Shop (Hyb),"7-1-88, Sai Nagar Colony, C/o Lalitha, Gardens, Bairamalguda,, -500079, , 9985678000, Cbs.Book@gmail.Com, Srinu.Rangineni69@gmail.Com",,,Hyderabad,Telangana,,Mr. Sirnivas Rao,,9985678000,,
594,Central Mall,Bangalore,,,Bangalore,Karnataka,,,,,,
595,Century Overseas (Ndls ),"37 DLF Industrial Area, Kriti Nagar, New Delhi-110015",,07AALPG4909R1Z3,Delhi,Delhi,110015,,,,,
596,Century Polymers,,,,Bangalore,Karnataka,,,,,,
597,Chaitanya Traders Kanpur,,,,Kanpur,Uttar Pradesh,,,,,,
598,Challange Footwear (Karol Bagh),"2681 Gali No-2 Bidan Pura Karol Bagh, New Delhi-",,07AAIPM0625R1ZB,Delhi,Delhi,,,,,,
599,Chalo Holding ( Noida ),"C/o Rishi Art Ltd  A 38,  Sector 64,  Noida, Ph#C/o Rishi Art Ltd",,09ADUPG7891G1ZS,Noida,Uttar Pradesh,,,,,,
600,Chandilya Traders,,,,Chennai,Tamil Nadu,,,,,,
601,Chandra & Associates,,,,Agra,Uttar Pradesh,,,,,,
602,Chandra & Associates Leather Industries (Agc),"C - 3, Site - A, UPSIDC, Sikandra,, Agra-282 007",,09AAAFC6672Q2ZS,Agra,Uttar Pradesh,282007,,562-2640307/08,,,
603,Chandra Components (Agc),"C-3, Site-A, Upsidc, Sikandra, -282007, 2640307-308, Chandraacounts@gmail.Com",,,Agra,Uttar Pradesh,282007,,,,,
604,Chandra Leathers,,,,Chennai,Tamil Nadu,,,,,,
605,Changi Enterprises (Bom),"155, Mufaddal Shopping Arcade, Ramchandra Bhatt Marg,, Rmerkhadi, Mumbai-400009",,27AAAPC8323J1ZW,Mumbai,Maharashtra,400009,Mr. Hasnain Changi,,9820283106,changi@live.in,
606,Charley Footwear,,,,Delhi,Delhi,,,,,,
607,Checkpoint India Pvt Ltd,,,,Delhi,Delhi,,,,,,
608,Chemico Processing ( Noida ),"A-53, Sector-83, Noida",,09AAGPM2885B1ZO,Noida,Uttar Pradesh,,,,,,
609,Chemrow India,,,,Delhi,Delhi,,,,,,
610,Chemrow India Pvt Ltd (Mfg.Unit),"Plot No.468 Swarn Park, Mundka , 09811075781, Email ;Footgrip 01@gmail.Com",,,Delhi,Delhi,,,,,,
611,Chem Tech (Hwh),"196/E/1414 Picnic Garden Road, Kolkata",,,Kolkata,West Bengal,700039,,,,,
612,Chen Lan Po Tannery (Hwh),"3/7A Tiljala Lane (Green Park), 1st Floor, Flat No. -5,, Kolkata-700019",,19AVGPS7953K1ZO,Kolkata,West Bengal,700019,,,,chenlanpotannery@gmail.com,
613,Chennai Home Tex,,,,Delhi,Delhi,,,,,,
614,Chennai Hometex (P) Ltd,"Park Town, ",,,Chennai,Tamil Nadu,,,,,,
615,Chennai Hometex Pvt. Ltd.,,,,Chennai,Tamil Nadu,,,,,,
616,Cheviot International Ltd (Ndls),"PLOt No-19/2, Phase-II Okhla, -110020",,,Delhi,Delhi,110020,,,,,
617,C & H International (Ndls),,,,Delhi,Delhi,,,,,,
618,Chirag Leather (Ndls),,,,Delhi,Delhi,,,,,,
619,Chn 1 Huge Step,,,,Chennai,Tamil Nadu,,,,,,
620,Chn A2DS Schuh Fsbrik Private Limited,"NEW NO.266,OLD NO.829/1, PERIYAR EVR HIGH ROAD,KILPAUK, CHENNAI",,33AAQCA5940A1ZY,Chennai,Tamil Nadu,600010,,,,,
621,Chn Aachi Spices & Foods (P) Ltd,"No.114, Nallur Village, Chozhavaran Post, ",,,Chennai,Tamil Nadu,,,,,pmpurchase@aachigroup.com,chennai@graciousexpress.com
622,Chn A.A.Clothing,,,,Chennai,Tamil Nadu,,,,,,
623,Chn Aadil Cunial Components India Pvt Ltd,"A26,1st Floor, Rams Square,, Village Road,Nugambakkam,, Chennai",,33AAHCA4240Q1ZJ,Chennai,Tamil Nadu,,,,,cunialgm@aadilshoes.com,cunialaccounts@aadilshoes.com
624,Chn Aadil Leather Products Pvt Ltd,,,,Chennai,Tamil Nadu,,,,,,
625,Chn Aafiya Impex,"#4/43, Adamsa Street,, Pernambut-635810",,33AVOPA7409A1Z2,Pernambut,Tamil Nadu,635810,,,,,
626,Chn Aafiya International,"1/1, K.V.A. Kareem St, ",,,Chennai,Tamil Nadu,,,,,,
627,Chn Aafreen Traders,", Mob: 08807123384",,,Chennai,Tamil Nadu,,,,,chennai@graciousexpress.com,
628,Chn Aakhil Traders,"67/1  KANDRAMPALII,THUTHIPET VILLAGE, AMBUR TK, 635811",,33AYCPA7435R1Z7,Ambur,Tamil Nadu,635811,,635811,,,
629,Chn Aakif Leather Exports,,,,Chennai,Tamil Nadu,,,,,,
630,Chn Aala Gloves,"55, Wuthucattan Street,, Periamet, Chennai-600 003",,33AAFFA7471C1ZT,Chennai,Tamil Nadu,600003,,,,,
631,Chn Aamir Leather Industry,"Sabapathy Street,, Nagalkeni, Chromepet,, Chennai-600 044",,33AAAFA7502K1ZT,Chennai,Tamil Nadu,600044,,,,,
632,Chn  Aarthi A I Taders,"9D/14,Ramakrishnapuram,, Fifty Feet Road,Karur-639001",,33AAAFA5456C1Z1,Karur,Tamil Nadu,,Mr.Abdul Kareem,,+91-9840895441,rkareem99948@gmail.com,
633,Chn Aarzed Shoes,"No.111/34, Venkatapuram Rd,, Alamelumangapuram,, Vellore-632009",,33AAHFA3295N1Z6,Vellore,Tamil Nadu,632009,,,,,
634,Chn Aawa Overseas,"No.1,Ist Floor ,M.C.Road,, Near Anaikar Oriental School,, Ambur-635802",,33AKKPM2291D1ZC,Ambur,Tamil Nadu,,Mr. Niaz Ahmed,,9894621519,,
635,Chn ABA Technologies,,,,Chennai,Tamil Nadu,,,,,,
636,Chn Abdul Malic Tannery,Pernambut,,,Pernambut,Tamil Nadu,,,,9944030161,,
637,Chn A B Global,"241/1, Vanapadi Road,, Sipcot, Ranipet-632403",,33AAVFA8920A1ZL,Ranipet,Tamil Nadu,632403,,,,,
638,Chn Abhinav Ind.,Vijawada,,37AAIFA8693F1Z2,vijawada,Tamil Nadu,,,,,,
639,Chn Abida Shoe Components,,,,Ambur,Tamil Nadu,,,,,,
640,Chn Abraaz Malaspina Soles Pvt Ltd,"135/1A, Gudiyatham Road, Chinnavarikam Village,, Ambur-635 811",,33AALCA0477D1ZZ,Ambur,Tamil Nadu,,Mr.Zabi,,,Zabi@nibras.in,
641,Chn Accord Shoes,"S.F No. 324/3, Tower Rd,, Thutipet, Ambur-635802",,33ABAFA7305D1Z5,Ambur,Tamil Nadu,635802,Mr.Riaz,,+919894999077,riaz@accordshoes.com,
642,Chn Adam Leathers,"No. 7A, Katta Kadai Street,, Melvisharam-632509",,33AJEPA2357D2ZW,Vellore,Tamil Nadu,,,,,,
643,Chn Adinos Impex,"No.3/722, Bharathi Nagar,, SIPCOT, Ranipet-632403",,33ADPPL9087L1ZQ,Ranipet,Tamil Nadu,632403,,,,,
644,Chn Adnan Shoes,,,,Ambur,Tamil Nadu,,,,,,
645,Chn Adyaan Enterprises,"Pallavaram,, Chennai",,33AOKPR7846B1ZS,Chennai,Tamil Nadu,,Mr.Sabeel,,95000 76255,,
646,Chn A. Fakhruddin & Sons,"No: 2, East Mada Street,, Aminjikarai, Chennai - 600030",,33ABEFA9902A1Z0,Chennai,Tamil Nadu,600030,Mr.Hussain,,96772 31152,hussainfm52@gmail.com,
647,Chn Affan Shoes Pvt Ltd,"No.12/3-C, Pulliyambedu Road, Thiruverkadu, Noombal Post, Velappanchavadi, Chennai-77",,33AAACA7786N1Z7,Chennai,Tamil Nadu,600077,,,,,
648,Chn Afnan Shoes,Ambur,,33BMLPS9890Q1ZQ,Ambur,Tamil Nadu,,,,,,
649,Chn Afra Import & Exports,"2/9,Nabikhan Subedar Street,, Periamet,Chennai-03",,33AABPA8124A1ZO,Chennai,Tamil Nadu,600003,,,,,
650,Chn Afreen Leather,Chennai,,,Chennai,Tamil Nadu,,,,,,
651,Chn Afreen Shoe Accessories LLP,"176/4, Thuthipet Tower Road,, Kandrampalli Road, Ambur",,33ABJFA7694L1ZV,Ambur,Tamil Nadu,635802,,,,,
652,Chn Afroze Leathers,"Periamet, ",,,Chennai,Tamil Nadu,,,,,,
653,Chn Afsha Inc,"No.2/282, Trunk Road,, Valayampet, Vaniyambadi-635 751",,33AAJFN4534D1ZK,Vaniyambadi,Tamil Nadu,635751,,04174-235220,8608100281 / 94886 48222,,
654,Chn Afsho Inc,"2/282, 018 No.150, Complex, ",,,Vaniyambadi,Tamil Nadu,,,,,,
655,Chn Aggu Soles,"No. 35 - B, Plot No. 3, 4, L. F. Road, Shankar Nagar,  - Tamil Nadu, India",,,Ranipet,Tamil Nadu,,,,,,
656,Chn Aghgan Shoes,Ambur,,33AEOPB8017L1ZF,Ambur,Tamil Nadu,,,,,,
657,Chn Ahmed Overseas,Chennai,,33AAAFA1269R1ZB,Chennai,Tamil Nadu,,,,9840582052,,
658,Chn Aishwariya Fabrics,"No.154, Bangalore Road,, Mullipalayam, Shenbakam Post, Vellore - 632008",,,Vellore,Tamil Nadu,,,,,,
659,Chn Aishwarya International,"65/11, Wuthucattan St, 1 Flr, Periamet, -600 003, Ph: 44-2561 0262",,,Chennai,Tamil Nadu,,,,,,
660,Chn Aiswarya Fabrics,"Konavattam Main Road,, Vellore -632 008",,33AAJFA5300Q1ZG,Vellore,Tamil Nadu,,,,,,
661,Chn A.Jafer Leather Exports,"No.55 & 56, Sidco Industrial State,, Sipcot, Ranipet",,33ABBFA8733G1ZO,Ranipet,Tamil Nadu,,Mr.Jaffer,,9585696996,,
662,Chn Ajantha Shoe Company - Unit - II,"Muthu Palaniappa Nagar, Annasalai, Nagalkeni,  -600044",,,Chennai,Tamil Nadu,,,,,,
663,Chn A.J.Enterprises,", Ph: 96548 67825",,,Chennai,Tamil Nadu,,,,,,
664,Chn A&J Exports,,,,Chennai,Tamil Nadu,,,,,,
665,Chn Ajit Fabrics,"1st Floor, Wuthucatton Street,, Periamet,Chennai-03.",,33AAVPI7782E1ZA,Chennai,Tamil Nadu,,,,,,
666,Chn Akbar Bhai,,,,Ambur,Tamil Nadu,,,,,,
667,Chn A.K.Enterprises,"#335/A, C.L.Road,, Khaderpet,, -635 751",,,Vaniyambadi,Tamil Nadu,,,,,,
668,Chn A K M Leather Chemicals Pvt Ltd,"#1207/7, P.J.Nehru Road, , -635751, Mob : 98949 25786",,,Vaniyambadi,Tamil Nadu,,Mr.Abdullah Basha,,,akmleatherchemicals@gmail.com,chennai@graciousexpress.com
669,Chn A.K.S Enterprises,"Complex No.50, Nagalkeni, Chrompet, -600 044",,,Chennai,Tamil Nadu,,,,,,
670,Chn A.K.S Soles,"No.14/1, Kandrampalli Road,, Thuthipet, Ambur-635802",,33AUKPJ9269N1ZU,Ambur,Tamil Nadu,,,,,,
671,Chn Al Ameen Leathers,"1097/4 1st Floor, P.J Nehru Road, ",,,Vaniyambadi,Tamil Nadu,,,,,,
672,Chn Al Baik Overseas,Ambur,,33APPPA3556B1ZB,Ambur,Tamil Nadu,,,,,,
673,Chn Al Faire Leather Exports,"19/1B, Alangayam Cross Road,, Perumalpet, Vaniyambadi-635751",,33AAEPF3924A1ZI,Vaniyambadi,Tamil Nadu,635751,,,,,
674,Chn Alfa Leather Pvt Ltd,", Ph: 9442620840",,,Vaniyambadi,Tamil Nadu,,,,,,
675,Chn Alfa Rubber & Springs Pvt Ltd,"A-13/a, SIPCOT Industrial Complex,, Gummidipoondi, Trivallur-601201",,33AAACA5186G1ZW,Thiruvallur,Tamil Nadu,601201,Mr.Srikath K,,,srikanth@alfarubber.com,
676,Chn Alfa Soles India Pvt Ltd,"No.39-41, L.F.Road, Shankar Nagar,  - 632 041",,,Ranipet,Tamil Nadu,,,,,,
677,Chn Al-Furqan International,"159-A, Cutchery Rd Ext,, Dr.B.R Ambedkar Nagar,, Vaniyambadi-635751",,33AGMPM3726H1ZD,Vaniyambadi,Tamil Nadu,635751,Mr.Muneer Ahmed,,9994357860,,
678,Chn Al Gani Traders,"498/2B V.Kota Road,, Pernambut-635810",,33ABLPZ9806D1ZA,Pernambut,Tamil Nadu,635810,Mr.Irshad Ahmed,9952586505,9159895286 / 8838906866,,
679,Chn Al Hasan Leather Creation,,,,Chennai,Tamil Nadu,,,,,,
680,Chn Alina Pvt Ltd,"No.3  P P Amman Koil Street, Chrompet,Chennai",,33AAFCA9114P1ZG,Chennai,Tamil Nadu,600044,,,,,
681,Chn Alisha Overseas,,,,Chennai,Tamil Nadu,,,,,,
682,Chn Allin Shoe Access,"62/29, Vanakar Kollai 2nd Street,, Ambur-635802",,33AQNPA0003E1ZT,Ambur,Tamil Nadu,635802,,,,,
683,Chn All Leathers,Ambur,,33BBNPA7332J1ZQ,Ambur,Tamil Nadu,,,,,,
684,Chn Alpha Leather Products,"80, Anna Salai,, Nagalkeni,, Chrompet, Chennai-600 044",,33AAHPA1541P1ZW,Chennai,Tamil Nadu,600044,,,,,
685,Chn Alpha & Omega,,,,Chennai,Tamil Nadu,,,,,,
686,Chn  Althaf Shoes Pvt Ltd,"Anugraha Appartments 19,1A, C Block,First Floor, Numgambakkam, Road,Chennai-600034",,33AAACA3146L1ZX,Chennai,Tamil Nadu,,,,,,
687,Chn Alto Leathers,"No.21/11, Vavoor Madar St,, Ambur-635802",,33ALDPA4384R1ZU,Ambur,Tamil Nadu,,Mr.Thouseef,,9600504464/ 9043410100,,
688,Chn Al Wahid Leathers,"Old No.43, New No.63, Wuthucattan Street, Periamet,, Chennai-600003",,33AFQPK9355M1ZP,Chennai,Tamil Nadu,600003,,,,,
689,Chn Aman Power Products,25 Ekambaram Ind,,,Delhi,Delhi,,,,9940019988,,
690,Chn Amar Enterprises,"No.13, Old No.7, Veerasamy St,, Periamet, Chennai-600 003",,33AAAFA1333Q1ZO,Chennai,Tamil Nadu,600003,Mr.Gaurav,044-25610561 / 25610613,9840066616,office@amarchennai.com,
691,Chn A.Marshal Exports,"No.9/T, Veeraswamy St,, 1st Flr, ADR Complex,, Periamet, Chennai-03",,33AHUPA8042M1Z1,Chennai,Tamil Nadu,600003,Mr.Anand,,99520 74055,,
692,Chn Amazing Impex,"#251/68,Iqbal Road, Muslimpur, ",,,Vaniyambadi,Tamil Nadu,,,,,,
693,Chn Amazon Overseas,", Mob: 9566022335",,,Chennai,Tamil Nadu,,,,,,
694,Chn Ambur Fashion Industry,,,,Ambur,Tamil Nadu,,,,,,
695,Chn Ambur Shoes,"10, Vepery High Road, Periamet, Chennai-3",,33AABFA1495L1ZI,Chennai,Tamil Nadu,600003,,044 2561 0828,,newfactory@amburshoes.com,
696,Chn Ambur Traders,,,,Ambur,Tamil Nadu,,,,,,
697,Chn A.Md.Tanveer,,,,Ranipet,Tamil Nadu,,,,,,
698,Chn Ameen Anas,Pernambut,,,Pernambut,Tamil Nadu,,,,,,
699,Chn A.Meenu,"No.166 Defence Colony, .",,,Chennai,Tamil Nadu,,,,,,
700,Chn Amfa International,"#213, 7th Main Road, Nagappa Nagar,, Chrompet,  - 600 044, India, Tel : +91-44-42822490, 28192502",,,Chennai,Tamil Nadu,,,,,,
701,Chn Amity Exports,"Moulivakkam, , Ph: 09840420800",,,Chennai,Tamil Nadu,,,,,,
702,Chn Amjad Finished Leather Company,"No.54, Maddox Street, Choolai, Chennai-600 112",,33AAAFA7494A1ZV,Chennai,Tamil Nadu,600112,,,,amjadshoe@yahoo.co.in,
703,Chn Amko Exports Private Ltd,"35/28 Thuthipet Village, Ambur-635811",,33AAPCA5909A1ZY,Ambur,Tamil Nadu,635811,,,,,
704,Chn  Amko Exports Pvt Ltd,"65/30,First Floor,Maddox St,, Choolai,Chennai-112",,33AAPCA5909A1ZY,Chennai,Tamil Nadu,,,,,,
705,Chn A.M.Leather,"#21, Angalamman Koil St,, Nagalkeni, Chrompet, Chennai-600 044",,33AGXPM2705K1Z2,Chennai,Tamil Nadu,,,,,,
706,Chn Amman Industries and Fabs,"No.8, Sipcot Industrial Complex, Sipcot, Ranipet-632403",,33AGBPR1776M2Z1,Ranipet,Tamil Nadu,632403,,,,,
707,Chn Ammar Tanning Company,"/158 C 1/158 C N A Road, Valayampet, ,  - 635 753",,,Vaniyambadi,Tamil Nadu,,,,,,
708,Chn Ampel,"Alsa Lynnwood, 49/26,, Evk Sampath Road,, Vepery, Chennai-600 007",,33AAFFA3614B1ZA,Chennai,Tamil Nadu,600007,Ms.Parveen,,9791019607,ampel124@gmail.com,
709,Chn Amra International,,,,Chennai,Tamil Nadu,,,,,,
710,Chn AMS Enterprises,"Nagalkeni, Chromepet,, Chennai-600 044",,33AAQFA4049M1Z5,Chennai,Tamil Nadu,600044,Mr.Khaja,,9840660595,admin@jahan.co.in,chennai@graciousexpress.com
711,Chn Am S India,"S and P Residency Flat No:IX, Rajankuppam Ayanambakkam, Vanagaram,, Thiruvallur-600095",,33AASFA5450G1ZH,Thiruvallur,Tamil Nadu,600095,,9940221238,,,
712,Chn ANA Pellami,"No.34, 6th Cross St., 1st Flr, New Colony ,, Chromepet, -44",,,Chennai,Tamil Nadu,,,,,,
713,Chn An Apt Associates,,,,Ambur,Tamil Nadu,,,,,,
714,Chn Anas Tanning Company,"Shed No.2, Tannery Street,, B.P.Agraharam, Erode-638 005",,33AAEPZ3693E1ZG,Agra,Uttar Pradesh,,,,,,
715,Chn Anas Zain Leathers,,,,Vaniyambadi,Tamil Nadu,,,,,,
716,Chn Anchor Leathers,"57, Thiruneermalai Road,, Nagalkeni, Chromepet, Chromepet,, Chennai, Tamil Nadu 600044",,33AAIFA2877M1Z5,Chennai,Tamil Nadu,,,,9840316937,,
717,Chn ANC Lifestyle Pvt Ltd,"#18, Rehoboth, Mambakkam Road, Chennai -600126",,33AALCA7811P1ZA,Chennai,Tamil Nadu,600126,Mr.Ashok,8610277533,9019788929,ashok@anclifestyle.com,revathi1994anclifestyle@gmail.com
718,Chn ANH Leather,"4/67, 4th Cross Vathi Nagar,, Ambur-635802",,33AWNPV5606N1ZU,Ambur,Tamil Nadu,635802,,,,,
719,Chn Anil Bagga,"217/4, Jai Complex, Chromepet, -44",,,Chennai,Tamil Nadu,,,,,,
720,Chn Ankur Footwears Pvt Ltd,"Plot No.26, Jawaharlal Nehru Street,, Golden Industrial Estate,, Periyapanichery, Gerugambakkam,, Chennai-600 128",,33AACCA8652M1ZG,Chennai,Tamil Nadu,600128,,044-23821409,,ankurfpl@gmail.com,
721,Chn Annai Associates,"12, Rettaimalai Srinivasan Street,, Nagalkeni, Chromepet, Chennai-600 0044",,33ABEFA2093A1Z4,Chennai,Tamil Nadu,600044,,,,annaiassociates2015@gmali.com,
722,Chn A.N.S.Leathers,"No.14, Thiruneermalai Main Road,, Sripuram, Chromepet,, , Tamil Nadu 600044",,,Chennai,Tamil Nadu,,,,,,
723,Chn Anusham Safety Products (P) Ltd,"No : 18/1016, Murgan Street,, Urapakkam ,  - 603 210",,,Chennai,Tamil Nadu,,,,,,
724,Chn Anush Leathers,"No.18, Murugan St, Urappakam, ",,,Chennai,Tamil Nadu,,,,,,
725,Chn Anval Valves Pvt Ltd,"E2-3, Industrial Estate,, Maraimalai Nagar,, Kanchipuram Dist.",,33AAHCA4278L1ZF,Kanchipuram,Tamil Nadu,603209,,,,,
726,Chn Aparna Paper Processing Industry P Ltd.(Pondy),Pondichery,,,Puducherry,Puducherry,,,,,,
727,Chn Ap Exports,"No.119, 1st Floor,, 3rd Main Road, Nagapa Nagar,, Chromepet, Chennai-600 044",,33AARFA0903B1Z4,Chennai,Tamil Nadu,600 044,Ms.Sri Devi,,9551651966,aaronpacific.sridevi@gmail.com,
728,Chn Appu Footwear,"30/64 hastinapuram main, road nehru nagar, chromepet, Chennai,, Tamil Nadu 600044",,33AIIPD4070F1ZQ,Chennai,Tamil Nadu,,,,,,
729,Chn Araa Leathers,"Periamet, ",,,Chennai,Tamil Nadu,,,,,,
730,Chn Arafath Fabrics,"No.516/1, Durgai Avenue, 1st Main Road, Selavayal, Chennai-51",,33AHXPR4084M1ZF,Chennai,Tamil Nadu,600051,,,9840205619,arafathfabrics@gmail.com,
731,Chn Aramco Agencies,,,,Chennai,Tamil Nadu,,,,,,
732,Chn Arcot Soles Pvt Ltd,"#320/1, Gudiyattam Road,, Thuthipet, Ambur-635811",,33AAFCA0207R1ZS,Ambur,Tamil Nadu,635811,,,89399710833,asplaccounts@farida.co.in,asplmat@farida.co.in
733,Chn Arcot Soles Pvt Ltd - GTA,,,,Ambur,Tamil Nadu,,,,,,
734,Chn A.R.Enterprises,,,,Vaniyambadi,Tamil Nadu,,,,,,
735,Chn Arfa Shoes,,,,Ambur,Tamil Nadu,635802,,9940794951,,,
736,Chn Arham International,"#1/1, K.V.A Kareem St, Umer Road, , -635 802",,,Chennai,Tamil Nadu,,,,,,
737,Chn Arihant Leathers,"No.53, Old No.19-A, Pillaiyar Koil St,, Nagalkeni, Chromepet, Chennai-44",,33AGPPA0906J1ZP,Chennai,Tamil Nadu,600044,,,9382848715,arihantleathers@gmail.com,
738,Chn Aristo Leather Exims,"10/11, Anaikar Complex, M.V.Badran Street, Periamet, Chennai-3",,33AAGFA0723L1ZS,Chennai,Tamil Nadu,600003,Mr.Akber Feroz A.M,,,info@aristoleather.com,chennai@graciousexpress.com
739,Chn Aristo Leather Exports, - 600 044,,,Chennai,Tamil Nadu,,,,,,
740,Chn A.R.Leathers,"No.28, Grd.Floor,, Naval Hospital Road,, Periamet, Chennai-03",,33BTYPM7161G1Z6,Chennai,Tamil Nadu,600003,,94444 85300,,,
741,Chn Arman Impex Agencies,", Ph: 9245400749",,,Chennai,Tamil Nadu,,,,,,
742,Chn Arrow Brogues Pvt Ltd,"S-34, Ph-111, Sipcot,, Ranipet-",,33AAPCA6696N1ZT,Ranipet,Tamil Nadu,,,,,,
743,Chn ARSA Agency,Chennai-37,,33AKRPA9941P1ZH,Chennai,Tamil Nadu,,Mr.Anwar Hussain,,9380083986,,
744,Chn A.R.S Footwear,"No.396/5, Pazhanjur Main Road, Chembarambakkam, Chennai- 600124",,33AAJFA3530G1ZX,Chennai,Tamil Nadu,600124,,,,accounts@arsfootwear.com,chennai@graciousexpress.com
745,Chn Arshad Leather,,,,Chennai,Tamil Nadu,,,,,,
746,Chn Arsh Inc,"#3, Bakhiyath St, Vellore-632004",,33AELPA2542L1ZP,Vellore,Tamil Nadu,632004,,,,,
747,Chn Arshnaz Leathers,"No.53, Pillayar Koil St, Nagalkeni, Chromepet, -600 044",,,Chennai,Tamil Nadu,,,,,,
748,Chn A.R.Shoe Components,"#67, Jalal Road, Motukollai, Ambur-635802",,33ABBFA3154F1Z1,Ambur,Tamil Nadu,635802,Mr.Misba,,9940102275,arshoecomponents@yahoo.com,
749,Chn ARSL Exports,"15/1, Kandrampalli Road, Thuthipet, , -635813",,,Vellore,Tamil Nadu,,,,,,
750,Chn Art Factory,Chennai,,,Chennai,Tamil Nadu,,,,,,
751,Chn Artis International,"58, Pillayar Koil Street, Nagalkeni,, Chromepet, Chennai-600 044",,33AAXFA4017A1ZV,Chennai,Tamil Nadu,600044,,,7010787984,exports@artisindia.in,chennai@graciousexpress.com
752,Chn Arul Packaging Industires,,,,Chennai,Tamil Nadu,,,,,,
753,Chn Aruna Clothing Company,-600122,,,Chennai,Tamil Nadu,,,,,,
754,Chn A.S.Creations,"#1078/C-9, P.J.Nehru Road,, Vaniyambadi-635751",,33BEVPM9157C1Z4,Vaniyambadi,Tamil Nadu,635751,,,,,
755,Chn Aseer Leather Corporation,"No.21, Peter Street,, Nagalkeni, Chromepet,, Chennai-600 044",,33AAFFA3358Q1Z6,Chennai,Tamil Nadu,,,,,,
756,Chn Aseer Leather & Crafts,"No.21, Peter Street,, Nagalkeni, Chromepet,, Chennai-600 044",,33AQUPA8379E1ZJ,Chennai,Tamil Nadu,600044,,,,aamir3699@gmail.com,
757,Chn A.S.Enterprises,Ambur,,,Ambur,Tamil Nadu,,,,,,
758,Chn Ashley Alteams India Pvt Ltd,"AD-61, New No. 3, First Floor,, Third Street, Anna Nagar, ,, Tamilnadu - 600 040, India., Phone: +91 44 4261 5323, Ph: 9566090017",,,Chennai,Tamil Nadu,,,,,,
759,Chn Ashley Brands,"Na New  No.10, Loganathan Colony, Mylapore Chennai",,33APUPB3366H1ZT,Chennai,Tamil Nadu,600004,,,,,
760,Chn Ashok Leyland,Chennai,,,Chennai,Tamil Nadu,,,,,,
761,Chn Asia Leathers,"Periamet, -3",,,Chennai,Tamil Nadu,,,,,,
762,Chn Asian Shoes,"#20, B.Kaspa Main Road,, Ambur.",,33AANFA7619J1Z8,Ambur,Tamil Nadu,,,,,asianshoes@gmail.com,
763,Chn Asia Tech Packaging,"Chinmaya Nagar,, ",,,Chennai,Tamil Nadu,,,,,,
764,Chn ASK Technologies Pvt Ltd,"#2/427, J.J.Nager, Mugappair East,, ",,,Chennai,Tamil Nadu,,,,,,
765,Chn Asma Exports,"No. 9, Church St,, Reddiarpalayam,, Puducherry, 605010",,34AAUPH0889E1ZG,Puducherry,Puducherry,605010,,,99949 62735,,
766,Chn Aston Shoes Pvt Ltd,"#8/2, M.C. Road, Ambur",AUIPM7033M,33AAFCA9529A1Z0,Ambur,Tamil Nadu,,,,,astonpurchase@farida.in,astonfinance@farida.co.in
767,Chn Astormueller Shoes Pvt Ltd,Vellore,,33AAGCA3756L1ZJ,Vellore,Tamil Nadu,,,,,vijayakumar.vajiavela@astormueller.in,
768,Chn Astraa Apparels,"C/o.Astraa Leathers, T47, V.O.C. Street, Thirunagar,, -83, Ph: 98410 56922",,,Chennai,Tamil Nadu,,,,,,
769,Chn Astral Impex,"No.126, Rama St, Nungambakkam, -600 034",,,Chennai,Tamil Nadu,,,,,,
770,Chn Astromueller Shoes Pvt Ltd,"No.17-C/4, Dsm Plaza, Chennai",,,Chennai,Tamil Nadu,,,,,vijayakumar.vajiavelu@astromueller.in,
771,Chn Aswin Cold Forge Pvt Ltd,"No.458 & 465, Sidco Indl Estate,, Ambattur, Chennai-600 098",,33AAGCA4099J1ZH,Chennai,Tamil Nadu,600098,Mr.Vignesh,,72990 73802,,
772,Chn Athish Leather Exports,"12/22, 1st Floor, C.M.G Street, Periamet, ",,,Chennai,Tamil Nadu,,,,,,
773,Chn A.T.S Leather,Ranipet,,33BMTPA8323G1Z3,Ranipet,Tamil Nadu,,,,,,
774,Chn Attire Creation Co,"No 304, M T H Road,, Villivakkam, -49",,,Chennai,Tamil Nadu,,,,,jayalakshmi@attireindia.com,
775,Chn Aura Multifab,"11/14, Lakshmi St, Extn-1,, Villivakkam, Chennai-49",,33APTPP5274M1Z2,Chennai,Tamil Nadu,600049,Mr.Prabhakaran,,9445563739,auramultifab@gmail.com,
776,Chn Automotive Insulations Private Limited,"NO3-703,
SENNERKUPPAM POONAMALLE,, 600056",,33AAKCA9149B1ZT,Chennai,Tamil Nadu,600056,,,,,
777,Chn Avinash Freight Carriers,"No.70, (New No.161), Walltax Road, Bohra Chambers, 1st Flr, Opp Elephant Gate Police Station, Sowcarpet,  -600 079",,,Chennai,Tamil Nadu,,,,,,
778,Chn AV Thomas Leather & Allied Prod (Alandur),"No.189/99F, M.K.N Road, Alandur, Chennai - 600 016",,33AAACA6246K1ZS,Chennai,Tamil Nadu,,,,,,
779,Chn A.V.Thomas Leather & Allied Prod (Chrompet),"Nagalkeni, Chromepet, Chennai-600044",,33AAACA6246K1ZS,Chennai,Tamil Nadu,,,,,,
780,Chn AV Thomas Leather & Allied Prod (Ekkattu),"Ekkattuthangal, Chennai",,33AAACA6246K1ZS,Chennai,Tamil Nadu,,,,,,
781,Chn A.V.Thomas Leather & Allied Prod (Guindy),"No.12 Race Course Road, Guindy, Chennai-600 032",,33AAACA6246K1ZS,Chennai,Tamil Nadu,,,,,,
782,Chn Av Thomas Leather & Allied Prod (Gurugambakkam),"Nagalkani  Chrompet, Chennai.",,,Chennai,Tamil Nadu,600044,,,,,
783,Chn AV Thomas Leather & Allied Prod (Kovur),"Kovur, -600122",,,Chennai,Tamil Nadu,,,,,,
784,Chn AV Thomas Leather & Allied Prod (Mepz),"Mepz Sez, Chennai",,33AAACA6246K2ZR,Chennai,Tamil Nadu,,,,,,
785,Chn AV Thomas Leather & Allied Prod (Nandambakkam),"77-Nandambakkam, Chennai-600069",,33AAACA6246K1ZS,Chennai,Tamil Nadu,,,,,,
786,Chn AV Thomas Leather & Allied Products P Ltd - GTA,"4A/4, BP Amman Koil Street,, Chrompet, Chennai -44",,33AAACA6246K1ZS,Chennai,Tamil Nadu,,,,,,
787,Chn AV Thomas Leather & Allied Products Pvt Ltd,"4A/4, BP Amman Koil Street,, Chrompet, Chennai -44",,33AAACA6246K1ZS,Chennai,Tamil Nadu,600044,,,,,
788,Chn Axa Leather Group,"1105/A-6,Pj Nehru Road,, Vaniyambadi- 635751",,33AAKFA2750R1Z5,Vaniyambadi,Tamil Nadu,635751,Mr.Asrar,,8015561524,,
789,Chn Ayez Enterprises,"38/A,Kunni Yacoob,8th Street,, Vithimanai,Ambur-635802",,33AIEPT5321K1Z7,Ambur,Tamil Nadu,,,,,,
790,Chn Aysha Leather,,,,Ambur,Tamil Nadu,,,,,,
791,Chn Aysha Sabeel Leathers,"#9/5, Old#5, New #9, Wuthucatton St, Periyamet,  -600 003",,,Chennai,Tamil Nadu,,,,,,
792,Chn Ayyappa Enterprises,"CP 39 & 40, Razak Garden Road, Arumbakkam, Chennai-600 106",,33AAAPV4296M1Z6,Chennai,Tamil Nadu,,,,,ayyappalgs@gmail.com,chennai@graciousexpress.com
793,Chn Azeez Footwear,,,,Chennai,Tamil Nadu,,,,,,
794,Chn Azhagan Shoe Fabric,"1, Sat Nagar, S.K Road,, Ambur, Vellore, Mobe : 94432 48559",,33AALFA0197P1Z3,Ambur,Tamil Nadu,,,,9786231439/ 94432 48559,,
795,Chn Azhagan Shoe Fabrik,Ambur,,33AALFA0197P1Z3,Ambur,Tamil Nadu,,Mr.Deepak,,+91 9786231439,azhaganshoefabrik@gamil.com,
796,Chn Az Pelle,"29, Periamet, Chennai-600003",,33ACFPH0155A1ZI,Chennai,Tamil Nadu,600003,,,,,
797,Chn Baba International,"Plot No--110, Mosque Street, Eswaran Nagar,, Pammal, Chennai.",,33AMIPK1362M1ZZ,Chennai,Tamil Nadu,600075,,,,,
798,Chn Bab Leather Products Intl,"162-163, Sidco Industrial Estate,, Thirumudivakkam, Chennai-44",,33AAAFB6228M1ZJ,Chennai,Tamil Nadu,600044,,,98400 99211,,
799,Chn Bachi Shoes Ltd,"No.148, SIDCO Industrial Estate,, SIPCOT, Ranipet-632 403",,33AABCB2609J1Z1,Ranipet,Tamil Nadu,632403,D.Johnson,,7358601924,johnson@bachishoes.com,chennai@graciousexpress.com
800,Chn Baer Shoes India Pvt Ltd,"S.F No.90-93, Somalapuram Village Rd,, Ambur - 635802",,33AAACB3603R1ZQ,Ambur,Tamil Nadu,635802,,,,,
801,Chn Balaji Enterprises,"11/4 & 41/5 - M.B.T Road,, V.C.Mottur, Ranipet-632 401",,33AAJFB4634J1ZI,Ranipet,Tamil Nadu,632401,,,,,
802,Chn Balaji Trade Links,"D4 Mahonar Apartment, No.1 Eswaran Koil Street, West Mambalam, Chennai-33",,33AAFFB0606A1ZH,Chennai,Tamil Nadu,,,,9840798981,balajitradelinkschennai@gmail.com,
803,Chn Balamurugan Leather,"No.50, Umayalapuram,, Chromepet, Chennai-600 044",,33APJPS6507E1ZW,Chennai,Tamil Nadu,600 044,Mr.Ramanathan,,9962564302,pazham1977@gmail.com,
804,Chn Bansal & Co - (Mr.Layeeque Jee),,,,Ambur,Tamil Nadu,,,,,,
805,Chn Barsa Extex,"No.65-C, Radha Nagar, Main Road, Chromepet, -600 044",,,Chennai,Tamil Nadu,,,,,,
806,Chn Bata Shoes Co,Chennai,,,Chennai,Tamil Nadu,,,,,,
807,Chn Battys Footwear,"Dr.Ambedkar Nagar, #16, Natrajan Street, 1st Floor, Pammal, Chennai-600075",,33AICPC8044L1ZE,Chennai,Tamil Nadu,,R.Chandra Sekar,044-22483522,9444145277,battyssekar@gmail.com,
808,Chn B B K Exports Ltd,Chennai,,,Chennai,Tamil Nadu,,,,,,
809,Chn B.B.K Leather Pvt Ltd,"#41, Sipcot Industrial Estate, Ranipet-632403",,33AAACB2626E1ZC,Ranipet,Tamil Nadu,632403,,,,,
810,Chn B B K Shoes,"Sipcot, Ranipet, Tamil Nadu 632401",,,Ranipet,Tamil Nadu,632401,,,,,
811,Chn Beffob,"NO.131/3A, Mettukuppam Main Rd, Azeem Basha St, Vanagaram, -600 095",,,Chennai,Tamil Nadu,,,,,,
812,Chn Best Chemicals,"#229, Chettithangal Main Road,, Chettithangal, Ranipet-632404",,33AOTPJ0671H1ZU,Ranipet,Tamil Nadu,632404,Mr.Sundar,,9443148346,sunsbree_2007@yahoo.co.in,
813,Chn Best Leather Exports,,,,Chennai,Tamil Nadu,,,,,,
814,Chn Bharat Enterprises,"Plot Num 216 Sidco Women, Industrial Park Kattur,Thirumullaivoyal, Chennai",,33AAQFB3140G1ZR,Chennai,Tamil Nadu,600062,,,,,
815,Chn Bharat Leathers,Chennai,,,Chennai,Tamil Nadu,,,,,,
816,Chn Bhartiya International Ltd,"# 342, Nallambakkam Village,, Via Vandalur, Chennai - 600048",,33AAACB0728M1ZW,Chennai,Tamil Nadu,600048,Mr.Kannan,,,kannan.rajagopalan@bhartiya.com,chennai@graciousexpress.com
817,Chn Bicasto Leather, - 600 087,,,Chennai,Tamil Nadu,,,,,,
818,Chn Bilal Bhai,,,,Chennai,Tamil Nadu,,,,,,
819,Chn Bismi Leathers,Vaniyambadi,,33AQLPA8499E1ZN,Vaniyambadi,Tamil Nadu,,Mr.Abdur Rahman,,90421 77573,,
820,Chn Bliss Leather Craft,", Mob: 9840988130",,,Ranipet,Tamil Nadu,,,,,,
821,Chn Bliss Shoes,"159, V SF No.160/3, Thuthipet, Ambur-635802",,33AAIFK6789Q1ZC,Ambur,Tamil Nadu,635802,,,,bliss.salman@gmail.com,
822,Chn Boston Enterprises,"No.50, Omer Road, Kotlai Bungalow, -635802",,,Vellore,Tamil Nadu,,,,,,
823,Chn BPS Industries,"Unit No 28,Sdf-III,, Phase-II, Mepz-Sez, Chennai-45",,33AANPB6783A2ZX,Chennai,Tamil Nadu,600045,,044-42038815,,rejinamary@tritanworks.com,
824,Chn BPS Industries - Mepz,"Unit 28, SDF III, Phase II,, MEPZ-SEZ, Chennai 600 045.",,33AANPB6783A3ZW,Chennai,Tamil Nadu,600045,,+91 44 4203 8869,+91 99406 94789,ghouse@tritanworks.com,
825,Chn Bright Enterprises,"1/165 Eigah Complex, LM Kuppam, Devalapuram, Ambur-635811",,33AAKFB7434P1Z1,Ambur,Tamil Nadu,635811,,,,,
826,Chn Brite Leathers,"No.70, Anna Salai, Nagalkeni, Chromepet, - 600 044",,,Chennai,Tamil Nadu,,,,,,
827,Chn Brite Tanners,"No.8 Mohamadiyar Street, B.P.Agraharam,Erode-638005",,33BTSPM4559E1ZC,Agra,Uttar Pradesh,638005,,,9597584432,britetanners@gmail.com,
828,Chn BSM Enterprises,"#1602/E A 1, Rmd Tannery Road,, Konamedu, Vaniyambadi-635751",,33BIOPN7160H1Z0,Vaniyambadi,Tamil Nadu,635751,,,,,
829,Chn Butler Leather Goods Factory (I) Pvt. Ltd,"Floor 29/13, Zafar Arcade, Medavakkam Tank Road,, Nammalwarpet, Chennai - 600 012",,33AADCB4709P1ZI,Chennai,Tamil Nadu,600012,Mr.Abdul Fathah,044-2647 3049,98840 59749,accounts@butlerleather.com,
830,"Chn C.Aadil Ahmed & Co,","22/65, Perianna Maistry St, Periamet, Chennai-600 003",,,Chennai,Tamil Nadu,,,,,,
831,Chn Callidus Shoemaker Pvt Ltd,"No.2/2-A, M.C.Road, Kullthigai, Madanur- 635804",,33AAGCC3703P1ZM,Vellore,Tamil Nadu,635804,Mr.Theenathayalan,,70944 82761,,
832,Chn Calsea Footwear Pvt Ltd,"Vaniyan Chatram, Kaveripakkam,, Walajapet, Vellore",,33AACCC6904G1Z0,Vellore,Tamil Nadu,,Ms. M.Nandhini,,9003440024,purchase2@calsea.in,accounts1@calsea.in
833,Chn Calsea Footwear Pvt Ltd - GTA,,,,Ranipet,Tamil Nadu,,,,,,
834,Chn Canon Exports,"#5/2, Shaik Ali Subedar St,, Periamet, Chennai-600 003",,33AJNPA0213D1Z5,Chennai,Tamil Nadu,600003,,,93833 7775 / 93855 7775,canonexports@gmail.com,
835,Chn Canthari Shoes,"No. 8/M-1, Johnson Street,, Tambaram West,, Nearby Hindu Mission Hospital,,  - 600045",,,Chennai,Tamil Nadu,,,,,,
836,Chn Carborundum Universal Ltd,"P.B.No.2272, Thiruvottiyur, -600 019",,,Chennai,Tamil Nadu,,,,,,
837,Chn CDS Soles Pvt Ltd,"Girisamudiram Vlg, Vaniyambadi-635751",,33AACCC7325B1Z9,Vaniyambadi,Tamil Nadu,635751,,,,,
838,Chn Centaur Worlwide,"No.50/37A, Veerabadra St, Nungambakkam, ",,,Chennai,Tamil Nadu,,,,,,
839,Chn Central Footwear Training Institute,"65/1, G.S.T Road, Guindy Industrial Estate,, Guindy, Chennai-600 032",,33AABAC1770H2Z4,Chennai,Tamil Nadu,600032,,044-2233 6876,98417 25364,,
840,Chn Central Leather Research Institute,"Sardar Patel Road, Adyar,, Near IIT Madras, Chennai,, Tamil Nadu 600020, Tel : 044- 24437187",,,Chennai,Tamil Nadu,,,,,,
841,Chn Century Creation,"Ranipet, Tamil Nadu",,,Ranipet,Tamil Nadu,,,,,,
842,Chn Ceyenar Chemicals Pvt Ltd,"No.73, Mark St, Jain Nagar, Ayyapakkam, Chennai-77",,33AAACC8714C1Z6,Chennai,Tamil Nadu,,,,,,
843,Chn Chakra Shoes Fabric,"6/2, Solayamman Kovil,, 4th Cross Street, Goyyathope,, Kodungaiyur, Chennai-600 118",,33BOTPS1243F1ZU,Chennai,Tamil Nadu,600118,,,,,
844,Chn Chandra Leathers,"3, M.G.R. Road,, Nagalkeni, Chrompet,, Chennai - 600 044.",,,Chennai,Tamil Nadu,,,,,,
845,Chn Chasheen Exports,"No.9/4, Wuthucattan St, 2nd Floor, Periamet,  -600 003",,,Chennai,Tamil Nadu,,,,,,
846,"Chn Chem Crown Exports Ltd.,","Ankur Manor, II Floor,, Flat #2B & 2C # 182/271, Poonamalle High Road,, Kilpauk,  - 600 010, Ph:9790809928
",,,Chennai,Tamil Nadu,,,,,,
847,Chn Chennai Hometex (P) Ltd,"No.24, Valasaravakkam, -600 087",,,Chennai,Tamil Nadu,,,,,,
848,Chn Chennai Leather Exports,,,,Chennai,Tamil Nadu,,,,,,
849,Chn Chennai Leather Fashions,"No.3,, 4, III Cross Street,, MGR Nagar, Pammal,, -600 075, Mob : 94432 72700",,,Chennai,Tamil Nadu,,,,,info@chennaileatherfashions.com,chennai@graciousexprss.com
850,Chn Chennai Leather International,"No. 39, Pillaiyar Koil Street,, Nagalkeni Chromepet, Chennai-600044,",,33AAKFC5836A1ZT,Chennai,Tamil Nadu,600044,,,,,
851,Chn Chennai Shoes & Fashions,"No.418/1, Rajiv Gandhi Nagar, Sipcot, ",,,Ranipet,Tamil Nadu,,,,,,
852,Chn Chennai Tapes Pvt Ltd,"# 62, Jermiah Road, Vepery, Chennai- 600 007",,33AACCC7239A1Z6,Chennai,Tamil Nadu,600007,,044-26650107,,,
853,Chn Chennai Trade Centre,,,,Chennai,Tamil Nadu,,,,,,
854,Chn Choice Leather,,,,Chennai,Tamil Nadu,,,,,,
855,Chn Choice Point,"Next to Dr Fayiaz Kamal Hc Pj Nehru Road, Vanyambadi",,33BBJPP7162F1ZK,Vaniyambadi,Tamil Nadu,,,,,,
856,Chn Chozhan Industries,"Vandalur,Chennai",,33ABPPL8866P1ZL,Chennai,Tamil Nadu,,,,,admin@chozhan.co.in,
857,Chn Citizen Leather Products,"No.26/494,Mastan Gargah St,, Periapet,Vaniyambadi-635751",,33AANFC0145R1Z7,Vaniyambadi,Tamil Nadu,,,,,,
858,Chn Clara Shoes,"S.F.No.108/1 & 96/1, Thuthipet, Ambur-635802",,33AAGFC8140H1ZO,Ambur,Tamil Nadu,635802,,,,accounts@clarashoes.com,purchase@clarashoes.com
859,Chn Clark Sons,,,,Vaniyambadi,Tamil Nadu,,,,,,
860,Chn Classic Leather Crafts,"1/560,1st Floor,9th Street, Muthamizh Nagar,Kodungaiyur, - 600 118, Ph: +91 44 25548414",,,Chennai,Tamil Nadu,,,,,,
861,Chn Classik Floors,"Plot No 2797 New No 2, Y Block 5th Street, 12th Main Road Annanagar,, Chennai - 600040, Sundaram Foundation Hospital",,33AFOPJ9325A1ZN,Chennai,Tamil Nadu,,Ms.Banu,044-42865269,,classikfloors@yahoo.co.in,
862,Chn Classy Leather Company,"36, Covelong Muthugramani St, Periamet, Chennai-600003",,33AAAFC1898E1ZP,Chennai,Tamil Nadu,600003,Mr.Masood,,9840418973,hansaleather@yahoo.com,chennai@graciousexpress.com
863,Chn Cloudtail India  Pvt Ltd,"Paramount Plaza 22, 5th Floor M.G Road, Nungambakkam, Chennai",,33AAQCS4259Q1ZH,Chennai,Tamil Nadu,600034,,,,,
864,"Chn C M Atheequr Rahman & Co.,","210/235, Gudiyatham Road,, Bungalmedu, Pernambut-635810",,33AACFC1153G1Z3,Pernambut,Tamil Nadu,635810,,044-432135481,93632229041,info@cmarshoes.com,
865,Chn C M Sharma & Co,Chennai,,,Chennai,Tamil Nadu,,,,,,
866,Chn Colours LLP,"599, Sydenhams Road, Choolai,  -112",,,Chennai,Tamil Nadu,,,,,,
867,Chn Comfort Shoes,"4/ Palamanar Road,, Kathadikuppam Village,, Thattaparai Post, Gudiyatham-632601",,33AAFFC0332C1ZD,Gudiyattam,Tamil Nadu,632601,,,,,
868,Chn Conceria International Pvt Ltd,"No.2-C, Ammoor Road,, Manthangal Village,, Ranipet-632401",,33AAECC0893N1ZF,Ranipet,Tamil Nadu,632401,,,,,
869,Chn Concrete Techno Projects Limited,Pondicherry,,34AAACC4264B1Z9,Puducherry,Puducherry,,,,,,
870,Chn Cosmo International,,,,Vaniyambadi,Tamil Nadu,,,,,,
871,Chn Cranberry,"Plot No.2/61,Old No.2/48,, Oomer House Mosque Street,, Oomerabad,Vill.Vellore Dist.",,33AAMFC7910R1ZX,Vellore,Tamil Nadu,,,,+91-9940794951,,
872,Chn C.Ravi Chandra,"Periamet, ",,,Chennai,Tamil Nadu,,,,,,
873,Chn Credo Exim,"460, Haji St Fort,, Vaniyambadi-635751",,33AUKPM1971C1ZT,Vaniyambadi,Tamil Nadu,,,,98946 58678,baseinc2013@gmail.com,
874,Chn Crispin Shoes,"No.5, Patel Street, Kodambakkam, -600 024",,,Chennai,Tamil Nadu,,,,,,
875,Chn C.R.Shoes,,,,Ambur,Tamil Nadu,,,,,,
876,Chn C.Sitaraman & Co - GTA,"# 37/1, Royapettah High Rd, -600 014, Phone: 044 2811 7069",,,Chennai,Tamil Nadu,,,,,,
877,Chn Csv Impex,"10 A Csk Nagar, Gobichettipalayam, Erode",,33ACLPN5150F1ZR,Erode,Tamil Nadu,638452,,,,,
878,Chn Daima Exim,"Shop No.19, Sindhoori Towers, No.160, Luz Church Road, Mylapore, Chennai-600 004",,33EMRPS4890D1ZI,Chennai,Tamil Nadu,600004,K.Sekar,,+91-98406 45774,daimaexim@gmail.com,
879,Chn Danish Leather Exports,"No.122/31C, Moudha Street,, Nagalkeni, Chromepet-600044",,33AABFD4745Q1Z6,Chennai,Tamil Nadu,600044,,,,,
880,Chn David Shoes,"No.701/1D, M.B.T Road Cross, Ranipet - 632 401",,33AAFFD8587Q1ZM,Ranipet,Tamil Nadu,632401,,,,,
881,Chn Davi Leather,-44,,,Chennai,Tamil Nadu,,,,,,
882,Chn Davinci Leather (P) Ltd,"No.D-9/1, M.M. Nagar, Industrial Area,, Maraimalai Nagar, Kancheepuram Dist,, Pin-603209",,33AABCD9479Q1ZV,Kanchipuram,Tamil Nadu,603209,,044-47434353,,,
883,Chn Deen Tanners,,,,Chennai,Tamil Nadu,,,,,,
884,Chn Delta Shoes Pvt Ltd,"No.17, Jalal Road Extension,, Ambur-635802",,33AAACD1292J1ZV,Ambur,Tamil Nadu,,,,,,
885,Chn Denda Associates,Ambur,,,Ambur,Tamil Nadu,,,,,,
886,Chn Derby Clothing Chennai,-600005,,,Chennai,Tamil Nadu,,,,,,
887,Chn Design Chancellor's,-600 066,,,Chennai,Tamil Nadu,,,,,,
888,Chn Devi leather works,Chennai,,,Chennai,Tamil Nadu,,,,,,
889,Chn Dev Rexine House,", Ph: 9840083614",,,Chennai,Tamil Nadu,,,,,,
890,Chn Dey Enterprises,"#20, G-Floor, South Usman Road,, T.Ngar, Chennai-600 017",,33ABEPD2821R1ZP,Chennai,Tamil Nadu,,,,,,
891,Chn D.G.Associates,"14 B, Extension Shit , Nawalpur,, Ranipet-632502, Tamil Nadu, India",,33CBDPP4721K1ZN,Ranipet,Tamil Nadu,632502,Ms.Jamuna,,,jamuna@dgassociates.co.in,
892,Chn Dhandapani Exports Pvt Ltd,"33, Hastinapuram Main Road,, Nehru Nagar, Chromepet,, Chennai-600 044",,33AAACD2703L1Z1,Chennai,Tamil Nadu,600044,Mr.Kumaresan,,97911 72884,accounts2@dxpl.in,
893,Chn Dhrawin International,"48 Kannagi St Sivasankar Nagaraj, Nagalkeni, Chromepet, Chennai-600 044",,33AGJPH7032G1ZO,Chennai,Tamil Nadu,600044,Mr.Hemant,,9962414018,,
894,Chn Dignity Hardware Stores,"No.165, Broadway, ",,,Chennai,Tamil Nadu,,,,,,
895,Chn D.N.Leathers,"Palani Chettair Complex,, 17-G Veerasamy Street,, Periamet. Chennai-600003",,33ARNPK6101A1ZE,Chennai,Tamil Nadu,600003,,,,,
896,Chn Dolphin Shoes,", Ph: 9362288834",,,Ranipet,Tamil Nadu,,,,,,
897,Chn Dolphin Tonnerre,,,,Chennai,Tamil Nadu,,,,,,
898,Chn Doors and Floors,"57, Choolai High Road,  - 600 112, Ph: 9840629097",,,Chennai,Tamil Nadu,,,,,,
899,Chn Dotcoats Private Limited,"No.49 (Old No.24), 3rd Street, East Abiramapuram, Mylapore,  -600 004, Phone : 24985469",,,Chennai,Tamil Nadu,,,,,,
900,Chn D.P.Leathers Pvt Ltd,"No.18, Thiagarajapuram, Vellore - 632 001",,33AACCD9564D1ZR,Vellore,Tamil Nadu,632001,,,,dpleathers@gmail.com,
901,Chn Dr.Eberle Clever Chemistry Pvt Ltd,"Old No.45, New No.70, Thiruneermalai Road,, Pammal, Chennai-600 044",,33AAECD1244L1ZV,Chennai,Tamil Nadu,600044,,,9176620807/9884835008,dreberlecc@gmail.com,
902,"Chn Dr. Soundararajan
Samudbhava Agro Private Limited","Plot 31/32, New No. 2/792, First Street,, Subbiah Nagar, Ayyappanthangal,,  - 600056, India (M) 9445 438876",,,Chennai,Tamil Nadu,,,,,,
903,Chn DSM Sole Products Pvt Ltd,"135/1-A, Gudiyatham Road,, Chinnavarigam, Ambur-635811",,33AADCD0939P1ZG,Ambur,Tamil Nadu,635811,,,,account@dsmsole.com,
904,Chn Duel Leather Dzines Pvt Ltd,"No. 20,South Usman Road,, T.Nagar,Chennai-600017",,33AAECD0711G1ZC,Chennai,Tamil Nadu,,,,,,
905,Chn Durga Leather,"Periamet, Chennai-3",,33ABKPL8902D1ZU,Chennai,Tamil Nadu,600003,Mr.Vijay Kumar,,79045 11022 / 78457 77020,,
906,Chn Durga Overseas,"No.3/4, 7th Cross Street,, Tambaram Sanitorium,, Chennai-600 044",,33ALMPP9822C1Z0,Chennai,Tamil Nadu,600044,,,,,
907,Chn Dynamic Air Engineering (India) Pvt Ltd,"Keelakattai, ",,,Chennai,Tamil Nadu,,,,,,
908,Chn Dynamic International,"No. 16/11 Kuja Complex, CHA Road,, Vaniyambadi-635751",,33AALFD8840L1Z2,Vaniyambadi,Tamil Nadu,635751,,,,,
909,Chn Dynamic Product,"G12, Vysarpadi Co Op.Industrial Estate, Vysarpadi, -600 039",,,Chennai,Tamil Nadu,,,,,,
910,Chn East Asia Tanning Company,"""Al-Mamoor""  No-8, 2nd Floor,, No.11/23, Verpery High Road,, Periamet, Chennai-600 003",,33AAAFE1918M1ZL,Chennai,Tamil Nadu,600003,S.Amjad Khan / K.Riyaz,044-25615 443,9940175443 / 9840068933,accounts@pakkar.in,office@pakkar.in
911,Chn Ecco India Trading Pvt Ltd,"Plot No.50,  Door No.17,, 4th East Main Road,, Gandhi Nagar, Katpadi, Vellore-632006",,33AABCE4256A1ZA,Vellore,Tamil Nadu,632006,Mr.Murugesh,,8870010925,Mumu@ecco.com,
912,Chn Ecite Rubbers,", Ph: 9894838695",,,Chennai,Tamil Nadu,,,,,,
913,Chn Edgboston Leathers,"Plot No.108,Sri Balaji Nagar,, Ponneri-601204, Thiruvallur Dt.",,,thiruvallur,Tamil Nadu,,,,,,
914,Chn Edunetwork Pvt Ltd,,,,Chennai,Tamil Nadu,,,,,,
915,Chn Effa Exports,"171/1, Gudiyattam Road,, Periavarigam, Ambur-635802",,33AKAPA7311E1Z1,Ambur,Tamil Nadu,635802,Mr.H.A Haleem,,,,
916,Chn Effel Exports Pvt Ltd,,,,Ambur,Tamil Nadu,,,,,,
917,Chn Ejaz Tanning Company,"#15/8, V.V.Koil Street, Periamet, -3",,,Chennai,Tamil Nadu,,,,,,
918,Chn Ekta Leather Exports,,,,Vaniyambadi,Tamil Nadu,,,,,,
919,Chn Elahi Shipping Company,,,,Chennai,Tamil Nadu,,,,,,
920,Chn Elastic India,"No-62, Jermiah Road,, Vepery, Chennai-7",,33AOSPS7852Q1ZQ,Chennai,Tamil Nadu,600007,Mr.Azhar,,9381032068 /98411 80307,,
921,Chn Elite Rubber,", Ph: 9840169982, Ph: 9716035816",,,Chennai,Tamil Nadu,,,,,,
922,Chn El-Santos,"SF 408/2, Thirvullam Katpadi Main Road, Sevur, Ranipet",,33AAEFE6395G1ZD,Ranipet,Tamil Nadu,,,,9944946437,accounts@ahindia.com,
923,Chn Emerald Leather,"No.1056/D-1,Cutchery Raod,, Konamedu,Vaniyambadi-635751",,33AEJPJ8390K1Z2,Vaniyambadi,Tamil Nadu,,,,,,
924,Chn Emkay International,"7/13 Kavalam Muthu Street Permet, Chennai",,,Chennai,Tamil Nadu,,,,,,
925,Chn Empories Design Studio,"No.6, First Floor,, Thiruneermalai Main Road, Chrompet, Chennai - 600044",,33ASHPP9582D1ZG,Chennai,Tamil Nadu,600044,,,,,
926,Chn Enco Shoes,"No.3-B, Puliyambedu Road, Thiruverkadu, Velappanchavadi, Chennai-600 077",,,Chennai,Tamil Nadu,,,,,,
927,Chn Enco Shoes - Unit II,"No.350, 3/v, Amoor Road, Samuthapuram, , -632 402",,,Ranipet,Tamil Nadu,,,,,,
928,Chn Enkay International,"No. 7/13, Second Floor Kovalam Mutthu Street, Periamet, Chennai",,33EQZ PK711 2Q1ZY,Chennai,Tamil Nadu,600003,,,,,
929,Chn Esare Fashion,"#93-41/4, (Opp.Shrinivasa Mahal),, Bye-Pass Road, , -635802, Vlr.Dist.T.N, Mobile : +91 8344587785",,,Vellore,Tamil Nadu,,,,,,
930,Chn  Esgi Garments Pvt. Ltd,"46/28, Kattur Sadayappan St, Periamet, Chennai-600 003",,33AACCE4147P1ZG,Chennai,Tamil Nadu,,,,,,
931,Chn Eskay Sales Corporation,"No 34, Perambur Barracks Rd, Kutty Street, Vepery, Chennai-7",,33AAAFE4248C1Z1,Ambur,Tamil Nadu,,,,,,
932,Chn Ess Aar Universal Pvt Ltd,"SF No. 273/2, 3 & 3A,, Thuthipattu Village,, Ambur Taluk, Vellore-635802",,33AAACE5306Q1ZL,Ambur,Tamil Nadu,635802,,,9873163373,,
933,Chn Ess Vee Leathers,,,,Chennai,Tamil Nadu,,,,,,
934,Chn Esteem Shoes,"Limra Building, Eidgah 2nd St,, Amedkar Nagar,, Ambur-635802",,33BXIPS9503G1ZA,Ambur,Tamil Nadu,635802,Mr.Shuaib,,98944 16458,,
935,Chn Esterkote (P) Ltd,"No.14, 2nd Floor,, Balaram Road, Adyar, Chennai-600020",,33AAACE0736A1ZI,Chennai,Tamil Nadu,600020,Mr.Ravi Sekar,,9841680803,,
936,Chn Euro Lables Industries,"No.47c, South Reddy St,, Athipet, Ambattur, Chennai",,33AABPR8053K1ZI,Chennai,Tamil Nadu,,,,,eurolables@eurolables.in,
937,Chn Euro Leather,,,,Ambur,Tamil Nadu,,,,,,
938,Chn Euro Shoe Components Ltd - Unit II,"M.R.Puram, Ranipet - 632 406",,33AABCE4723G1Z2,Ranipet,Tamil Nadu,,,,,,
939,Chn  Euro Shoe Components Pvt Ltd,Ranipet,,33AABCE4723G1Z2,Ranipet,Tamil Nadu,,,,,,
940,Chn Excel International,", Ph: 9025696709",,,Chennai,Tamil Nadu,,,,,,
941,Chn Excellent Soles,"25/2A, Palar Road,, Solur, Ambur-635814",,33AAFFE3330E1Z3,Ambur,Tamil Nadu,635814,,,,,
942,Chn Excellent Tanners,"(C/o Anchor Leathers), No.57, Thiruneermalai Road, Nagalkeni, Chrompet,,  - 600 044.,",,,Chennai,Tamil Nadu,,,,,,
943,Chn Excel Tannery,,,,Ranipet,Tamil Nadu,,,,,,
944,Chn Exes Associates,"No 1056-E 1/2, Konamedu,, Vaniyambadi-635751",,33AABFE9928J1Z8,Vaniyambadi,Tamil Nadu,635751,,,,exes_associates@yahoo.co.in,
945,Chn Exquisite Leathers,"70-C  Spcot Industrial Complex, Sipcot Ranipet, Tamil Nadu Pincode-632403",,33AAFFE7137D1ZS,Ranipet,Tamil Nadu,632403,,,,,
946,Chn Eye Enn Exports,"No.5/9,Oomer Road, 4th Street,, Ambur-635802",,33AJVPT7845G1ZG,Ambur,Tamil Nadu,,,,"07010259351,0967732895",,
947,Chn Faaria Impex,"334, Purasawalkam High Road, Kellys, Chennai-600 010",,33AAAFF1038M1ZP,Chennai,Tamil Nadu,600010,Ms.Buvana,,9840976865,Shoe@salmagroup.com,Sale@salmagroup.com
948,Chn Faariha Trading Co,,,,Ambur,Tamil Nadu,,,,,,
949,Chn Faaz Enterprises,"Periamet, ",,,Chennai,Tamil Nadu,,,,,,
950,Chn Faga Serve,,,,Chennai,Tamil Nadu,,,,,,
951,Chn Fahan Leather Exports,,,,Ambur,Tamil Nadu,,,,,,
952,Chn Faha Sourcing,"No 171 Thanikachalam Nagar,, `F` Block, 3rd Main Road,, Ponniammanmedu, Chennai - 600110",,33BIZPM3544H1ZU,Chennai,Tamil Nadu,,,,9841013784,umar@fahasourcing.com,chennai@graciousexpress.com
953,Chn Faheem Shoes,,,,Ranipet,Tamil Nadu,,,,,,
954,Chn Fairtex Corporation,"No.39/19, Wuthucattan St, Periamet, Chennai-600003, Mob : 9841478614",,33AADFF4627K1ZH,Chennai,Tamil Nadu,,,,,,
955,Chn Faiza Leather,,,,Ambur,Tamil Nadu,,,,,,
956,Chn Faizan Enterprise,"26/73, Chunnambukara Street, Ambur]",,33BCPPA2028E1Z6,Ambur,Tamil Nadu,635802,,,,,
957,Chn Faizan Shoes Pvt Ltd,"# 53/26, Vepery High Road, Chennai-600003",,33AAACF0423H1ZB,Chennai,Tamil Nadu,600003,,,,material1@tawahid.com,
958,Chn Faizan Tanning Industries,"V.C.Motor, Ranipet-632401",,33AABFF6520D1Z2,Ranipet,Tamil Nadu,632401,Mr.Musthafir,,,factory@faizantanning.com,
959,Chn Faiz International,,,,Chennai,Tamil Nadu,,,,,,
960,Chn Falcon Leather Industry,"58/1, Perianna Maistry St, Periamet, -600 003",,,Chennai,Tamil Nadu,,,,,,
961,Chn F.A.Leather,"H20, Velian Govindan,, Vaniyambadi-635751",,33AQKPJ7359M1Z9,Vaniyambadi,Tamil Nadu,635751,Mr.Furkhan Ahmed,,8870202407,,
962,Chn Faraz Leather Exports,"#1056/ E1-3, Konamedu,, Vaniyambadi-635751",,33AAEPA3991Q1ZF,Vaniyambadi,Tamil Nadu,635751,Mr.Faraz Ahmed,,95004 47149,,
963,Chn Farida Classic Shoes Pvt Ltd,"1st Floor, #151/4,Mount Poonamallee Road,, Ramapuram, Chennai",,33AAACF0451B1ZJ,Chennai,Tamil Nadu,,,044 22523867,,fclogistics@farida.in,dsaccounts@farida.in
964,Chn Farida Leather Company,"29/A, Perianna Maistry Street,, Periamet, Chennai-600 003",,33AAAFF1375P1ZB,Chennai,Tamil Nadu,600003,Mr.Fazal,,9884051411,,
965,Chn Farida Leather Ware Pvt Ltd,"Gudiyatham Road ,Chinnavarikkam, -635802",,,Vellore,Tamil Nadu,,,,,,
966,Chn Farida Prime Tannery Pvt Ltd,"Zubaida Buildings, P.B.No.40,, Ambur-635802",,33AAACF8819R1Z2,Ambur,Tamil Nadu,635802,,,,,
967,Chn Farida Shoes Pvt Ltd,"No.17, Jalal Road, Ambur-635802",,33AAACF0496Q1ZB,Ambur,Tamil Nadu,635802,Ansar Ahmed,,,mslogistics@farida.co.in,chennai@graciousexpress.com
968,Chn Farida Shoes Pvt Ltd - GTA,"No.17, Jalal Road Extension, Thuthipet, -635802",,,Vellore,Tamil Nadu,,,,,,
969,Chn Fashion Bags,"#1/2 Shop No.3, V.A.Kareem Road, ",,,Vellore,Tamil Nadu,,,,,,
970,Chn Fashion Belt House,"10/A, Muthu Gramani St, Periamet, -03",,,Chennai,Tamil Nadu,,9894145929,,,,
971,Chn Fashionista,"No. 196, Thirumalai Nagar, Anakaputhur,  - 70, Ph . 044 - 35358686, 8787",,,Chennai,Tamil Nadu,,,,,,
972,Chn Fashion Leather,"I-2 Talco Industrial Estate, Madhavaram, Chennai",,33AABFF7315A1Z5,Chennai,Tamil Nadu,,,,,,
973,Chn Fateh Leather Industries,"Wuthucattan Street, Periamet, -03",,,Chennai,Tamil Nadu,,,,9444144460,,
974,Chn Fathima International,"No.86/23, Barnakar 3rd Street, -635802, Cell : 9894062434",,,Vellore,Tamil Nadu,,,,,,
975,Chn F A Traders,Vaniyambadi,,,Vaniyambadi,Tamil Nadu,,,,,,
976,Chn Fauzah International,", Ph: 9791150545",,,Chennai,Tamil Nadu,,,,,,
977,Chn Fawaz Footwear,"Periyavarikkam, -635811",,,Vellore,Tamil Nadu,,,,,,
978,Chn Fawaz Footwear Pvt Ltd,"Periyavarikkam, -635811",,,Vellore,Tamil Nadu,,,,,,
979,Chn Faza Leathers,"No 1089 B 1, P J Nehru Road,, Vaniyambadi-635751",,33AACFF3157B1Z2,Vaniyambadi,Tamil Nadu,635751,Mr.Sufiyan,+(91)-4174-234010,+(91)-9345484072,,
980,Chn Feather Light Traders,Ambur,,33AABFF9850E1ZL,Ambur,Tamil Nadu,,,,,,
981,Chn Fehman Enterprises,"865/A, Gudu Bhai Street,, Muslimpur, Vaniyambadi-635751",,33AORPM1248K1ZN,Vaniyambadi,Tamil Nadu,635751,Mr.Abdullah,,,,
982,Chn Ferrari Quality Leather Pvt Ltd,"No.46, 3rd Cross, Annandha Nagar, Bye-Pass Road, -635802",,,Vellore,Tamil Nadu,,,,,,
983,Chn Fidak International,"No.141/30, C.L.Road, Khaderpet, Vaniyambadi-635 751",,33BSYPM7351R1ZL,Vaniyambadi,Tamil Nadu,635751,,,9677859678,,
984,Chn Filoo Shoes,"21/6, VGP Nagar, Mugappair West, Thiruvallur,, Chennai-600037.",,33BRTPS5095J1ZX,Chennai,Tamil Nadu,600037,,,,,
985,Chn Fine International,"RanNo.477/11,Mukuntharayapuram Road,, Coramandal Back Side,Sipcot,,  -632403",,,Ranipet,Tamil Nadu,,,,,,
986,Chn Fine Leather Impex,,,,Chennai,Tamil Nadu,,,,,,
987,Chn Finewear Leathers Pvt Ltd,"No-8, Vadivelu Street,, Tambaram West,, -600048",,,Chennai,Tamil Nadu,,,,,,
988,Chn Finproject India Pvt Ltd (Jaipur),"SP-1013, RIICO Ind. Area, Phase III,, Sitapura, Jaipur - 302022",,08AABCF4445N1ZC,Jaipur,Rajasthan,302022,,,,,
989,Chn Firenze International,,,,Ambur,Tamil Nadu,,,,,,
990,Chn Flexfeet Leather Products,"A-6, Chandralok Aparments,, No.59, Baker Street, Choolai,, Chennai-600 112",,33AACFF3740N1ZG,Chennai,Tamil Nadu,,,,98406 09099,,
991,Chn Flextronics Tech,"SIPCOT Industrial Park Phase II Plot No 3, Sunguvarchattiram, Sandavellore C Village, Sriperumbudur",,33AAACF5248E1Z0,Vellore,Tamil Nadu,602106,,,,,
992,Chn Floram Shoes,"No.72, MC Road, Agaramchery,, Vellore Dist-635 804",,,Vellore,Tamil Nadu,635804,,,,,
993,Chn Florence Shoe Company Pvt Ltd,"""Florence Centre"", No.50/69, EVK Sampath Road,, Vepery, Chennai-600 007",,33AAACF2415R1ZM,Chennai,Tamil Nadu,600007,Ms.Cristina,044-42006136/32,,purchase.sample@florence.co.in,chennai@graciousexpress.com
994,Chn Florind Shoes Pvt Ltd,"#29, College Road,, Nugambakkam, .",,,Chennai,Tamil Nadu,,,,,snawaz@florind.com,
995,Chn Flourish Leather,"No.3/268, Naskar St, New Tonw, ",,,Vaniyambadi,Tamil Nadu,,,,,,
996,Chn Flower Shoes,"No.28/1D1 Ammoor Road, Manthangal, Ranipet, Ranipet- 632 402",,33AADFF0843M1ZJ,Ranipet,Tamil Nadu,,,,,flowershoes12912@gmail.com,
997,Chn Foil Tech Impex,Ambur,,33AAFFF5336D1ZU,Ambur,Tamil Nadu,,,,,ftifoils@gmail.com,
998,Chn Foot Graphy,"40, Thirumal Nagar,, P P Amman Koil Street,, Pallavaram, Chennai - 600043",,33AVTPS8388M1ZA,Chennai,Tamil Nadu,600043,Mr.Sirajuddin,044-22383907,9840016234,,
999,Chn Fortius Ardent Sole Track,"Ayyannoor, Ambur",,33AAEFF9105F1ZS,Ambur,Tamil Nadu,,,,,,
1000,Chn Four Season,"No.G1, Jamals Fenton Court,, Ritherdon Road, Vepery,, Chennai-600 007",,33AACFF4849E1ZN,Chennai,Tamil Nadu,600007,,9894662052,9677120730,export@fourseason.bz,
1001,Chn Fusion International,"1st Floor Sydenhams Road,, Periamet, Chennai-600003",,33AAAFF6350N1ZE,Chennai,Tamil Nadu,600003,,,9789533681,,
1002,Chn Futan Leathers,"#4/9 Sheik Ali Subedar St, Periamet, -600003",,,Chennai,Tamil Nadu,,,,,,
1003,Chn Futan Products,"191/5A, Angalamman Koil St, Thiruneermalai Road, Nagalkeni, Chromepet, Chennai-600 044",,33FIQPS1215C1ZF,Chennai,Tamil Nadu,600044,,"044 -4362 6220
",,futanleatherproducts@gmail.com,chennai@graciousexpress.com
1004,Chn Futurewell Shoes Pvt Ltd,"S.F.No.250/4A - 4C, Nellorepettai Panchayat,, Lingundram Village, Gudiyatham",,33AABCF5011G1ZA,Gudiyattam,Tamil Nadu,,,,,,
1005,Chn Fuzail Shoes Pvt Ltd,Ambur,,33AAACF5934H1ZT,Ambur,Tamil Nadu,,,,,,
1006,Chn G.Abdul Rahman & Co.,"No.40-B/2, C Abdul Hakeem Road,, Melvisharam-632509",,33AAAFG5497P1ZV,Vellore,Tamil Nadu,632509,Mr.Abdul Wahid,01472-268113,,Shoes@garleathers.com,
1007,Chn Gadsyl Exports Pvt Ltd,"Pammal, ",,,Chennai,Tamil Nadu,,,,,,
1008,Chn Gaitonde Leather & Accessories Pvt Ltd,"""Corium House"", Alsa Crescent - Garden Complex,, A Block, 5th Floor, 58, Harrington Rd,, Chetpet, Chennai-600031",,33AAECG3546Q1Z9,Chennai,Tamil Nadu,600031,Mr.Saravanan,,99525 95030 / 95439 55564,domestic@gaitonde.com,
1009,Chn Gaitonde Shoes and Accessories  Pvt Ltd,"No.58, 5th Floor, Alsa Cresent, Harrington Road, Chetpet, Chennai-600031",,33AACCG5670K1ZI,Chennai,Tamil Nadu,600031,Mr.Bhaskaran,,,bhaskaran@gaitonde.com,
1010,Chn G A Jolli,"96/1-A, M.G.R Road, Nagalkeni, Chromepet, Chennai-600 044",,33AAFFG7165H1ZE,Chennai,Tamil Nadu,600044,Mr.Zakauddin,+91 44 42037142,,gajolli@gmail.com,chennai@graciousexpress.com
1011,Chn Galaxy Enterprises,", Ph: 08506064583",,,Vaniyambadi,Tamil Nadu,,,,,,
1012,Chn Galaxy Exports,"1205/H, Apsara Complex, Lane-1, P.J Nehru Road, Vaniyambadi-635751",,33DNUPS0931L1ZF,Vaniyambadi,Tamil Nadu,635751,,,,,
1013,"Chn Galaxy Trading & Co.,","No.13/2, Veerasamy St, Periamet, -600003, Ph: 044-25610675",,,Chennai,Tamil Nadu,,,,,,
1014,Chn Ganesh Cartons India (P) Ltd,"No.871/1, Thatankulam Road, Lotus Colony, Madavaram, Chennai-600060",,33AACCG8241J2ZM,Chennai,Tamil Nadu,,,,,,
1015,Chn Ganesh Leathers,Vaniyambadi,,,Vaniyambadi,Tamil Nadu,,,,,,
1016,Chn Ganges International Pvt Ltd,"No.5-1,Karasur Road,, Sedarapet,Puducherry-605111",,34AAACG4177F1ZT,Puducherry,Puducherry,,Mr.Himanshu Jindal,,+91-8630983672,himanshu.j@gangesintl.com,
1017,Chn G.B.International,"No.16,North Phase, Ambattur Estate Road, SIDCO Industrial Estate, -600098, Ph: 9841016054, Ph: -44-26246105, 65918110",,,Chennai,Tamil Nadu,,,,,,
1018,Chn Gemini & Co,Ambur-635811,,33AAMFG0695D1ZI,Ambur,Tamil Nadu,635811,,,,,
1019,Chn Gemini Shoes Exports,"Vinnamangalam, ",,,Vellore,Tamil Nadu,,,,,,
1020,Chn Generic Skins,,,,Chennai,Tamil Nadu,,,,,,
1021,Chn Genesis Skins,"C/o.Kareema Leather Products, E.K Guru Street, Periamet, -600 003",,,Chennai,Tamil Nadu,,,,,,
1022,Chn Genuine International,"B.O.: 42, SIDCO, Sipcot,, Ranipet-632403",,33ATDPK4397E1ZQ,Ranipet,Tamil Nadu,632403,,,,,
1023,Chn Genuine Leathers,,,,Vaniyambadi,Tamil Nadu,,,,,,
1024,"Chn Ggn & Co.,","Ggn & Co., Naidu Shop Rd, Radha Nagar, Chrompet, -600044",,,Chennai,Tamil Nadu,,,,,ggn1923hides@gmail.com,
1025,Chn Ghani Enterprises,"50, Ground Floor, Oomer Road,, Ambur-635802",,33BSQPD1567E1ZV,Ambur,Tamil Nadu,,,,,,
1026,Chn G.H.Induction India Pvt Ltd,"DP No : 145-147 & 158-160,, 2th Main Road, SIDCO Industrial Estate,, Thirumudivakkam, -600 044",,,Chennai,Tamil Nadu,,,,,,
1027,Chn G.H.S. Leathers,"35/1, V.V. Kovil Street, Periamet, Chennai-3.",,33AORPM4613E1Z1,Chennai,Tamil Nadu,638005,,,,,
1028,Chn Gillani Skinwear Exports,"No.7- B K N, Off Rithedon Road, Vepery, Chennai-600 007, Ph : 044- 2532 1366",,33AAAFG4541L1ZK,Chennai,Tamil Nadu,,,,,,
1029,Chn  Gion Tan Shoes,,,,Chennai,Tamil Nadu,,,,,,
1030,Chn Girilak Shoe Accessories,"No.95/21, Vanapadi Road,,  - 632401",,,Ranipet,Tamil Nadu,,,,,,
1031,Chn  Glamour Leather,,,,Chennai,Tamil Nadu,,,,,,
1032,Chn Global Resources Management Group,"8/358 North Main Road, Anna Nagar Wast Extn, -600 101",,,Chennai,Tamil Nadu,,,,,,
1033,Chn Global Shoe Fabrics,"Sole Division, SF No.254/3A, M.C.Road,, Vinnamangalam Village,, Minnur Post, Ambur-635807",,33CDXPS7830N1ZI,Ambur,Tamil Nadu,635807,,,9442558735/ 9751977675,,
1034,Chn Global Textiles,"Wood Working Compound H3/3, Bharathidasan Colony, K K Nagar Chennai",,33AMQPJ5789B1ZS,Chennai,Tamil Nadu,600078,,,,,
1035,Chn Globalution Shoes Pvt Ltd,"#2/24, Amman Nagar, Melmonavur, Vellore-632010",,33AACCG7396L1Z5,Vellore,Tamil Nadu,,,,,,
1036,Chn Glory Exports,"No.9, Narasimman St, Nagalkeni, Chromepet,  - 600 044",,,Chennai,Tamil Nadu,,,,,,
1037,Chn G.M.S.Footwear,,,,Chennai,Tamil Nadu,,,,,,
1038,Chn Gokul Arowana Agencies,,,,Chennai,Tamil Nadu,,,,,,
1039,Chn Good Leather Shoes Pvt Ltd,"No.16, Thiruvengadam Street,, Periamet, Chennai-600 003",,33AAACG8998G1Z8,Chennai,Tamil Nadu,600003,Mr.Jagadish,044-25611255,,unit2stores@goodleathergroup.com,chennai@graciousexpress.com
1040,Chn Gopal & Company,,,,Chennai,Tamil Nadu,,,,,,
1041,Chn GPS International,"No.3/1, Munuswamy Street,, Ganapathypuram, Chromepet,, Chennai-600 044",,33ADAPU6556C1ZN,Chennai,Tamil Nadu,600044,,,,shankar_itsme@yahoo.co.in,
1042,Chn Grace Weaves Exports LLP,"No.16, Dr.Subbaryan Nagar 1st Street,, Kodambakkam, Chennai-600 024",,33AALFG8645A1ZJ,Chennai,Tamil Nadu,600024,Mr.Selvarajan,044-24839487 / 88,94439 87686,,
1043,Chn Grainz Leather Products,Chennai,,,Chennai,Tamil Nadu,,,,,,
1044,Chn Green India,Vellore,,33ALPPP5088F1ZP,Vellore,Tamil Nadu,,,,874511485,,
1045,Chn Green Pearl Electronics Pvt. Ltd,"No.211/1 & 211/2, East Potheri Village, Kattankulathur, , , Tamil Nadu-603203",,,Chennai,Tamil Nadu,,,,,,
1046,Chn Green Reck Enterprises Pvt Ltd,"#1, Talco Industrial Estate, Madhavaram, -60",,,Chennai,Tamil Nadu,,,,,,
1047,Chn Green Rock Enterprises,"J-1 Unit, Talco Industrial Estate, Madhavaram, Chennai-600 060",,,Chennai,Delhi,,,,,,
1048,Chn GRT Hotels & Resort Pvt Ltd,"136, Usman Road, T.Nagar, -600 017",,,Chennai,Tamil Nadu,,,,,,
1049,Chn G.S.Enterprises,"No.16, 6th St, Goverthana Nagar, Nerkundram,Mettukuppam, Chennai-600107, Ph : 9080192201",,33ALMPG6409J1ZT,Chennai,Tamil Nadu,,,,,,
1050,Chn G.T.F.C Ltd,"GTFC House' 2/1,, Subbarayan Street,, Nungambakkam,
, Chennai-600 034",,33AAACG3816B1ZB,Chennai,Tamil Nadu,600034,,,,,
1051,Chn G.T.Polymers,"No.171-B, G.N.T Road, Padiyanallur, Chennai-600052",,33AAMFG6351L1Z4,Chennai,Tamil Nadu,,,,+91-8122077008,,
1052,Chn Guru Shoes Last Development,,,,Ambur,Tamil Nadu,,,,,,
1053,Chn Gusto Footwear Pvt Ltd,"3/167A, Sakthi Illam, Ashtalakshmi Avenue, Parthasarathy Nagar, Manapakkam,  - 600125",,,Chennai,Tamil Nadu,,,,,,
1054,Chn G.V.Communications,,,,Chennai,Tamil Nadu,,,,,,
1055,Chn H-3 Tanning Co.,"2/14 1st Floor Rama Street, Periamet",,33AAGFH0872H1ZK,Chennai,Tamil Nadu,600003,,,,,
1056,Chn Habeeb Hides,"No.3/2, Jamalia Nagar, Per High Road, Chennai-600 012, 044-26620087",,,Chennai,Tamil Nadu,,,,,,
1057,Chn Habeeb Tanning Company,"#3, Jamalia Nager, Perambur High Road,, Chennai-600012",,33AAAFH0373B1Z6,Ambur,Tamil Nadu,600012,,,,adminacc@habeebtanning.com,
1058,Chn Hafsah International,"No.9, M.V.B St, Periamet, Chennai-600 003",,33CTTPS9171G1ZY,Chennai,Tamil Nadu,,,,,,
1059,Chn H A Haleen,,,,Ambur,Tamil Nadu,,,,,,
1060,Chn Halcyon Footwear (P) Ltd,"No.39, Anna Salai, Nagalkeni, Chromepet, Chennai-600 044",,33AABCH6071L1ZJ,Chennai,Tamil Nadu,,,,,,
1061,Chn Hamza Exports,"No.196, Service Road, Thirumalai Nagar, Anakaputhur, Chennai-70",,33BFYPA2623B1ZW,Chennai,Tamil Nadu,,,,,,
1062,Chn Hamza Impex,"No.2, Maangattan  Shaik Mohammed St,, Ambur-635802",,33BFYPA2623B1ZW,Ambur,Tamil Nadu,635802,,,9944130410,,
1063,Chn  Hamza International,"No.1097/6,Bushra Impex,, 1st Floor P.J.Nehru Road ,, Vaniyambadi-635751",,33AQCPV1668B1Z0,Vaniyambadi,Tamil Nadu,,,,,,
1064,Chn Haniya Exports,Ambur,,33AAKFH2476H1ZC,Ambur,Tamil Nadu,,,,,,
1065,CHN Haniya Leather Impex,No.22 Amanbh ,,,Ranipet,Tamil Nadu,,,,,,
1066,Chn Hansa Leather Exports,,,,Chennai,Tamil Nadu,,,,,,
1067,Chn Happy Feet India Pvt Ltd,"E42, Brook Block, Arihant Escapade,, 48, Devaraj Nagar, Thoraipakkam,, Chennai-600 096",,33AABCH9460P1Z4,Chennai,Tamil Nadu,600096,Banumathy Sridharan,,9500041926,"sg@happyfeetindia.com",
1068,Chn Haramaeen Enterprises,,,,Ranipet,Tamil Nadu,,,,,,
1069,Chn Haresh Chand & Sons,"119, Old No.63, Paras Towers, 1s Floor, Choolai High Road, -600 112",,,Chennai,Tamil Nadu,,,,,,
1070,Chn  Hariani & Co,,,,Ambur,Tamil Nadu,,,,,,
1071,Chn Harini & Co,,,,Ambur,Tamil Nadu,,,,,,
1072,Chn Harsha Leather,"B1 28/37 First Floor, Kattur Sadaya, Periamet,, Chennai",,33AAFPN1210J1Z7,Chennai,Tamil Nadu,600003,,,,,
1073,Chn Harsh Enterprises,,,,Chennai,Tamil Nadu,,,,,,
1074,Chn Hasan Leather Co,,,,Chennai,Tamil Nadu,,,,,,
1075,Chn Hasbi International,"Thuthipet, Ambur-635802",,33CCLPS4638F1ZD,Ambur,Tamil Nadu,635802,,,,,
1076,Chn Hawwa Trading & Co.,"No.1, 1st Flr, Wutucattn St,, Periamet, Chennai-600 003",,33GGTPS8326C1Z5,Chennai,Tamil Nadu,600003,,,,,
1077,Chn Heels & Toes Leather Pvt Ltd,"# 20, G-Floor, South Usman Road,, T.Nagar, Chennai-17",,33AABCH8893G1ZC,Chennai,Tamil Nadu,,,,,,
1078,Chn Heifer Hides,"35/2, V.V.Koil Street,, Periamet, Chennai-3",,33AAIFH4600D1Z0,Chennai,Tamil Nadu,600003,Mr.Khaleel,044-42064774,,friendshiptanners@gmail.com,
1079,Chn Hiba Tanning Company,"New No.6c, Old No.30,, Secretariat Colony, 1st Street,, Kilpauk Chennai-600 010",,33AAGFH1869Q1ZU,Chennai,Tamil Nadu,60010,Mr.Ahmed,,044-445126085,,
1080,Chn Hide Leather,,,,Ranipet,Tamil Nadu,,,,,,
1081,Chn Hifasn Leather Products Co,"# 3, 36th Street, Thillai Ganaga Nagar,,  - 600 061",,,Chennai,Tamil Nadu,,,,,,
1082,Chn Hijaz Kuroda Gloves Company Pvt Ltd,"#19 Alangayam Cross Road,, Perumalpet, Vaniyambadi-635751",,33AACCH5866L1Z9,Vaniyambadi,Tamil Nadu,635751,,,,v.shafeeque@gmail.com,
1083,Chn Hijaz Leather Pvt Ltd,"17/7,First Floor,, Wuthucattan Street,, Chennai-600003",,33AABCH5963P1Z4,Chennai,Tamil Nadu,,,,,,
1084,Chn Hi Land Leather Impex,"#5/19, 1st Floor,, E.K.Guru Street,, Periamet, Chennai-600 003",,33AAJFH7488L1ZQ,Chennai,Tamil Nadu,600003,Mr.Abudl Razzak,,9962042347,,
1085,Chn Hindustan Foods Ltd,"#254/1B-Poothurai-Gorimedu Road,, Poothurai Revenue Village, Vanur (TK), Villupuram (DT), Tamil Nadu-605111",,33AAACH4581J1ZL,Vilupuram,Tamil Nadu,605111,Mr.Arun Kumar,,7094472707,commercial.pdy@thevanitycase.com,
1086,Chn Hira Enterprises,"No.148/1, Kandrampalli Road, Thuthipet Village, Ambur, Ambur-635 810",,33AWKPA4245K1ZN,Ambur,Tamil Nadu,635810,,,,,
1087,Chn Hitason Leather Products,,,,Chennai,Tamil Nadu,,,,,,
1088,Chn Hiva Enterprises,,,,Ambur,Tamil Nadu,,,,,,
1089,Chn Hochste Health Care Pvt Ltd,"Plot No 12, Sripuram, 3rd Cross St Tiruneermalai Road, Chromepet-600 044",,33AADCH6845E1ZQ,Chennai,Tamil Nadu,600044,,,,,
1090,Chn H.Q.Leathers,,,,Ranipet,Tamil Nadu,,,,,,
1091,Chn Humaid Overseas,,,,Vaniyambadi,Tamil Nadu,,,,,,
1092,Chn Humera Sole Leathers,"No. 7, V. Kota Road,, Pernambut Industrial Area,, Vellore-635810, Tamil Nadu, India",,33AJMPM1871A1ZI,Pernambut,Tamil Nadu,635810,Mr.Waseem,,94431 42473,,
1093,Chn Hurera Leather Company,"39/1, Gudiyattam Road, Chinnavarigam, Ambur-635811, Ph: Tel: +91 4174 249575",,33AACFH2693C1ZR,Ambur,Tamil Nadu,,,,,,
1094,Chn Hyland Enterprises,,,,Ambur,Tamil Nadu,,,,,,
1095,Chn I Ads & Events Pvt Ltd,,,,Chennai,Tamil Nadu,,,,,,
1096,Chn Ibura Leather Exports,"No. 15/5, Perianna Maistry St, Periamet, -600003",,,Chennai,Tamil Nadu,,,,,,
1097,Chn Iconium Leather Works Pvt Ltd,,,,Ranipet,Tamil Nadu,,,,,,
1098,Chn Ideal Components,,,,Ambur,Tamil Nadu,,,,,,
1099,Chn Ideal Exim,"#57, Mohd Pura, 2nd St, Opp to Sub Regtr Off,, Ambur-635802",,,Ambur,Tamil Nadu,635802,,,,,
1100,Chn Ideal Fastner  India Pvt Ltd,"C-5 Phase II 3rd Main Road, Tambaram  Chennai-600045",,,Chennai,Tamil Nadu,600045,,,,,
1101,Chn Ideal Impex,"No.10/B, Muthu Gramani St,, Periamet, Chennai-600 003",,33AMTPA4017G2ZC,Chennai,Tamil Nadu,600003,Mr.Tabrez,98941 45929,,,
1102,Chn Identity Leather,"13/1 /A Ground Floor, Kattur Sadayappan St,, Park Town, Chennai - 600003",,33HBEPS7593Q1ZI,Chennai,Tamil Nadu,600003,Mr.Ajaz,,9443136514,,
1103,Chn Ifza Soles,"71/2, Chinnavarigam,, Ambur-635811",,33AKKPA8832E1ZF,Ambur,Tamil Nadu,,,,8838164967,,
1104,Chn Imaans Shoes Pvt Ltd,"No 5, Cooks Road, Otteri,, Chennai - 600012",,33AACCI9211J1ZP,Chennai,Tamil Nadu,,,,,contact@imaansshoes.com,
1105,Chn Impress Cutting Dies Pvt Ltd,"No.2, Vanacaram Road,, Ambattur Industrial Estate,, Behind Broke Bond Lipton, Chennai-600 058",,33AAACI5727R1Z6,Chennai,Tamil Nadu,600058,Mr.Bharat,,98401 35249,,
1106,Chn Imza Scm,"F- 41,1st Floor, Jasmingarden,, 62, Alagappa Rd, Pursaiwakkam, -600 084",,,Chennai,Tamil Nadu,,,,,,
1107,Chn Inam Ul Hasan,.,,,Chennai,Tamil Nadu,,,,,,
1108,Chn Inca Radiant Engg India Pvt Ltd,,,,Chennai,Tamil Nadu,,,,,,
1109,Chn Indcoat Soles Pvt Ltd,"Noor Mahal, 722 Ambur Road, Ranipet",,33AACCI6316C1Z4,Ambur,Tamil Nadu,,Mr. Anil Kumar Khemka,9839101149,,info@indcoat.com,
1110,Chn Indian Foam Industries,,,,Ambur,Tamil Nadu,,,,,,
1111,Chn Indian Leathers,"V.A.Kareem Road,, Ambur-635802",,33BJAPS6772F1Z3,Ambur,Tamil Nadu,,,,967763 1205,,
1112,Chn Indian Plastics,"Bhandar No-15/7, Gandhi Nagar Main Road , Ekkaauthangal",,,Chennai,Tamil Nadu,600032,,,,,
1113,Chn Indian Shoes Accessories,"No.186, Pursawalkam High Road, City Centre, Room No.10, -600 010",,,Chennai,Tamil Nadu,,,,,,
1114,Chn Indian Tanning Company,,,,Vaniyambadi,Tamil Nadu,,,,,,
1115,Chn India Shoes Export Pvt Ltd - Unit C,"151/4, Mount Poonamallee Road, Ramapuram- Chennai-600089",,33AAACI5683A1ZY,Chennai,Tamil Nadu,600089,,,,,
1116,Chn India Shoes Exports Pvt Ltd,"151/4, Mount Poonamallee Road, Ramapuram- Chennai-600089",,33AAACI5683A1ZY,Chennai,Tamil Nadu,,,,,,
1117,Chn India Shoes Exports Pvt Ltd - DTA Upper,"151-4 , Mount Poonamallee Road,, Ramapuram , 600 089",,,Chennai,Tamil Nadu,,,,,,
1118,Chn India Shoes Exports Pvt Ltd - Unit 3,"151/4, Mount Poonamallee Road, Ramapuram- -600089",,,Chennai,Tamil Nadu,,,,,,
1119,Chn India Tanning Company,,,,Vaniyambadi,Tamil Nadu,,,,,,
1120,Chn Indigo Shoes & Fashion,"Poru,  -600116",,,Chennai,Tamil Nadu,,,,,,
1121,Chn Indiport Footwear Pvt Ltd,"#27/28, Manthangal Village,, Old Amoor Road, Ranipet",,33AABCI6068E1ZS,Ranipet,Tamil Nadu,,,,,nithi@indiport.org,umaindiport@gmail.com
1122,Chn Indo Global Footwear,"No.1,P J Nehru Road,, Vaniyambadi-635751",,33AAFFI6695E1Z9,Vaniyambadi,Tamil Nadu,,,,,,
1123,Chn Indo Groups,"SF No.10, Gudiyatham Road,, Chinnavarigam Post,, Ambur-635802",,33ACAPH5157K1ZQ,Ambur,Tamil Nadu,Ambur,,,93600 58992,,
1124,Chn Indo Shoes,"SF No.10, Gudiyattam Road,, Chinnavarigam Post,, Ambur-635802",,33AAFFI4243Q1Z4,Ambur,Tamil Nadu,635802,,7708086943,9003410834,,
1125,Chn Indtech Creations,"52/3B,Wuthucattan Street,, Periamet,Chennai-600003",,33AZZPM2269H1ZT,Chennai,Tamil Nadu,,Ms.Madhu,,,accounts@trileder.com,
1126,Chn Indus Chemie Exports Pvt Ltd,"S-2, Govt Talco Industrial Estate, Madhavaram, -60060",,,Chennai,Tamil Nadu,,,,,,
1127,Chn Indus International,"324, 2nd Avenue,, Anna Nagar West Extn, Chennai-600101",,33AIAPP2855Q1ZU,Chennai,Tamil Nadu,600101,,,,,
1128,Chn Industrial Connections,"Ac-91/28 Sidco Industrial Estate,, Thirumudivakkam, Chennai",,33AACPE6475F2Z1,Chennai,Tamil Nadu,,,,,,
1129,Chn INMA Enterprises,"No.13/7, Ramasamy Pillai St, Barracks Road, Periamet, -600 003",,,Chennai,Tamil Nadu,,,,,,
1130,Chn Instyle Leathers,,,,Ranipet,Tamil Nadu,,,,,,
1131,Chn Inter Mode International,"R-36, 16th Street, R Block,, Anna Nagar, Chennai-600 040",,33AAAFI1909E1ZZ,Chennai,Tamil Nadu,600060,,044-25556985 / 25552362,,,
1132,Chn International Book House P Ltd,,,,Chennai,Tamil Nadu,,,,,,
1133,Chn International Leather Materials,"No-4-B, Vepery High Road,, Periyamet, Chennai-600 003",,33AABFI1586J1ZE,Chennai,Tamil Nadu,600003,,,,Kavitha@ilmindia.in,
1134,Chn International Trading,,,,Chennai,Tamil Nadu,,,,,,
1135,Chn International Trading Company,"No.32, Karpura Street, Periamet, -3",,,Chennai,Tamil Nadu,,,,,,
1136,Chn Intrenze,"216, Ambur High Road,, Pernambut-635810",,33AACF17932D1Z0,Ambur,Tamil Nadu,,,,,,
1137,Chn  Iram Trading Agencies,Ambur,,33AWCPT6234C1ZS,Ambur,Tamil Nadu,,,,,,
1138,Chn Irbaz Shoe Company,"No.2(487), Kilpauk Garden Road, Kilpauk, Chennai-600 010",,33AAAFI5586M1Z1,Chennai,Tamil Nadu,600010,,044-2660 5566,,admin@irbaz.com,
1139,Chn Irfanullah S,,,,Ambur,Tamil Nadu,,,,,,
1140,Chn I Style Leathers,"No.272/B, Mehar Complex,, Anna Salai, Melvisharam-632 509",,33AAEFI7940P1ZX,Vellore,Tamil Nadu,,Mr.Rafeeque,,9994021979,istyleleathers@gmail.com,
1141,Chn Iswarya Enterprises,,,,Chennai,Tamil Nadu,,,,,,
1142,Chn Itakem Finechem Pvt Ltd,"#27, 2nd Floor,, Periyar EVR High Road Lane,, Flowers Road, Chennai - 600084",,33AABCI7749C1ZQ,Chennai,Tamil Nadu,,,,,,
1143,Chn Itares Shoes Pvt Ltd,"#33, Gudiyatham Road, Thuthipet, Ambur-635 811",,33AABCI6037R1Z8,Ambur,Tamil Nadu,635811,Mohamed Amjath Ali,+91 4174 244800,,accounts@itaresshoes.com,
1144,Chn Izaan Exports,"49/4, VALAYAMPET ROAD, VALAYAMPET/VANIYAMBADI",,33AAFFI6874F1ZA,Vaniyambadi,Tamil Nadu,635751,,,,,
1145,Chn J.A.Ameen & Brothers,"No.9, Adam Nagar 1st St,, Nagalkeni, Chromepet-600044",,33FQDPS0831K1ZR,Chennai,Tamil Nadu,600044,,,,,
1146,Chn Jabsons Leather Industries,"158A, Sipcot Industrial Complex, Sipcot,  - 635 403, Vellore Dist, T.N. India.",,,Ranipet,Tamil Nadu,,,,,,
1147,Chn Jacs Halinsa,"No. 479/2&3 Ponai Road, New Agravaram, Ranipet, India Pin : 632 404",,33AAHFJ1671P1Z1,Ranipet,Tamil Nadu,632403,,+91 4172 244439,,accounts@jacshalinsa.com,
1148,Chn Jafra Insoles India Pvt Ltd,"Thuthipet, , -635 811",,,Vellore,Tamil Nadu,,,,,,
1149,Chn Jahan Leather Exports,"No.50, RX Complex, Anna Salai, Nagalkeni, Chromepet, Chennai- 600 044",,33AAEFJ3206B1Z6,Chennai,Tamil Nadu,600044,,,,,
1150,Chn  Jai Agencies,,,,Chennai,Tamil Nadu,,,,,,
1151,Chn J A Jolli,,,,Chennai,Tamil Nadu,,,,,,
1152,Chn Jatin Overseas - Unit II,"No.11/1, J.J.Nagar,, Kandrampalli Road,, Thuthipet, Ambur-635802",,33DBAPK3751C1Z7,Ambur,Tamil Nadu,635802,,,,,
1153,Chn Jawad & Co,"74/806, Madurai Ismail Sb St,, Khaderpet, Vaniyambadi-635751",,33AAKFJ6726A1ZN,Vaniyambadi,Tamil Nadu,635751,Mr.Irfan,,90875 79789,jawadandco2015@gmail.com,
1154,Chn  Jaya Sree Madiun Shoe Club Ltd,,,,Chennai,Tamil Nadu,,,,,,
1155,Chn J. J. Enterprises,"277 1st Floor Royapettah High Road, Royapettah Chennai",,33AGEPJ5078M1Z4,Chennai,Tamil Nadu,600014,,,,,
1156,Chn J J F Costings Ltd,Chennai,,,Chennai,Tamil Nadu,,,,,,
1157,Chn J.J.International,"No. 70, Anna Salai, Nagalkeni,, Chromepet, Chennai-600 044",,33AAHFJ8506F1ZI,Chennai,Tamil Nadu,600044,,,96001 18876,,
1158,Chn J.N.L.Footwear Supplies,,,,Chennai,Tamil Nadu,,,,,,
1159,Chn John Small,"No.106, Nallathambi Road, Pammal, -600 075",,,Chennai,Tamil Nadu,,,,,,
1160,Chn Josco Footwear Products Pvt Ltd,"Plot No.9, PIPDIC Industrial Estate, Kirumampakkam, Pondichery, Pondicherry - 607 404, Ph: 0413-2611511",,,Puducherry,Puducherry,,,,,,
1161,Chn JPM Automobiles Ltd,"D1/2 SIPCOT Industrial,, Irungullam Village,, Sriperumbudur Taluk,, Kachipuram Dist.",,33AAACJ2238E1Z4,kanchipuram,Tamil Nadu,602105,G.Selvamani,,8056000392,chennai@graciousexpress.com,
1162,Chn Jtekt India Limited,"POST BOX-14, NH-4 Chennai Bangalore Highway,, Sriperumbudur-602105",,33AABCS7787C1ZA,Chennai,Tamil Nadu,602105,,,,,
1163,Chn J.T.International,"No.26, Kunni Yacob Street,, Ambur-635802",,33AAJFJ3651P1ZZ,Ambur,Tamil Nadu,635802,,,,,
1164,Chn Jumbo Bag Limited,"Thatchoor Kootu Road No-7, Panjetty Village, Ponneri Chennai",,33AAACJ1784D1ZX,Chennai,Tamil Nadu,601204,,,,,
1165,Chn Jupiter Leather Exports,"Sipcot , Ranipet-632403",,33DCKPS5000M1ZG,Ranipet,Tamil Nadu,632403,,Mr.Sundar,98423 22268,,
1166,Chn Kapson Leather,"New No.38, Old No.134,, Vepery High Road,, ",,,Chennai,Tamil Nadu,,,,,,
1167,Chn Karaav Associates,,,,Ambur,Tamil Nadu,,,,,,
1168,Chn Karam Leder Fabric,"#4/7, Kannayiram Street,, 1st Floor, Nagalkeni,, Chromepet, Chennai-600 044",,33AAIFK3737G1ZF,Chennai,Tamil Nadu,,,,97109 40706,,
1169,Chn Karas Polymer & Components,"113, Sipcot, Ranipet-632403",,33AAQFK6187L1ZM,Ranipet,Tamil Nadu,632403,,,,,
1170,Chn Kareema Leather Products,"New 3, Old 18, E.K Guru St, Periamet, Chennai-600 003",,33AAAFK4061D1ZY,Chennai,Tamil Nadu,,,044-2539 4870,,,
1171,Chn Karunya Overseas,"19/7, Neelakandan St,, Ganapathi Nagar, Chromepet, Chennai-600 044",,33AYDPM8959M1ZP,Chennai,Tamil Nadu,600044,,,,,
1172,Chn KAS Industries India Pvt Ltd,,,,Ranipet,Tamil Nadu,,,,,,
1173,Chn Kas Shoes Pvt Ltd,,,,Ranipet,Tamil Nadu,,,,,,
1174,Chn Kay International,Vaniyambadi,,33AARFK3811A1ZR,Vaniyambadi,Tamil Nadu,,Mr.Jamal,,+91 9443324092,kayinternationaljamal@gmail.com,
1175,Chn Kem Finishes (P) Ltd,"18A, Thiruneermalai Rd,, Nagalkeni, Chromepet,, Chennai-600 044",,33AABCK5833D1ZX,Chennai,Tamil Nadu,600044,,,,,
1176,Chn Kenmore Shoes Pvt Ltd,"#40, Poonamallee By- Pass Road, Seneerkuppam, Chennai -600 056",,33AABCK5954B1ZV,Chennai,Tamil Nadu,600056,Mr.Palani,044-64548711 / 044-64548714,9940193496,kensourcing@farida.co.in,
1177,Chn Kenmore Shoes Pvt Ltd - GTA,"#40, Poonamallee Bye Pass Road, Senneerkupam, ",,,Chennai,Tamil Nadu,,,,,,
1178,Chn Khaiser International,"5,Nabi Khan Suberdar St,, Periamet,Chennai-03",,33AAFEK1224A1Z9,Chennai,Tamil Nadu,600003,,044-25612703,,,
1179,Chn K.Harris Ahmed,"#2-5, Chellappa Mudaliar St,, Al-Rahmath Apartment, 4th Floor, Flat H4, Otteri, -600 012",,,Chennai,Tamil Nadu,,,,,,
1180,Chn KH Exports India Pvt Ltd,"No 15/2, College Road, Greames Road,, Near DPI, Nungambakam, Chennai-600 006",,33AAACR1714R1ZA,Chennai,Tamil Nadu,600006,,,,,
1181,Chn KH Exports India Pvt Ltd - Poonamallee,"Poonamallee, ",,,Chennai,Tamil Nadu,,,,,,
1182,Chn Khimjee Hunsraj,"3/5, Valluvar Salai, Ramapuram, ",,,Chennai,Tamil Nadu,,,,,,
1183,Chn K H Industries,,,,Chennai,Tamil Nadu,,,,,,
1184,Chn K H Leather Betls,"#6,, VA Kareem Road,, Ambur-635802",,33APCPH4266A1ZI,Ambur,Tamil Nadu,635802,Mr.Hassan K,,99521 90550,,
1185,Chn K.H.Leather Industries Ltd,"#18, Krishnagiri Bye-Pass Road,, Ranipet.",,33AAACK1425C1ZC,Ranipet,Tamil Nadu,,Mr.Wahab,,9944946437,accounts@ahindia.com,
1186,Chn KHL Leathers,,,,Ranipet,Tamil Nadu,,,,,,
1187,Chn Kim Shoes,,,,Ambur,Tamil Nadu,,,,,,
1188,Chn Kin Shoes,"117/1A, Gudiyattam Road, Periavarikkam, Ambur-635811",,33AAPFK6775K1ZN,Ambur,Tamil Nadu,,,,,,
1189,Chn K K Leather Impex,"NO-24 Thinevengadam, Street Periament, Chennai-600003",,33AAFFK0531R2Z8,Chennai,Tamil Nadu,,,9654944515,,,
1190,Chn K.K.Leathers,Chennai,,33AAOFK3652L1Z0,Chennai,Tamil Nadu,,,,,,
1191,Chnk K M Z Impex,Vaniyambadi,,,Vaniyambadi,Tamil Nadu,,,,,,
1192,Chn KKSK International,"No.67, Sydenhams Road, Periamet, -600003, Ph: 44-25386330, 31, 32",,,Chennai,Tamil Nadu,,,,,,
1193,Chn K.L.Enterprises,"Mr.Raju, ",,,Chennai,Tamil Nadu,,,,,,
1194,Chn K.N.G. Leather Exports,"No.67/39, Wuthucatttan St, 1st Floor, Periamet, -600 003",,,Chennai,Tamil Nadu,,,,,,
1195,Chn K.N.H Shoes,Ambur,,33AATFK0537D1ZI,Ambur,Tamil Nadu,,,,,,
1196,Chn Kns Shoe,"269 Mela Thuri, Ambur",,33AATFK05337D1Z,Ambur,Tamil Nadu,,,,,,
1197,Chn Kohinoor Leather Company,"Marble House, 1st Floor,, No. 118/6, Vepery High Road, Periamet,  - 600003",,,Chennai,Tamil Nadu,,,,,,
1198,Chn Komal Impex,"#3, 1st Floor, Balasubbaraya Chetty Lane, Kasi Chetty, Street, Sowcarpet,   - 600079, 044 - 42165021, 9840914021, 9381916021",,,Chennai,Tamil Nadu,600079,,,,,
1199,Chn Kontact Consortium India Pvt Ltd,"5/7 F Type, 4th Main Rd,, Sidco Nagar, Villivakkam,, , Tamil Nadu 600049, Phone:044 2617 3011",,,Chennai,Tamil Nadu,,,,,,
1200,Chn Kora Shoes Pvt Ltd,"A2-Kaveri Block, Selvam Estates,, New Colony, Chromepet,, Chennai-600 044",,33AADCK8915C1ZS,Chennai,Tamil Nadu,600044,Mr.Madhu Kora,044-42836757,8939879315,finance@korashoes.com,accounts@korashoes.com
1201,Chn Korral Leather Mfrs,"122/1 Anna Salai,, Pammal,, Chennai-600 075",,33AAAFC5243K1ZP,Chennai,Tamil Nadu,600075,,,,,
1202,Chn Kosh Innovations,"Cs.46 & 47, Pipdic Industrial Est,, Mettupalayam, Puducherry-605009",,34APOPK9748J1Z5,Puducherry,Puducherry,605009,Ms.Nalini Kamra,,9360321255,koshinnovations@gmail.com,
1203,Chn Kottai Shoes,"S.F No.160/2, VSF No.160/3A,, Thuthipet, Ambur-635802",,33AALFK0993P1ZP,Ambur,Tamil Nadu,635802,Mr.Siddique Ahmed,,9944616179,harmain.shoes@gmail.com,kottaishoescorporateoffice@gmail.com
1204,Chn K.P.Agency,"65/4, Wuthucattan St, Periamet, -3",,,Chennai,Tamil Nadu,,,,,,
1205,Chn K.P.K Enterprises,"1/10, Songuvel Street, Periyar Nagar, Nagalkeni, Chromepet, -600044, Ph: 044-22386080",,,Chennai,Tamil Nadu,,,,,,
1206,Chn Kranti Exports Pvt Ltd,"Chromepet, ",,,Chennai,Tamil Nadu,,,,,,
1207,Chn K.Rayees Ahmed & Co,,,,Ranipet,Tamil Nadu,,,,,,
1208,Chn Krishna Printers,,,,Chennai,Tamil Nadu,,,,,,
1209,Chn K.R.Shoes,,,,Ambur,Tamil Nadu,,,,,,
1210,Chn K.R.S. Leathers,"V75/31, 1st Floor,, Perianna Maistry Street,, Periamet, Chennai-600 003",,33ATGPA6346J1ZT,Chennai,Tamil Nadu,,,,,,
1211,Chn K.S Elongos,,,,Chennai,Tamil Nadu,,,,,,
1212,Chn Kusal,,,,Chennai,Tamil Nadu,,,,,,
1213,Chn Laavanya Shoes,"No.167,Kilmonavoor Road,, Kilmonavoor Vellore-632 013",,,Vellore,Tamil Nadu,,,,,,
1214,Chn Label Kingdom Printers,"No.1 & 2 ""E"" Road, Koyambedu, -600 107, India, Ph: 09840509097/ 09840507777",,,Chennai,Tamil Nadu,,,,,lalitairways_accounts@yahoo.in,
1215,Chn  Label Kingdom Printers Pvt Ltd,,,,Chennai,Tamil Nadu,,,,,,
1216,Chn Learther Byte,"Chrompet, Chennai.",,,Chennai,Tamil Nadu,,,,,,
1217,Chn Leather Aids & Auxiliaries Pvt. Ltd.,"No.14/33, V.V.Koil Street,, Periamet, Chennai-600 003",,33AAACL0522F1Z9,Chennai,Tamil Nadu,600003,Mr.Ganesh,044-25615405,,,
1218,Chn Leather Berry,,,,Vaniyambadi,Tamil Nadu,,,,,,
1219,Chn Leather Ceraction,,,,Chennai,Tamil Nadu,,,,,,
1220,Chn Leather Craft India Pvt Ltd,"#8-A, First Lane, Cenatoph Rd, Teynampet, -600 018, Mob : 98840 31807",,,Chennai,Tamil Nadu,,,,,accts@lci.co.in,chennai@graciousexpress.com
1221,Chn Leather Engraaving Company,"No.59, Pillayar Koil Street,, Nagalkeni, Chromepet,, Chennai-600 044",,33AAFFL9917L1ZW,Chennai,Tamil Nadu,600044,Mr.Anwar,,88703 97443,,
1222,Chn Leather Hayat,"#20, 1st Floor, Karpura Street,, Periamet, Chennai-600 003",,33AVWPP6503E1ZE,Chennai,Tamil Nadu,600003,Mr.Balaji,,98400 70797,,
1223,Chn Leather House,"28,Al Noor Apartments 3rd Floor,, Vepery High Road, Periamet,, - 600003, Ph: 044 2561 0430",,,Chennai,Tamil Nadu,,,,,,
1224,Chn Leather Hunt Pvt Ltd,"No.44-D, G.S.T.Road, Guindy, -32, Ph: 044-22348479",,,Chennai,Tamil Nadu,,,,,,
1225,Chn Leather Land,"Kandramapalli Road Thutipet, Ambur",,33BCOPK7006B1ZZ,Ambur,Tamil Nadu,,,,,,
1226,Chn Leather Park,"#3/31, 9/A, Mosque St,, Islamiah College Road,, Vaniyambadi-635751",,33AAGFL2731B1ZY,Vaniyambadi,Tamil Nadu,,,,8643072250,,
1227,Chn Leather Plus Exports,"No.64/2, Wucattan Street,, Periamet, Chennai-600 003",,33AAEFL7305F1ZO,Chennai,Tamil Nadu,600003,,,,,
1228,Chn Leather Solutions,"No.252/2, Ammoor Road,, Malligapuram, Manthangal,, Ranipet",,33AAGFL8357D1ZC,Ranipet,Tamil Nadu,,,,8940296336,,
1229,Chn Leather Tech Finisher,"50/1, 1st Floor Wutuchattan Street, Periamet, Chennai",,33AAFFL8953J1ZY,Chennai,Tamil Nadu,600003,,,,,
1230,Chn Leder N Sole Plast,"Flat No.G-1, D.No.17/18,, Jalalpet 1st. Street 3rd Lane, Ambur-635802",,33AACFL4121D1Z2,Ambur,Tamil Nadu,,,,,,
1231,Chn Leder Pointe,"12 Pillayar Kovil Street,, Keelkattalai, Chennai-600 117",,33AAGPI0870E1Z6,Chennai,Tamil Nadu,600117,Mr.Siva,044-2247 1672,98410 97997,,
1232,Chn Leder Space,Ranipet,,33AAEFL0309B1Z6,Ranipet,Tamil Nadu,,,,,,
1233,Chn Legacy Shoe Accessories,"S.No.148/1C, 52, Kandrampalli Road, Thuthipet Village-635 811, -635802, Vellore Dist",,,Vellore,Tamil Nadu,,,+919486719924,,,
1234,chn Legero United Shoes India Private Limited,Ambur,,,Ambur,Tamil Nadu,,,,,,
1235,Chn Legero United Shoes India Pvt Ltd,"No 250/5,250/3A,250/3B,250/4C,, Nellorepettai Panchayat, Lingundrum Village, Gudiyatham,, Vellore-632602",,33AADCL3237G1ZU,Vellore,Tamil Nadu,,,,,,
1236,Chn Lestan Hides & Skins,"Chromepet, ",,,Chennai,Tamil Nadu,,,,,,
1237,Chn  Lethal Maize,,,,Chennai,Tamil Nadu,,,,,,
1238,Chn LG International,"No.5/282, Nethaji Nagar,, Sipcot, - 632403",,,Ranipet,Tamil Nadu,,,,,,
1239,Chn Liberty Trading Co,"No.48 A, M.B.T Road,, Ranipet- 632401",,33AAAPF1959M1ZQ,Ranipet,Tamil Nadu,,,,,,
1240,Chn Lifeline Safety Solutions,"16/24, 6th Cross Street, New Colony, Chrimpet,, Chennai",,33AULPM1908JIZK,Chennai,Tamil Nadu,600044,,,,,
1241,Chn Life Science Laboratories Pvt Ltd,"W 162, Parlk Road, Annna Nagar West Extension,, Chennai-600101",,33AAACL8343G1ZO,Chennai,Tamil Nadu,,,044-42646251,,,
1242,Chn Lintex Agencies,"# 3/9, Sami Mudali Street,, 2nd Floor, Perimet, Chennai",,33AABFL2158B1ZY,Chennai,Tamil Nadu,,,,,,
1243,Chn Little Feet Inc,"C/o.Deepak Das wal, Shakti Tower, 766, Mount Road, Chennai-02",,,Agra,Uttar Pradesh,,,,,,
1244,Chn Lloyds General Agencies,,,,Chennai,Tamil Nadu,,,,,,
1245,Chn Lloyd Shoes India Pvt Ltd,"S.F.No.251/3, Nellorepettai Panchaya, Lingundram Village,, Gudiyatham- 632 602, Vellore District",,33AABCL6112G1Z0,Vellore,Tamil Nadu,,S.S.Janaki,04171-221650,,accounts@lloydindia.in,mageshkumar@lloydindia.in
1246,Chn L.M.S Gani Mohamed & Co,"1/A, Wuthukattan Street,, Periamet, Chennai-600 003, Ph: 044-26221310",,33AAAFL1458M1ZB,Chennai,Tamil Nadu,600003,,044-26221310,,lmsganimohamedco@yahoo.com,chennai@graciouesexpress.com
1247,Chn Lords Plastics Industries,"24/140, Kamarajar St,, Tmp Nagar, Padi,, Chennai-600 050",,33AAFFL5327E1ZN,Chennai,Tamil Nadu,600050,Mr.Nazeem Ahmed,,,lordsfiles@ymail.com,
1248,Chn Lubna Enterprises,"No.31, George Fernandez St, V.O.C. Nagar, Pammal, - 600 075",,,Chennai,Tamil Nadu,,,,,,
1249,Chn Luna Shoes Components,"No-47 Emfrald Nagar Road,, SIPCOT, Ranipet-632 403",,33AAGFL3657C1ZL,Ranipet,Tamil Nadu,,,,,,
1250,Chn Luthfa Shaarin Leathers,"No.31/1, V.V.Koil Street, Periamet, -3",,,Chennai,Tamil Nadu,,,,,,
1251,Chn Lzza Leather Exports,,,,Ambur,Tamil Nadu,,,,,,
1252,Chn Maawa Leather,"C\o.Khaiser International, #5, Nabikhan Subedar Street,, Periamet, -3, Ph: 8925898955 & 9840779808",,,Chennai,Tamil Nadu,,,,,,
1253,Chn Maaz Leather Exports,"1345/A,M.J.Street,, Neelfield,Vaniyambadi-635751",,33AHSPN0662N1ZU,Vaniyambadi,Tamil Nadu,,,,,,
1254,Chn Mac Fari Shoes,"Sami St, Periamet, ",,,Chennai,Tamil Nadu,,,,,,
1255,Chn Mafaaz International,"No.10/A, Muthu Street,, Periamet, Chennai-600 003",,33AHIPT9979N1Z4,Chennai,Tamil Nadu,600003,,,9367670005,,
1256,Chn Mafeez International,"Survey No.7,7th Street Larrai Manguppam,, Devalapuram Post,Land Mark Next to All,, Ambur-635802",,33DUFPS8762J1ZO,Ambur,Tamil Nadu,,,,,,
1257,Chn Mag International Pvt Ltd,"#11, V.V.Koil Street,, Periamet, Chennai",,33AARCS0234L1Z7,Chennai,Tamil Nadu,600003,,,,,
1258,Chn Magnam Leathers,"19-B, Padasalai Street,, Lakshmipuram, Chromepet,, Chennai-600 044",,33AARFM5791R1Z7,Chennai,Tamil Nadu,,,,,,
1259,Chn Magnum Inc,"19/13 Sabari Flats, Chennai-44",,33ABAFM6150C1ZU,Chennai,Tamil Nadu,600044,,,,,
1260,Chn Maharaja Marketing,,,,Chennai,Tamil Nadu,,,,,,
1261,Chn Maharrishi Exports,"Chromepet, Chennai-44",,33AQLPS2336N1ZE,Chennai,Tamil Nadu,600044,,9543179731,,senthilmaharrishi@gmail.com,billing.maa@graciousexpress.com
1262,Chn Mahfeez International,Ambur,,33CUFPS8762J1Z0,Ambur,Tamil Nadu,,,,,,
1263,Chn  Maistry Street Periamet,,,,Chennai,Tamil Nadu,,,,,,
1264,Chn Maj Enterprises,"M.V.Badran St, Periamet, ",,,Chennai,Tamil Nadu,,,,,,
1265,Chn Majestic Footwear,"#2, Krishnan Street,, Srinivasa Colony,, Pammal, Chennai-600 075",,33DCJPS9959C1Z2,Chennai,Tamil Nadu,600075,,,,,
1266,Chn MALIK LEATHER CRAFTS P LTD,PONDICHERY,,,Puducherry,Puducherry,,,,,,
1267,Chn Manish Ashdhir,,,,Chennai,Tamil Nadu,,,,,,
1268,Chn Manish Ashdhir India International,,,,Chennai,Tamil Nadu,,,,,,
1269,Chn Manzoor Ahmed,"Periamet, ",,,Chennai,Tamil Nadu,,,,,,
1270,Chn Mari Leather,"No.20, Kothandam St, Chromepet, -44",,,Chennai,Tamil Nadu,,,,,,
1271,Chn Mark India,"No.10/A, Babullah Markan St,, Ambur-635802",,33CECPM9489M1ZQ,Ambur,Tamil Nadu,635802,,,,,
1272,Chn Markss,"No-16 Mount Poonamallee Road,, Nandambakkam,, Chennai-600089",,33AOVPJ3429B2Z1,Chennai,Tamil Nadu,600089,,9952095570,,,
1273,Chn Maroof Enterprises,"No.12, Kandrampalli Road,, Thuthipet, Ambur",,33ACQPU7596P1Z8,Ambur,Tamil Nadu,635802,Mr.Khaleel,,96001 39159,,
1274,Chn Mars Footwear,", Mob:9003025596",,,Chennai,Tamil Nadu,,,,,,
1275,Chn Marudhar Tanchem Pvt Ltd,"#93, E.V.K. Sampath Road,, Vepery, Chennai-600 007",,33AAACM5279N1Z3,Chennai,Tamil Nadu,600007,Ms.Jancy,,89397 41019,sales@marudhar.net,
1276,Chn Maruthar Tanchem,Chennai,,,Chennai,Tamil Nadu,,,,,,
1277,Chn Maruthi Engineering,,,,Chennai,Tamil Nadu,,,,,,
1278,Chn Maruti Engineering,,,,Chennai,Tamil Nadu,,,,,,
1279,Chn Mascer Leather,,,,Chennai,Tamil Nadu,,,,,,
1280,Chn Mass Lining & Stickering Works,"No.5, M.H.Road, Moolakkadai, - 600 060",,,Chennai,Tamil Nadu,,,,,,
1281,Chn Mass Screens,"7, Rajaji Street, R.K.Road,, Saidapet, Chennai-15",,33AGIPG2776P1ZY,Chennai,Tamil Nadu,600015,Mr.Gopinath,044-43523673,93812 27644,massscreens@yahoo.co.in,
1282,Chn Matrix Stampi Ltd,"19/1 & 4/4, Mailam-Pondy Road,, Sedarapet, Pondicherry-605111",,34AACCM7690K1Z2,Puducherry,Puducherry,605111,,0413 420 4322,,,
1283,Chn M.A. Wajid & Co,,,,Ranipet,Tamil Nadu,,,,,,
1284,Chn Maxim Creations,"46/10, Gandhi Nagar,, Anna Nagar West Extn,, Chennai-600 044",,33BAZPR5932C1ZC,Chennai,Tamil Nadu,600044,Ms.Rekha,07200017515,09382848715,maximcreations2013@gmail.com,
1285,Chn Mayur Sales Corporation,"#59, Mint Street, Near Sowcarpet, Apollo Hospital, Chennai-600079",,33AEBPD4954P1ZC,Chennai,Tamil Nadu,600079,,,,,
1286,Chn M.C International,"Chromepet, Chennai-44",,33AANPM5354N1Z7,Chennai,Tamil Nadu,600044,,,,,
1287,Chn Meenu Handicrafts,"17, Throwpathi Amman Koil Street,, Sanjeevi Nagar, Pondicherry - 605 111",,34BOHPG8395G1ZN,Puducherry,Puducherry,605111,Ganesh Loganathan,,9943645421,ganesh.auroville@gmail.com,
1288,Chn Mega Leathers,"No.B/70,Emerald Nagar,, Sipcot,Ranipet-632403",,33AABFL9599A1Z9,Ranipet,Tamil Nadu,,,,,,
1289,Chn Megawin Leather Pvt Ltd,"No.92B Phase II, Sidco, Industrial Estate, ",,,Ranipet,Tamil Nadu,,,,,,
1290,Chn Meher Impex,Ranipet,,33GRGPS5910A1Z0,Ranipet,Tamil Nadu,,Mr.Nowman,,9884132578,,
1291,Chn MEI Leather,"Pammal, ",,,Chennai,Tamil Nadu,,,,,,
1292,Chn Mercuri Tanners,"119/6B, Adam Nagar, Main Rd, Nagalkeni,, Chromepet, -44",,,Chennai,Tamil Nadu,,,,,mer_kk@yahoo.com,
1293,Chn Meridian Leathers Exports,"No.57/A, Jalal Road,, Ambur-635802",,33AAJFM8106C1ZN,Ambur,Tamil Nadu,635802,,,,mlexport10@gmail.com,
1294,Chn Metaplast Adkrafts,"Sahney Towers,, 81,Poonamallee High Road, Nerkundram,, Chennai - 600107",,33AABFM2344Q1Z6,Chennai,Tamil Nadu,600107,,7200068960,,,
1295,Chn Meta Plast Adkrafts - GTA,"224, P.H.Road, -29, Tel : 044-26641826/0026",,,Chennai,Tamil Nadu,,,,,,
1296,Chn Metro Fabrics,"No.34/24, S-2, 2nd Flr, Postal Colony 1st St, West Mambalam, Chennai-600 033",,33APEPS3476F1ZT,Chennai,Tamil Nadu,,,,,,
1297,Chn Metro Soles,"19/5,Benther Paali Road,, Ambur",,33ABCFM7098M1ZQ,Ambur,Tamil Nadu,,,,,,
1298,Chn MFC Eram Liaison Office,"RK Complex, Survey No.303-B,, 2nd Floor,Block B, Thiruneermalai Road,, Parvathy Puram, Chrompet -600044",,,Chennai,Tamil Nadu,,,,,,
1299,Chn Middle East Tanning Company,"12/1, Venkatasamudiram Road,, Develapuram Post, Ambur-635802",,33AAAFM6846L1Z2,Ambur,Tamil Nadu,635802,,Mr.Thanveer,82201 55449/ 99407 94951,,
1300,Chn Mifra Shoes & Accessories,"38/A/11, Jalal Road Mottukollai,, Ambur-635802",,33APEPP1044A1ZM,Ambur,Tamil Nadu,635802,,,,,
1301,Chn Miles Shoes,,,,Chennai,Tamil Nadu,,,,,,
1302,Chn Miracle,"9/21,  Wuthucattan St,, Periamet, Chennai-600 003",,33BGZPA5064L1ZZ,Chennai,Tamil Nadu,600003,Mr.Javeed,,99622 73836,,
1303,Chn Mitra,"Old No, 45, Balaji Nagar,, First Main Road. Ekkattuthangal,, Chennai-600032",,33AADPV3329G1ZS,Chennai,Tamil Nadu,600032,Ms.Bharathi,044-4264 7494,,,
1304,Chn Mizab Traders,"No.13/2, Veerasamy St,, Periamet, Chennai-600 003",,33AULPT5901G1ZJ,Chennai,Tamil Nadu,600003,,,,,
1305,Chn M.L.M.Impex,"No, 7 M.G.R, Salai,, Nagalkeni, Chrompet,,  - 600044",,,Chennai,Tamil Nadu,,,,,,
1306,Chn M+L Shoes Accessories Pvt Ltd,"Sevoor, Vellore Dist.",,33AAJCM0242L1ZL,Vellore,Tamil Nadu,,,,,,
1307,Chn mm Belt House,Chennai,,,Chennai,Tamil Nadu,,,,,,
1308,Chn M.M.Industries,,,,Chennai,Tamil Nadu,,,,,,
1309,Chn  M.Nawaz,,,,Chennai,Tamil Nadu,,,,,,
1310,Chn Modern Exports,,,,Ambur,Tamil Nadu,,,,,,
1311,Chn Modern Shoes,"55BI Phase-I,, SIPCOT Industrial Complex,, SIPCOT, Ranipet-632 403,, Vellore, Tamil Nadu",,33AAFPP2857B1ZZ,Ranipet,Tamil Nadu,632403,Ms.Malliga,,9047025787,accounts@modernshoes.in,
1312,Chn Modish Leathers,"6/1, Tharvazi Road,, Ambur-635802",,33AHNPA9126B1ZS,Ambur,Tamil Nadu,,,,,,
1313,Chn Modish Shoes,"6/1, Tharvazi Road,, Ambur",,33AAOFM3493M1ZP,Ambur,Tamil Nadu,,Mr.Suhail,,+91-9597007850,modish_shoes@yahoo.com,
1314,Chn Mohammed Rashid,", Mob : 9551885645",,,Chennai,Tamil Nadu,,,,,,
1315,Chn Mohib Shoes Pvt Ltd,"No.18,  Sami Street,, Periamet, Chennai-600 003",,33AAECM6730A1Z0,Chennai,Tamil Nadu,600003,,,,admin@mohibshoes.com,
1316,"Chn Mohideen & Co.,",", Ph: 98403 80379",,,Chennai,Tamil Nadu,,,,,,
1317,Chn Mona Impex,", Ph: 09003191807",,,Chennai,Tamil Nadu,,,,,,
1318,Chn Moolai Leather Exports,"No. 4/119,Cutchery Rd,, Extn,Valayampet,, Vaniyambadi-635751",,33AFJPM8082Q1ZO,Vaniyambadi,Tamil Nadu,635751,,,,,
1319,Chn Moonstar Display Company,", Ph: 09884061700",,,Chennai,Tamil Nadu,,,,,,
1320,Chn Mother Impex,"AMMOOR ROAD NO.3, MANTHANGAL POST, RANIPET",,33ABBFM2485M1Z2,Ranipet,Tamil Nadu,632401,,,,,
1321,Chn Motherson Automotive,,,,Chennai,Tamil Nadu,,,,,,
1322,Chn Mothi Leather Creation,"No.23/1, Perianna Maistry St, Periamet, Chennai -600003",,33CSGPP1873E1ZR,Chennai,Tamil Nadu,600003,,,9600883244,,
1323,Chn Mouli Fashion Leather,"I-2, Talco Industrail Estate,, Madhavaram,  -06",,,Chennai,Tamil Nadu,,,,,,
1324,Chn Mouzi Fashion Leather,-600 006,,,Chennai,Tamil Nadu,,,,,,
1325,Chn Mphasis E.Com Services,"22/6, Chankkarai Street, Kondithope, -79",,,Chennai,Tamil Nadu,,,,,,
1326,Chn Mr.Abrar Ahmed,"Periamet, , Ph: 9629850099",,,Chennai,Tamil Nadu,,,,,,
1327,Chn Mr.A. Nagappan,,,,Chennai,Tamil Nadu,,,,,,
1328,Chn Mr.Anwar Hussain,"Periamet, ",,,Chennai,Tamil Nadu,,,,,,
1329,Chn Mr. Asif,"Brand Hub, Vaniyambadi.",,,Vaniyambadi,Tamil Nadu,,,,7845446933,,
1330,Chn Mr.Chandra,"Koyambedu, ",,,Chennai,Tamil Nadu,,,,,,
1331,Chn Mr.Faisal,", 08870717072",,,Chennai,Tamil Nadu,,,,,,
1332,Chn Mr.Ismail,Chennai,,,Chennai,Tamil Nadu,,,,,,
1333,Chn Mr.Kumar Narayan,", Ph: 9946154639",,,Chennai,Tamil Nadu,,,,,,
1334,Chn Mr.Layeeque Jee,,,,Ambur,Tamil Nadu,,,,,,
1335,Chn Mr.Nawaz,,,,Chennai,Tamil Nadu,,,,,,
1336,Chn Mr.Rajini,,,,Chennai,Tamil Nadu,,,,,,
1337,Chn Mr.Rashid,"Chennai, Cell : 9551885645",,,Chennai,Tamil Nadu,,,,,,
1338,Chn Mr.Razak,,,,Chennai,Tamil Nadu,,,,,,
1339,Chn Mr.Roberto Allogrour,,,,Chennai,Tamil Nadu,,,,,,
1340,Chn M.S.Enterprises,,,,Ambur,Tamil Nadu,,,,,,
1341,Chn M S K Enterpries,", Ph: 9791677115",,,Chennai,Tamil Nadu,,,,,,
1342,Chn M.S.Khan,,,,Chennai,Tamil Nadu,,,,,,
1343,Chn MSN  Exports,"Chennai, Tamil Nadu",,,Chennai,Tamil Nadu,,,,,,
1344,Chn Ms.Nikitha Singh,"Ekkattuthangal, ",,,Chennai,Tamil Nadu,,,,,,
1345,Chn M.S.N Leather Company,"No.63, Jermiah Road, Vepery, Chennai-600 007",,33AAICM7014M1ZC,Chennai,Tamil Nadu,600007,Mr.Mohd Zubair,044-42176866,8056062100,,
1346,Chn MSN Leather Company Pvt Ltd,"No.63,Jermiah Road, Vepery,, Chennai-600007",,33AAICM7014M1ZC,Chennai,Tamil Nadu,,,+91-4442176866,,msnlcpl@gmail.com,
1347,Chn M.S Overseas,"6/60  Niyamath Street, Pernsmbut  Vellore, 635810",,33CTTPM4346P1ZU,Vellore,Tamil Nadu,635810,,,,,
1348,"Chn Mukthar & Co.,","Periamet, ",,,Chennai,Tamil Nadu,,,,,,
1349,Chn Multi impex,"Old No. 145, Linghi Chetty Street, 1st Floor, Parrys, Opposite High Court, Near Punjab National Bank,, Chennai-600001, Tamil Nadu,",,,Chennai,Tamil Nadu,600001,,,08071803052,,
1350,Chn Mumtaz Leather Export,"No.1506/G/1, P.J.Nehru Road,, Vaniyambadi-635751",,33AAXFM6057C1Z3,Vaniyambadi,Tamil Nadu,635751,,,,,
1351,Chn Mustaq Ghs Leather,"V.V.Koil Street, Periamet, ",,,Chennai,Tamil Nadu,,,,,,
1352,Chn M V P N K Enterprises,"#5, Bangaru St, Ellis Rd,, Mount Rd, Chennai-600 002",,33AAAFM8306K1ZD,Chennai,Tamil Nadu,600002,Mr.Gopal Krishnan,,9941919971,mvpnkenterprises@gmail.com,
1353,Chn Naagu Leathers,"No.62, M.G.R.Salai,, Nagalkeni, Chromepet,, Chennai-600 044",,33AAEFN7323B1ZS,Chennai,Tamil Nadu,,,,,,
1354,Chn Naaz Leather Company,"#60/61,Santhapet Mosque Street,, Ambur-635802",,33AACCN8147J1ZB,Ambur,Tamil Nadu,,,,,,
1355,Chn Nabisha Leathers,,,,Chennai,Tamil Nadu,,,,,,
1356,Chn Nafisa Overseas,"T.S. No.73/1A3, #1/209A, Valayampet, -635751",,,Vaniyambadi,Tamil Nadu,,,,,,
1357,Chn Naga Traders,"1A, First Floor, Kailash, Apartments, 5th Trust Cross St,, Mandavelipakkam, Chennai-600 004",,33BPWPP2428D1ZR,Chennai,Tamil Nadu,,Mr.Palanivel,,98427 46947,,
1358,Chn Nagavalli Enterprises,,,,Chennai,Tamil Nadu,,,,,,
1359,Chn Nagesh Yadula,,,,Chennai,Tamil Nadu,,,,,,
1360,Chn Nagyang Shoes Pvt Ltd,"#48, Sipcot Industrial Estate, Serkadu,  - 632403, Ph 04172 246030 / 244033",,,Ranipet,Tamil Nadu,,,,,vlr_nagyang@yahoo.com,vlr_nlplnag@sancharnet.in
1361,Chn Nana Enterprises,"Anakaputhur, ",,,Chennai,Tamil Nadu,,,,,,
1362,Chn Nano Polymers,"#13, First Floor,, Shankar Nagar, Kovur,, Opp. to St.Joesph Arts College,, Chennai- 600 122",,33CADPP4031M1ZQ,Chennai,Tamil Nadu,600122,Mr.Nazeem,,86800 31772,,
1363,Chn Naps India Footwear Company,"Thuthipet, Ambur",,33AAKFN8589M1ZD,Ambur,Tamil Nadu,,,,,,
1364,Chn Naps India Pvt Ltd (Mr.Layeeque Jee),,,,Ambur,Tamil Nadu,,,,,,
1365,Chn Naseer Leathers,"# 1, 7th Street, Arkeeswarar Colony, Nagalkeni, Chromepet,  - 600 044",,,Chennai,Tamil Nadu,,,,,,
1366,Chn Naser Tanning Company,"Garment Division No.1/131A, CNA Road Valayampet, Vaniyambadi-635751",,33AAAFN0380N1ZC,Vaniyambadi,Tamil Nadu,635751,,,,,
1367,Chn Nasl India Shoes Pvt Ltd,Ambur,,,Ambur,Tamil Nadu,,,,,,
1368,Chn Navas Enterprises,,,,Ambur,Tamil Nadu,,,,,,
1369,Chn Naveen Leather,,,,Chennai,Tamil Nadu,,,,,,
1370,Chn Nav International,,,,Chennai,Tamil Nadu,,,,,,
1371,Chn Navrang Agency,"Shop No.36, Bunder Street, -600001",,,Chennai,Tamil Nadu,,,,,,
1372,Chn Navyaa International,"Sipcot, ",,,Ranipet,Tamil Nadu,,,,,,
1373,Chn Nazeem Enterprises,-49,,,Chennai,Tamil Nadu,,,,,,
1374,Chn Naz Leather Exports,"15/4 1st Floor Perianna, Mastori Road Chennai",,33AHTPN5382L1ZM,Chennai,Tamil Nadu,,,,,,
1375,Chn Nekks Industries Pvt Ltd,"4/287, Kundrathur Main Rd, Kovur, Chennai-600 122",,33AAECN7223P1Z6,Chennai,Tamil Nadu,600122,,,,,
1376,Chn New Bollywood Shoes,"No.56, 8th Cross Street, Pulla Avenue, Shenoy Nagar, -600030",,,Chennai,Tamil Nadu,,,,,,
1377,Chn New Saravana Stores,"No.128-130, North Usman Road, T.Nagar, -600 017",,,Chennai,Tamil Nadu,,,,,,
1378,Chn  New Wally Wood Shoes,,,,Chennai,Tamil Nadu,,,,,,
1379,Chn Newzealand Woolon Co,"102-B, Anna Salai, Nagalkeni,, Chrompet, Chennai-600 044",,33AAMFN9560E1Z3,Chennai,Tamil Nadu,600044,,,,,
1380,Chn Nexus International,"No-884/8, Rasamy Salai, K.K Nagar, Chennai",,332A2WPS3697L1Z,Chennai,Tamil Nadu,,,,,,
1381,Chn Nibras & Co,"No.12/42, Taylors Road,, Kilpauk, Chennai-600010",,33AABPL7145E1Z2,Chennai,Tamil Nadu,600010,,,,,
1382,Chn Nibras Shoes Pvt Ltd,"No.12/42, Taylors Road,, Kilpauk, Chennai-600 010",,33AACCN1078Q1Z5,Chennai,Tamil Nadu,600010,,,,,
1383,Chn Nice Casuals,,,,Ambur,Tamil Nadu,,,,,,
1384,Chn Nisar Ahmed,"Thutipet,Ambur",,,Ambur,Tamil Nadu,,,,,,
1385,Chn N.L Enterprises,"No.2A, Srinivasa Cross St,, Lic Colony Extn, Pammal,, Chennai-600 075",,33AKPPM4023Q1ZQ,Chennai,Tamil Nadu,,Mohammed Shafi,,90801 84237,,
1386,"Chn N.M.Hashim & Co.,","#1, Kumarappa Street,, Periamet, Chennai",,33AAAFN5756E1ZH,Chennai,Tamil Nadu,,,04174 243077,,,
1387,Chn N.M.R.Leathers,,,,Chennai,Tamil Nadu,,,,,,
1388,"Chn N.M.Zackriah & Co.,","#67, E.V.K Sampath Road, Vepery, Chennai-600007",,33AAAFN3423E1ZX,Chennai,Tamil Nadu,600007,P Akbar Basha,044-26618037,9841027786,accounts@nmzgroup.in,
1389,Chn N.M.Zackriah & Co - Tannery,"Gudiyatham Road, Thuthipet,, Ambur-635811",,33AAAFN3423E1ZX,Ambur,Tamil Nadu,635811,,,,,
1390,Chn N N & Co.,,,,Ambur,Tamil Nadu,,,,,,
1391,Chn N N Metals,"32/1, Hazrat Mufti Mohd Garden,, Judge Nagar, Ambur-635802",,33AAMFN8593K1ZJ,Ambur,Tamil Nadu,635802,,,94941 91633,,
1392,Chn Noble International,"No-68/34,Nehru Street, Avvai Nagar,, Choolaimedu, Chennai-600 094.",,33AIJPK8402D1ZM,Chennai,Tamil Nadu,600094,,044-265111284,9600001245,info@nobleinternational.net,
1393,Chn Noorul Huda,"Chennai, Tamil Nadu",,,Chennai,Tamil Nadu,,,,,,
1394,Chn Nova Enterprises,"185/1A, Adam Nagar Maind Rd, Pammal, Chennnai-600 075, Off : D.No.4&5, Flat No.F-2, Daya Garden, 1st Flr, 2nd Crosst St, New Colony, Chromepet, Chennai-600 044",,33AAKFN8557D1Z4,Chennai,Tamil Nadu,,Ms.Suganthi,044-4386 5173,,novaenterprises2014@gmail.com,chennai@graciousexpress.com
1395,Chn  Novel Unichem,,,,Chennai,Tamil Nadu,,,,,,
1396,Chn NRL Leathers,"No.2, 1st floor, macfor lane,, Periamet, Chennai 3",,33APSPM3075J1ZH,Chennai,Tamil Nadu,638005,,,,,
1397,Chn NS Exports,"No.1, Palaya Penyaplayathamman Koil St, Pallavaram, Chennai-600 043",,33AEHPB5708D1Z3,Chennai,Tamil Nadu,,,,,,
1398,Chn Om Fabrics,"Old No.29/2, New No.61, Sami Pillai St,, Choolai, Chennai-600 112",,33AKUPG8919Q2Z5,Chennai,Tamil Nadu,600007,Mr.Sandeep,,98844 88206,,
1399,Chn Om Sakthi Leather Finishers,"No.86 Old Colony, Girisamuthiram Will&Post,, Vaniyambadi",,33BYMPS6979R1ZZ,Vaniyambadi,Tamil Nadu,635751,,,:9443390043,,
1400,Chn One Huge Step,"5/61, 2nd Cross, Neelankarai, Chennai-41",,33AADFO3874B1ZK,Chennai,Tamil Nadu,600041,,,98400 41130,,
1401,Chn Orchid Shoes,"# 1ST, Floor, Kundrathur High Road,,  - 602 101",,,Chennai,Tamil Nadu,,,,,purchase@orchidshoes.co.in,orchidshoesu@gmail.com
1402,Chn O.R.E,", Ph: 9994927227",,,Chennai,Tamil Nadu,,,,,,
1403,Chn Osuri Associates,"210-B, 8th Cross Street, Sidco Industrial Estate, Thirumudivakkam, Chennai-600 044",,33AAAFO5317Q1Z2,Chennai,Tamil Nadu,,,,,,
1404,Chn Osuri Footwear Components Pvt Ltd,"219-B, 8th Cross Street, Sidco Industrial Estate, Thirumudivakkam, -600 044",,,Chennai,Tamil Nadu,,,,,,
1405,Chn Oxford Shoes,"New 76/11A2, Old 78/1A2,, Valayambut, Vaniyambadi-635751",,33AABFO6805A1ZV,Vaniyambadi,Tamil Nadu,635751,,,,,
1406,Chn Pacific International,"Netaji Road, Ambur-635802",,33AAOFP2234K1Z5,Ambur,Tamil Nadu,635802,Mr.Muzammil,,99942 05549 / 97515 15898,,
1407,Chn Pacific Traders,,,,Ambur,Tamil Nadu,,,,,,
1408,Chn Padmash Leather & Exports (P) Ltd,,,,Chennai,Tamil Nadu,,,,,,
1409,Chn P.A.Footwear Pvt Ltd,"# 51, 1st Phase, 2nd Cross Road, VGN Nagar, Noolambur, Chennai",,33AAACP1923G1ZW,Ambur,Tamil Nadu,,,,,,
1410,Chn Pakkar Leather Export Co,"""Al-Mamoor"" No-8, 2nd Floor,, No.11/23, Verpery High Road,, Periamet, Chennai-600 003",,33AAAFP6536A1ZR,Chennai,Tamil Nadu,600003,S.Amjad Khan / K.Riyaz,044-25615443,9940175443,office@pakkar.in,chennai@graciousexpress.com
1411,Chn Pambha Enterprises,,,,Chennai,Tamil Nadu,,,,,,
1412,Chn P and R Industries,"No.72, SIDCO Industrial Estate,, Sipcot, Ranipet-632403",,33AADFP9961G1Z1,Ranipet,Tamil Nadu,632403,Mr.Yvuraj,,8012666600,,
1413,Chn Paragon Polymers,,,,Chennai,Tamil Nadu,,,,,,
1414,Chn Paramount Leather Corporation,"No 160/1, Alangayam Cross Road,, Vaniambadi New Town,, Vaniyambadi - 635752,",,33AAOFP2732J1Z4,Vaniyambadi,Tamil Nadu,635752,Mr.Faizal,+(91)-4174-234172,7010905857 / 9790560684,,
1415,Chn Parkash Impex,"58-E (NP) Sidco Ind Estate, Ambattue -60003, Ph-033560421297",,,Chennai,Tamil Nadu,,,,,,
1416,Chn Parma International,,,,Chennai,Tamil Nadu,,,,,,
1417,Chn Parnami Pump & Project,"SP-101, Sidco, Industrial Estate, Ambattur, -600 058",,,Chennai,Tamil Nadu,,,,,,
1418,Chn Paroma Shoes Pvt Ltd, -600 043,,,Chennai,Tamil Nadu,,,,,,
1419,Chn Parveen Exports,"No.14 & 15, Dharmaraja Koil St, Alandur, - 600 016, Mob : 9840910774, Ph : 044-4354 0203",,,Chennai,Tamil Nadu,,,,,,
1420,Chn Parzah International,"No.18/29, Inamdar Street,, Periamet, Chennai-600 003",,33BHUPP4114J1Z2,Chennai,Tamil Nadu,600003,Mr.Parvez,,9894611049,parzah49@gmail.com,
1421,Chn PCC Interlinings Pvt. Ltd.,"#75C, 2nd Floor Sector-18    
, Udyog Vihar,      
",,,Gurgaon,Haryana,,,,,,
1422,Chn Peekay Lamicoats Pvt Ltd,"24/42, 1st Floor, Barracks Rd, Periamet, -600 003, Mob : +91 98401 34661",,,Chennai,Tamil Nadu,,,,,,
1423,Chn Pegasus Apparels,"Reliance Petrol Bunk Property Area No.34/1, Shop No.2 M.C.Road,, Sanankuppam, Ambur-635814",,33BZGPS5739C1ZA,Ambur,Tamil Nadu,,,,,,
1424,Chn Pegasus International Building System,Ambur,,,Ambur,Tamil Nadu,,Mr.Azhar,,9884356758,,
1425,Chn Pemi Exports,"No.42, Godown St, -600 001",,,Chennai,Tamil Nadu,,,,,,
1426,Chn Peneil Leather,"Chrompet, ",,,Chennai,Tamil Nadu,,,,,,
1427,Chn Pentland India Trading Pvt Ltd,,,,Chennai,Tamil Nadu,,,,,,
1428,Chn Perfection Shoe Fabrics,Ranipet,,33BEZPR1531M1ZW,Ranipet,Tamil Nadu,,Mr.Naveen Kumar,,90800 15655,,
1429,Chn Perfect Leather,", Ph: 8754180120",,,Chennai,Tamil Nadu,,,,,,
1430,Chn Perfect Shoe Fabric,"143, Kanrampalli Road,, Thuthipet, Ambur-635802",,,Ambur,Tamil Nadu,635802,,,9944385386,,
1431,Chn Phoenix International Ltd,"No 80, MES Road, Tambaram East,, Chennai - 600059, Ganapathipuram Near, Curley School.",,33AAACP1564F1ZT,Chennai,Tamil Nadu,600059,Mr.Madhan,,9677159690,,
1432,Chn Phoenix Leders,"No.1, Sigamani Street, Shiva Shankar Nagar, Nagalkeni, Chromepet, Chennai-600 044",,33AAKFP9819J1ZQ,Chennai,Tamil Nadu,600044,,,,infophoenixleders@gmail.com,chennai@graciousexpress.com
1433,Chn Pioneer Footwear Leather,,,,Chennai,Tamil Nadu,,,,,,
1434,Chn Pioneer Inc,"No.18, Morrison 5th St, Alandur, -16",,,Chennai,Tamil Nadu,,,,,,
1435,Chn Piontan Shoes,"S P 124, Ambattur Indus Estate,  - 600058, Ph: +(91)-44-26255384",,,Chennai,Tamil Nadu,,,,,,
1436,Chn P K V Leather,"No.17, Pillayar Koil St, Nagalkeni, Chromepet, -600 044, Mob: 9841319325",,,Chennai,Tamil Nadu,,,,,,
1437,Chn PMA Incorporation,,,,Ambur,Tamil Nadu,,,,,,
1438,Chn P.M.A Leathers,,,,Vaniyambadi,Tamil Nadu,,,,,,
1439,Chn P.M.S. Leathers,"No.19, C.M.G Street, -600 003",,,Chennai,Tamil Nadu,,,,,,
1440,Chn P & N Enterprises,Ambur,,33AAPFP8113L1ZW,Ambur,Tamil Nadu,,,,,,
1441,Chn Podmos Leather,,,,Chennai,Tamil Nadu,,,,,,
1442,Chn Poorani Leathers,"Periamet, ",,,Chennai,Tamil Nadu,,,,,,
1443,Chn Popular Leathers,"H.O.11/6, Lalakutty Street,, Periamet, Chennai-600 003",,33AXBPA3801D1ZH,Chennai,Tamil Nadu,,,,,,
1444,Chn Portind Shoe Accessories Pvt Ltd,"New No.67, Old No.65, Baker Street,, (R.T.Mudali Street), Choolai,, Chennai-600 112",,33AAFCP0790A1ZW,Chennai,Tamil Nadu,600112,K.Naseema,044-42042934/044-42042949,91-9840223155/ 91-9791117898,accounts.chennai@portind.in,
1445,Chn Potissimus Arrow Shoes Pvt Ltd,"No.S34, SIPCOT Industrial Estate,, Phase-3, Nellikkupam, Ranipet-632405",,33AAFCP2779P1ZS,Ranipet,Tamil Nadu,632405,Mr.Ganesh,,9244243411,accounts1@arrowshoes.org,
1446,Chn Prakash Impex,"No. 58-E, (N.P .) Sidco Industrial Estate,, Ambattur, Chennai - 600098",,33AAAFP5388G1Z7,Chennai,Tamil Nadu,600098,,,,,
1447,Chn Prankster Wara Leather,,,,Chennai,Tamil Nadu,,,,,,
1448,Chn Prara Leathers Pvt Ltd,"31/2A/A, Ammoor Road,, Manthangal Village, Ranipet, Walajapet Taluk",,33AAFCS2146D1ZT,Ranipet,Tamil Nadu,,,,,,
1449,Chn Praveen Impex,"No.21/13, Gandhi Nagar, Kodungaiyur, Moolakadai, ",,,Chennai,Tamil Nadu,,,,,,
1450,Chn Premium Shoes,,,,Ambur,Tamil Nadu,,,,,,
1451,Chn Premium Shoes India Pvt Ltd,"No.33, Karpura St, Periamet, -600 003",,,Chennai,Tamil Nadu,,,,,,
1452,Chn Premium Shoes Pvt Ltd,,,,Chennai,Tamil Nadu,,,,,,
1453,Chn Pride Enterprises,"No.7/768, Oosi Street, Khaderpet, ",,,Vaniyambadi,Tamil Nadu,,,,,,
1454,Chn Prime Components,,,,Ambur,Tamil Nadu,,,,,,
1455,Chn Prime Power Products,"25, Ekambaram Industrial Estate,, Chennai-600116.",,33BFDPS4287J1Z2,Chennai,Tamil Nadu,600116,,,9940019988,,
1456,Chn Primera International,,,,Ambur,Tamil Nadu,,,,,,
1457,Chn Prime Shoes,"Rathimangal Village, Vandalur Post, Chennai-600048",,33AAIFP9647C1Z5,Chennai,Tamil Nadu,600048,,,,prime_shoes@yahoo.co.in,
1458,Chn Prime Soles,"1st Flr, SF 145/2,, Kandrampalli Road,, Thuthipet, Ambur-635811",,33AAPPU3253L1Z7,Ambur,Tamil Nadu,635811,,,,,
1459,Chn Primo Shoes,"Anugraha Apartments, 1C, 'C' Block, 1st Floor, 19, Nungambakkam High Road, Chennai-600 034",,33AAOFP3027E1ZH,Chennai,Tamil Nadu,600034,,,,ho@primoshoes.in,
1460,Chn Primus International,"No.77, 3rd Floor, Perianna Maistry Street, Periamet, Chennai-600 003",,33AAJFP8085B1Z8,Chennai,Tamil Nadu,600003,Mr.C.Venkat,044-43235909/ 044-43235919,9840091788,cvenkatt@yahoo.co.in,
1461,Chn Priti Sales Corporation,"No.2,C A  Kaspa Main Road,, Kamarajar Nagar,, Ambur-635802",,33AAJFP5069M1ZR,Ambur,Tamil Nadu,,,,,,
1462,Chn Priya Impex Consultants,"A-16, P.A.Towers, #869,, P.H.Road, Kilpauk,, -600010",,,Chennai,Tamil Nadu,,,,,,
1463,Chn Procura,"Chinnanol, Chennai-600 095, Ph: 9884423735",,,Chennai,Tamil Nadu,,,,,,
1464,Chn Procure,", Ph: 9884423735",,,Chennai,Tamil Nadu,,,,,,
1465,Chn Pronto Franchising Pvt Ltd,"No.2, Sivaji Maniram Apartment, Gandhi Mandapam Road, Kotturpuram, Chennai-600 085",,33AADCP1708L1ZJ,Chennai,Tamil Nadu,600085,,,,,
1466,Chn P.Shafeeullah & Co,"393/1B1,V.Kota Road,, Pernambut-635810",,33ALQPS0909M1ZM,Pernambut,Tamil Nadu,635810,,,+919383310685,,
1467,Chn P.S.Sole,"#305/306/A, Gudiyattam Road,, Thuthipet, Ambur-635811",,33AASFP9160E2ZY,Ambur,Tamil Nadu,635811,,,,,
1468,Chn Qamar Enterprises,,,,Chennai,Tamil Nadu,,,,,,
1469,Chn Raadhika Shoecrafts Pvt Ltd,"MF 6, Developed Plots,, Thiruvika Industrial Estatte,, Guindy, Chennai-600 032",,33AAGCR7742F1ZD,Chennai,Tamil Nadu,600032,R.K.Swamy,044-22254231/22251804,,accounts@raadhika.in,chennai@graciousexpress.com
1470,Chn Raashiq Overseas,"No:1;Nabhikhan Street Periamet,  600003, 4425612731, Afra579@eth.Net",,,Chennai,Tamil Nadu,600003,,,,,
1471,Chnrabbee International,Chennai,,,Chennai,Tamil Nadu,,,,,,
1472,Chn Radiant Filters Engineering Private Limited,,,,Chennai,Tamil Nadu,,,,,,
1473,Chn Radiant Filters Engineering Pvt Ltd,Chennai,,,Chennai,Tamil Nadu,,,,,,
1474,Chn Radiant Leather Exports,Vaniyambadi,,33BBQPV5505B1ZO,Vaniyambadi,Tamil Nadu,,Mr.Azeez,,95788 61982,,
1475,Chn Ragan Textiles,"No.3, Muthial Street,, Alandur, Chennai-600016",,33AAJFR7768P1Z9,Chennai,Tamil Nadu,600016,Mr.Prabakar,,98412 04105,,
1476,Chn Raika Leather Impex,,,,Ambur,Tamil Nadu,,,,,,
1477,Chn Rainbow Creations,,,,Chennai,Tamil Nadu,,,,,,
1478,Chn Rainbow Overseas,"Plot No.15, Sripuram 3rd St, Thiruneermalai Main Road, Chromepet, Chennai-44",,33ASKPS7077D1ZG,Chennai,Tamil Nadu,,,,,,
1479,Chn Rainbow Traders,Chennai,,,Chennai,Tamil Nadu,,,,9100305348,,
1480,Chn Rajesh Saw Mill,"No.171, Triplicane High Road,, Ice House, Chennai-600 005",,33ACSPS2326P1ZY,Chennai,Tamil Nadu,600005,Mr.Hemal Shah,,8144006802,madhavaram.jain@gmail.com,
1481,Chn Rajeswari Polymers,,,,Chennai,Tamil Nadu,,,,,,
1482,Chn Rakia Leather Impex,,,,Ambur,Tamil Nadu,,,,,,
1483,Chn Raksha Shoes,-77,,,Chennai,Tamil Nadu,,,,,,
1484,Chn R.A.Leather Fashion,"Periamet, -3",,,Chennai,Tamil Nadu,,,,,,
1485,Chn Ramjee Leathers & Supplies,"A14 & 15, Sidco Industrial Estate,, Arumbakkam, Chennai-600 106",,33AAAFR5234M1Z7,Chennai,Tamil Nadu,600106,,044 2363 4944,,,
1486,Chn Ramraj Industries,,,,Ambur,Tamil Nadu,,,,,,
1487,Chn Ramtex International,,,,Chennai,Tamil Nadu,,,,,,
1488,Chn Rane Madras Ltd - Pondy,"No.77, Thirubhuvanai Main Road, Thirubhuvani, Puducherry, Puducherry- 605 107",,34AACCR9772M1ZQ,Puducherry,Puducherry,605107,R.Rajam,,09894055628,r.rajam@ranegroup.com,
1489,Chn Rane Madras Ltd - Velachery,"#154, Old No.61, Velacherry Road,, ",,,Chennai,Tamil Nadu,,,,,,
1490,Chn Rassi Leathers,Chennai,,,Chennai,Tamil Nadu,,,,,,
1491,Chn Ratha Worldwide Leathers Pvt Ltd,"No.102A, Majestic Colony, Valasaravakkam, -600 087",,,Chennai,Tamil Nadu,,,,,purchase@rathaworldwide.com,
1492,Chn Ravi Kumar,,,,Chennai,Tamil Nadu,,,,,,
1493,Chn RAVI Shoes,,,,Chennai,Tamil Nadu,,,,,,
1494,Chn Raymond MTM,"96, Samayapuram Colony 3rd  Street,, Karambakkam, Porur, Chennai-600 116",,33AAACR4896A1ZK,Chennai,Tamil Nadu,600116,Mr.Viji Samuel,044 49572834 /08939707635/36,,MTMShoeStore@Raymond.in,
1495,Chn Raza Exports,,,,Chennai,Tamil Nadu,,,,,,
1496,Chn R-Cube Enterprises,"10, T.V.Chari Street, Kcr Complex,, Venkatapuram, Ambattur ,, Chennai-600 053",,33ADSPG5840P1ZZ,Chennai,Tamil Nadu,600053,,,9840417046,,
1497,Chn Reckitt  Benckiser Scholl India Ltd,"Sriperambadur, ",,,Chennai,Tamil Nadu,,,,,,
1498,Chn Reena Enterprises,"Shenoy Nagar, -600 030",,,Chennai,Tamil Nadu,,,,,,
1499,Chn Rehab Export,"SF. No. 95/3A2, 95/3B,, GUDIYATHAM ROAD,, THUTHIPET VILLAGE, AMBUR TALUK,",,33AAXFR3294C1ZX,Ambur,Tamil Nadu,635811,,,,,
1500,Chn Reliance Digital Retail Ltd - GTA,,,,Chennai,Tamil Nadu,,,,,,
1501,"Chn Rex Trading Co.,","No.55/1 Old No.23/1, 2nd Flr, Perianna Maistry St, Periamet, -600003",,,Chennai,Tamil Nadu,,,,,,
1502,Chn Riba International,,,,Chennai,Tamil Nadu,,,,,,
1503,Chn Richmarks International,"No.477/13, Coramandal Road, Sipcot, Ranipet -632 403",,33AAQFR3266F1Z2,Ranipet,Tamil Nadu,632403,Ms.Usha,,,accounts@richmarks.com,
1504,Chn Rich Tan Exim,"35/13 Mungil Munndy Street, Ambur-635802",,33BFKPA8815F1ZO,Ambur,Tamil Nadu,,,,,,
1505,Chn Rifah Shoes Pvt Ltd,"No.221/865, Poonamallee High Road, Kilpauk, Chennai-600 010",,33AABCR3805J1ZL,Chennai,Tamil Nadu,,,,,rifah@rifah.com,chennai@graciousexpress.com
1506,Chn Rifa Tanning Co,Vaniyambadi,,33DKTAA7397FIZ4,Vaniyambadi,Tamil Nadu,,,,,,
1507,Chn Right Source Impex,"No.7/35A, First Floor, East Chetty Street, Butt Road, St. Thomas Mount,  - 600 016.",,,Chennai,Tamil Nadu,,,,,,
1508,Chn Rimras Shoes Pvt Ltd,"Plot No.1211-15, Pernambut Road, Chinavarigam Village,, Ambur-635802",,33AACCR7340D1ZR,Ambur,Tamil Nadu,635802,,,,info@rimras.com,
1509,Chn Ritu Raju & Sons,"Murugan Kalyana Mandapam, Gangai Nagar, 100 ft Road, Velachery, , Ph: 9962211914",,,Chennai,Tamil Nadu,,,,,,
1510,Chn Riva Shoes,Ambur,,33AAPFR7448Q1Z8,Ambur,Tamil Nadu,,,,,,
1511,Chn Rizwan Leathers,,,,Ambur,Tamil Nadu,,,,,,
1512,Chn RJ Associates,,,,Chennai,Tamil Nadu,,,,,,
1513,Chn R.K.Exports,"113, Om Muruga Complex,, Thiruneermalai Main Road,, Nagalkeni, Chromepet,, Chennai-600 044",,33ANQPR4969N2ZW,Chennai,Tamil Nadu,600044,Mr.Sathish,,9282112473,Sbvl.1998@gmail.com,
1514,Chn R.K.Leathers,"No.57/B-2, Sipcot Industrial Complex, Sipcot, ",,,Ranipet,Tamil Nadu,,,,,,
1515,Chn Roshan & Co,"No.261/3, Vanapadi Road, Sipcot,  - 632 403",,,Ranipet,Tamil Nadu,,,,,,
1516,Chn Royal India Clothing Company Pvt Ltd,"SAI Business Point 2nd Floor,, Shop No 17, Mount Road,, Little Mount-Saidapet, Chennai - 600015",,33AAECR3363C1ZS,Chennai,Tamil Nadu,600015,Mr.Francis,,98400 55009,francis@royalindiaclothing.com,
1517,Chn R.P International,"NO.16, 30th Street, Shankarnagar, Pammal Chennai",,33CMTPM2690B1ZY,Chennai,Tamil Nadu,600075,,,75501 87908,,
1518,Chn RP Sourcing,,,,Chennai,Tamil Nadu,,,,,,
1519,Chn R.R.Leather,"No.34/89, Near Ashok Pillar, Ashok Nagar, Chennai-600083",,33AAACR3647K1ZC,Chennai,Tamil Nadu,600083,Mr.Purushothaman,,89398 51122,,
1520,Chn RR Leather Products Pvt Ltd,"136, SIDCO Industrial Estate, Ambattur, -600098",,,Chennai,Tamil Nadu,,,,,kanchana@rrleathersindia.com,ramesh@rrleathersindia.com
1521,Chn R.Square Plastic Products,"Plot No.6, 12th Link, Venkateshwara Colony, Nehru Nagar, Kottivakkam, -600041",,,Chennai,Tamil Nadu,,,,,,
1522,Chn Rub Tanning & Co,", Ph: 07350185501",,,Vaniyambadi,Tamil Nadu,,,,,,
1523,Chn R Vijaya,Ambur,,,Ambur,Delhi,,,,,,
1524,Chn R.V.Tannery,,,,Ambur,Tamil Nadu,,,,,,
1525,Chn Ryan Leather,"New No 65 Old No 41,, Wuthucattan Street,, Periamet,  - 600007,",,,Chennai,Tamil Nadu,,,,,,
1526,Chn R Y Enterprises,Ambur,,33AAYPH8416K1Z6,Ambur,Tamil Nadu,,Mr.Faizal,,9944474192,,
1527,Chn RYT Leather,Ranipet,,33AEZPN3151Q1ZP,Ranipet,Tamil Nadu,,9443338536,,,,
1528,Chn S.A.Abdul Azeez,"Chrompet, ",,,Chennai,Tamil Nadu,,,,,,
1529,Chn Saaf Leather Products,"No.3/2, Khaderpet 1st St,, Rahman Nagar, Ambur-635802",,33ACQFS7492G1ZJ,Ambur,Tamil Nadu,635802,,,,,
1530,Chn Saalim Shoes Pvt Ltd,"#143 /3, M.B.T. Road, Ranipet-632401, Vellore District, Tamil Nadu. India",,33AAJCS9889B1ZX,Ranipet,Tamil Nadu,632401,Shakeel Ahmed,04172-272874,91 94877 03177,finance@saalimshoes.com,accounts@saalimshoes.com
1531,Chn Saalim Shoes Pvt Ltd - GTA,,,,Ranipet,Tamil Nadu,,,,,,
1532,Chn Sabari Traders,", Ph: 9840069459",,,Chennai,Tamil Nadu,,,,,,
1533,Chn S.A.Basha,"C.M.G Street, Periamet, -3, Mob: 9840362623",,,Chennai,Tamil Nadu,,,,,,
1534,Chn Sabhi Fashions,"No.6, Narayana St, Periamet, Chennai-3",,33ADAFS9964L1ZH,Chennai,Tamil Nadu,,Mr.Khaja,,9677178446,,
1535,Chn Sadiq Leather Exports,,,,Chennai,Tamil Nadu,,,,,,
1536,Chn Safiya Enterprises,Vaniyambadi,,33ASUPK5981A1ZJ,Vaniyambadi,Tamil Nadu,,,,,,
1537,Chn Saga Cuirs,"NO.6  Sreedharan Street, Periyar Nagar , Chrompet,Chennai, 600044",,33ACQPG6107J1ZL,Chennai,Tamil Nadu,600044,,,,,
1538,Chn Sahara Abrasives,,,,Chennai,Tamil Nadu,,,,,,
1539,Chn Sahara Leathers India,"#11, V.V.Koil Street,, Periamet, Chennai",,33AAIPM5154B1Z3,Chennai,Tamil Nadu,600003,,,,,
1540,Chn Sai Apparel Processing Co,,,,Chennai,Tamil Nadu,,,,,,
1541,Chn Sai Chamois Inc,"No 102 B, Annasalai,, Nagalkeni, Chromepet,, Chennai-600 044",,33AAYFS3208A1ZD,Chennai,Tamil Nadu,600044,,,,,
1542,Chn Sai Chem International,,,,Chennai,Tamil Nadu,,,,,,
1543,Chn Saifullah Shoes,"Ambur, Tamil Nadu",,,Ambur,Tamil Nadu,,,,,,
1544,Chn Saihan Leathers,"SF No.7/1, Peshimam Nagar,, 7th St,  L.Mangkuppam Devalapuram Post,, Ambur-635802",,33AXZPS7401B1ZB,Ambur,Tamil Nadu,635802,,,,,
1545,Chn Sai Kripa Impex,"#51, 1st Floor, Thiruvengadam St, Periamet, -600 003",,,Chennai,Tamil Nadu,,,,,,
1546,Chn Sai Sabari Exports,,,,Vaniyambadi,Tamil Nadu,,,,,,
1547,Chn Sai Tanners,"No.9, M.G.R. Salai,, Nagalkeni Chrompet,, Chennai-6000 44, Mob : 98840 62156",,33BATPS9619F1Z3,Chennai,Tamil Nadu,,Mr.Chanderasekar Suresh Kumar,,9854062156,sai9854062156@gmail.com,
1548,Chn Saivaa International,"No.5, 3rd Street, Sreepuram,, Thiruneermalai Road, Chromepet,, Chennai-600 044",,33AYHPM7355F1ZC,Chennai,Tamil Nadu,,Ms.Revathi,044-43626047,,salessaivaa@gmail.com,
1549,Chn Sakthi Exports,"Chromepet, , Ph: 9381057792",,,Chennai,Tamil Nadu,,,,,,
1550,Chn Sakthi Footwear Pvt Ltd,"#7, Pliyar Koil Street,, Nesapakkam, K.K. Nagar,, Chennai - 600078",,33AAMFS6945G1ZV,Chennai,Tamil Nadu,600078,,,,,
1551,Chn Sakthiram Leathers,Ranipet,,33HCWPS9216P1ZC,Ranipet,Tamil Nadu,,,,,,
1552,Chn Salchem International Pvt Ltd,-600007,,,Chennai,Tamil Nadu,,,,,,
1553,Chn S.A.Leather,"No.2, Ramaswamy St,, Barracks Road,, Chennai-600 003",,33AFKPM6532N1Z2,Chennai,Tamil Nadu,600003,Mr.Akbar Ali,,8015010029,saleather@yahoo.co.in,
1554,Chn Salen Tanning Co,,,,Vaniyambadi,Tamil Nadu,,,,,,
1555,Chn Salwa Leather,,,,Chennai,Tamil Nadu,,,,,,
1556,Chn Samaira Leather Exports,"No.8/3, Amman Koil St, Pallavaram, -43",,,Chennai,Tamil Nadu,,,,,,
1557,Chn Sambo Soles Pvt Ltd,"No.24/2B, Sri Pachiappas Nagar,, Ammoor Road, Manthangal,, Ranipet-632402",,33AAKCS6823L2ZY,Ranipet,Tamil Nadu,632402,Mr.Babu,,99625 09675,,
1558,Chn Sam Leather,,,,Ranipet,Tamil Nadu,,,,,,
1559,Chn Sana International,"No.3, K.M.Adam Salai, Nagalkeni, Chromepet, -600 044, Ph: 9280204248",,,Chennai,Tamil Nadu,,,,,,
1560,Chn Sanghavi Shoe Accessories Pvt Ltd,"Unit-4, Chennai Bangalore Highway,, Abdullah Puram, Vellore-632010",,33AAACS5426P1Z4,Chennai,Tamil Nadu,632010,Mr.Ramkumar /Mr.Kirbagaran,0416-2292008/2292223,,accountsvellore@sangahvishoe.com,
1561,Chn Sanjay Linings,"#107/1, Vepery High Rd, Chennai-600007",,33APEPS3476F1ZT,Chennai,Tamil Nadu,600007,Mr.Sanjay,,98844 88206,,
1562,Chn Santhosh Shoe Industry,"#124/ 1&2, First Floor, S.K.Road,, Opp.Ambur Shuttle Club,, Sanankuppam, Ambur-635 814",,33ABYFS2763F1ZR,Ambur,Tamil Nadu,635814,,,94432 49622,,
1563,Chn Saphire Leather,"Chennai, Tamil Nadu",,,Chennai,Tamil Nadu,,,,,,
1564,Chn Saptendra - Xqzite,"-600 010, Mob : 07200011352",,,Chennai,Tamil Nadu,,,,,,
1565,Chn Sara Leather Industries,"#110, M.B.T.Road, Ranipet",,33AAAFS1730P1Z7,Ranipet,Tamil Nadu,,Mr.Wahab,,9944946437,accounts@ahindia.com,
1566,Chn Sara Leathers - Pammal,"No.86, Bajannai Koil Street, Pammal, Chennai-600075",,33AAAPU5098G1ZI,Chennai,Tamil Nadu,600075,,044-22480060,,,
1567,Chn Saravanaa's Leathers,"11/24, Thiruneermalai Main Rd, Parvathipuram, Chromepet, Chennai-600 044",,33ANZPS4498J1ZV,Chennai,Tamil Nadu,600044,,,,,
1568,Chn Saravana Stores (Tex),"Old No.42-45 (New No.18), Ranganathan Street, T.Nagar, -600017, Ph: 044-24314242, 24315252",,,Chennai,Tamil Nadu,,,,,,
1569,Chn Sarvana Shoes,,,,Chennai,Tamil Nadu,,,,,,
1570,Chn Sathya Shoe Fashions,"#19/20, Sivasathi Vinayagar Nagar, Perumal Agaram, Thiruverkadu, Chennai-600 077",,33AFAPS6792N1ZS,Chennai,Tamil Nadu,600077,Mr.Niyanasekar,,9791014836,office@ssfashions.net.in,chennai@graciousexpress.com
1571,chn Satturn,"3/40  Ragunathapuram Village, Chinnavarikkam Post, Ambur",,33DNXPS5344L1Z3,Ambur,Tamil Nadu,635811,,,,,
1572,Chn Satyam Impex,"13, Tiruneermalai Main Rd,, Nagalkeni, Chromepet,, -600 044, Phone: 093400 80774",,,Chennai,Tamil Nadu,,,,,,
1573,Chn Schuhborn Associates,"113, 1st Corss St, (First Floor), Kumaran Nagar, Virugambakkam, -600 092",,,Chennai,Tamil Nadu,,,,,,
1574,Chn S & D Connexions,"Nelson Shelters, No.10,, East Club Road, Shenoy Nagar, Chennai-600 030",,,Chennai,Tamil Nadu,600030,,044-26644244,,sdconnexions@sdconnexions.com,
1575,Chn Sds Aamcides Crop Science P Ltd,,,,Chennai,Tamil Nadu,,,,,,
1576,Chn SDS Shoe Components,"7 Sundara Vinayagar Koil Street, S.V Koil Back Side, Sanan Kuppam,Ambur",,33ABDFS2022E1ZU,Ambur,Tamil Nadu,635814,,,,,
1577,Chn Sea Leather Company,29-EK Guru Street Perimet Chennai,,,Chennai,Tamil Nadu,,,,,,
1578,Chn Select Leather Craft,"No.27, Sidco Industrial Estate, Sipcot, Ranipet - 632403",,33AABPR7132H1ZV,Ranipet,Tamil Nadu,632403,,,,,
1579,Chn S E S Leathers,Vaniyambadi,,33ABNFS7134D1Z7,Vaniyambadi,Tamil Nadu,,Mr.Shankar,,95972 66652,,
1580,Chn SGS India Pvt Ltd,"No 28 B/1 S P & 28 B/2 S P BNT, Connections Building, 2nd Main Rd,, Ambattur Industrial Estate,, Chennai - 600058, +(91)-44-66081600, 66081700",,33AAACS5514Q1Z5,Chennai,Tamil Nadu,600058,,,,,
1581,Chn SGS Rubber Technologies,"11/234, 1st Cross, Nageshwara, Rao Road, Athipet, Chennai-600 058",,33AASPS6861R1ZI,Chennai,Tamil Nadu,600058,Mr.Sekar,,99406 67389,,
1582,Chn Shaaz Enterprises,,,,Chennai,Tamil Nadu,,,,,,
1583,"Chn Shafeeq Shameel & Co.,",,,,Ambur,Tamil Nadu,,,,,,
1584,Chn Shafiya Leather,"No.12/19, Bangi Khader Basha St, Ambur-635 802",,33AHXPA9372R1ZD,Ambur,Tamil Nadu,635802,,,,,
1585,Chn Shafs Leather Exports,,,,Chennai,Tamil Nadu,,,,,,
1586,Chn Shakti Enterprises,,,,Chennai,Tamil Nadu,,,,,,
1587,Chn Shalimar Tanning Company,"No.72, M.C.Road, Solur,, Ambur-635801",,33AAAFS1497H1Z8,Ambur,Tamil Nadu,635801,Mr.Salauddin,,,shalimartanningcompany@gmail.com,
1588,Chn Shama Enterprises,,,,Chennai,Tamil Nadu,,,,,,
1589,Chn Shams International,"201/240,  Lingi Chetty St, Parrys, -600 001",,,Chennai,Tamil Nadu,,,,9884091529,shamsinternational_52@yahoo.com,chennai@graciousexpress.com
1590,Chn Shanmuga Leather,,,,Chennai,Tamil Nadu,,,,,,
1591,Chn Shareen Leathers,,,,Chennai,Tamil Nadu,,,,,,
1592,Chn Shika International,"97/12, No.23 Swamy St, Chromepet, Chennai-600044",,33AEQPD5647C1ZO,Chennai,Tamil Nadu,600044,,,,,
1593,Chn Shine Leather,"Chromepet, Chennai-44",,33ATAPR4471K1ZI,Chennai,Tamil Nadu,,,9840159258,,,
1594,Chn Shine Shoe Exports,"#17/8, 8A, Nageswaran Koil Street,, Ambur - 635802, Mob:9790242880",,33AAKPU0733C1Z0,Ambur,Tamil Nadu,,,,,,
1595,Chn Shine Shoes & Accessories,,,,Ambur,Tamil Nadu,,,,,,
1596,"Chn SHIVAMANI EXPORTS PVT LTD.,","No : 138, U Picnic Garden Road,, -700039",,,Kolkata,West Bengal,700039,,,,,
1597,Chn Shivani,"No.70/3 Godown St, ",,,Chennai,Tamil Nadu,,,,,,
1598,Chn Shoe Club Limited,"2/1, Subburayan St, Nungambakkam, - 600 034",,,Chennai,Tamil Nadu,,,,,,
1599,Chn Shoe Clud Limited,"2/1, Subburayan St, Nungambakkam, - 600 034",,,Chennai,Tamil Nadu,,,,,,
1600,Chn Shoe Line,"MF-5, Developed Plots,, Industrial Estate,, Ekkattuthangal, Chennai-32",,33AANPM9504G1ZM,Chennai,Tamil Nadu,600032,Ms.Thulasi,044-42119930,,,
1601,Chn Shoe Links,"No.3A, II Main Road, Anna Nagar, Pammal, -600 075",,,Chennai,Tamil Nadu,,,,,,
1602,Chn Shoe Plus Inc,"No.81,  Mc Nichols Rd, Chetpet, -31",,,Chennai,Tamil Nadu,,,,,,
1603,Chn Shoe Step Export India LLP,"Sedarapet, Puducherry-605 111",,34ADBFS6361E1Z8,Puducherry,Puducherry,605111,Mr.Abrar,,9791990786,Mashiyath@shoestep.in,chennai@graciousexpress.com
1604,Chn Shree Durga Leather,,,,Chennai,Tamil Nadu,,,,,,
1605,Chn Shreeji Polymers,,,,Chennai,Tamil Nadu,,,,,,
1606,Chn Shree Leather Creations,"H-22, Tnhb New, Sipcot, ,  -632 403",,,Ranipet,Tamil Nadu,,,,,,
1607,Chn Shree Leathers,"52, Thiruneermalai Road, Nagalkeni, Chrompet, Chennai-600 044",,33BJMPM0683H1Z3,Chennai,Tamil Nadu,600044,,,,,
1608,Chn Shree Mahavir Engineering Agency,"186, Purasawlkam High Road,, Kilpauk, Chennai-600010",,33AADPA9153F1Z5,Chennai,Tamil Nadu,600010,,,,,
1609,Chn Shree Shree Soles,"261, Vanapdal Road, Sipcot, ",,,Ranipet,Tamil Nadu,,,,,shreeshreesoles@gmail.com,
1610,Chn Shree Vinayaga Leathers,"No.25, Devaraj Street, Ambedkhar Nagar, Chromepet, -600 044",,,Chennai,Tamil Nadu,,,,,,
1611,Chn Shri Adinath Exports,"Appu Mudali Street, Mylapore, Chennai-600004",,33AAEPN4727D1Z1,Chennai,Tamil Nadu,600004,,,9884061700,,
1612,Chn Shri Guruji Leathers,,,,Chennai,Tamil Nadu,,,,,,
1613,Chn Shri Ram Enterprises,"#23, Thiruneermalai Road,, Chromepet, Chennai-600 044",,33AACPT6317K1ZK,Chennai,Tamil Nadu,600044,Mr.Tamil Selvi,044-28384855,98840 17034,vtamilselvi@hotmail.com,
1614,Chn Shri Vignesh & Co,"191/3 & 4, Angalamman Koil St, Nagalkeni, Chromepet, Chennai-600 044",,33AAKFS1010J1ZK,Chennai,Tamil Nadu,600044,,,94440 85383,,
1615,Chn Shubh Swasan,Chennai,,,Chennai,Tamil Nadu,,,,,,
1616,Chn Shubh Swasan India Pvt Ltd,"39 Hunters Road, Cholai, Chennai",,33AAECS0963R1ZW,Chennai,Tamil Nadu,600121,,,,,
1617,Chn Shzuhao Ather. A,"Raheja Towers, 2nd Flr, ",,,Chennai,Tamil Nadu,,,,,,
1618,Chn Siash Fashion Pvt Ltd,"No.6A, 2nd Floor, North Mada Street, Mylapore, -04, Mob : 9710084000",,,Chennai,Tamil Nadu,,,,,,
1619,Chn S.I.L Products,,,,Chennai,Tamil Nadu,,,,,,
1620,Chn Silver Line,,,,Ranipet,Tamil Nadu,,,,,,
1621,Chn Simpwan Ventures,"1099/A,P.J.Nehru Road,, Vaniyambadi-635751",,,Vaniyambadi,Tamil Nadu,,,,,,
1622,Chn Sinai Packing Solutions,"No.18, Thirunavukarasu St, George Colony, Perumbur, ",,,Chennai,Tamil Nadu,,,,,,
1623,Chn Singhi Brothers,"Govindappan Naicken St, Parrys,, George Town,  -600 001, Ph: 044 2536 9781",,,Chennai,Tamil Nadu,,,,,,
1624,"Chn Sitaraman & Co.,",,,,Chennai,Tamil Nadu,,,,,,
1625,Chn S.K.Industrial Corporation,,,,Chennai,Tamil Nadu,,,,,,
1626,Chn Skintop Industries,"No.3/397, OMR, Mettukuppam-Okkiyam, Thoraipakkam, Chennai - 600097",,33ACHFS0701R1ZZ,Chennai,Tamil Nadu,,Mr. Siva Kumar,9444151130,8144830402,,
1627,Chn S.K.Marketting,,,,Chennai,Tamil Nadu,,,,,,
1628,Chn S K R Impex,,,,Chennai,Tamil Nadu,,,,,,
1629,Chn S.K.Trading,,,,Chennai,Tamil Nadu,,,,,,
1630,Chn Sky Shoes,,,,Ambur,Tamil Nadu,,,,,,
1631,Chn Skywalk Shoes Industries,"Sipcot, ",,,Ranipet,Tamil Nadu,,,,,,
1632,Chn Slin Trading Pvt Ltd,"H-1, Antony Parkwood Apartment, Kattupakkam, Chennai-600056, Tamil Nadu",,33AALCS7670Q1ZH,Chennai,Tamil Nadu,600056,,,,,
1633,Chn S.M.International,"No.10/3, M.V.Badran St, Anaikar Complex,, Periamet, ",,,Chennai,Tamil Nadu,,,,,,
1634,Chn Smita Exports,"No.8/4, Lakshmipuram, 1st St, Royapettah, ",,,Chennai,Tamil Nadu,,,,,,
1635,Chn S N Exports,Ambur,,33ADKFS9133P1ZE,Ambur,Tamil Nadu,,,,,snexportsambur@gmail.com,
1636,Chn SNS Leathers,,,,Ranipet,Tamil Nadu,,,,,,
1637,Chn S.N.T Enterprises,"# 124/04, S.K. Road, Sanrorkuppam,, Ambur-635802",,33ABGFS4868P1ZE,Ambur,Tamil Nadu,635802,Mr.Thirunavukkarasu,,94432 44907,sntenterprises@gmail.com,
1638,Chn Sobash Impex,"22/1,Jalal Road,10th Cross ,, Mottukollai,Ambur-635802",,33ADIFS0870R1ZI,Ambur,Tamil Nadu,,,,,,
1639,Chn Sofinco Industries,"No.50/104, Kaveri Complex 5th Floor, Mahatma Gandhi Road, Nungambakkam, Chennai-600 034",,33AAACP3494Q1ZX,Chennai,Tamil Nadu,,Murugan,,93821 25806,,
1640,Chn Softa Products,"No.22, Sigamani St,, 1st Flr, Nagalkeni,, Chromepet, Chennai-600 044",,33AOYPS8631P1ZR,Chennai,Tamil Nadu,600044,,,98409 64842,,
1641,Chn Soft Leather Impex,"#79/270,Jamath Road,, Vaniyambadi-635751",,33ABAPY4887A1ZL,Vaniyambadi,Tamil Nadu,,,,+91-9443390065,yusuffmd@yahoo.co.in,
1642,Chn Solar Soles Pvt Ltd,"140/110, M.B.T.Road, Ranipet -632401",,33AAICS5736Q1ZP,Ranipet,Tamil Nadu,632401,Mr.Wahab,,9944946437,fmsolar@ahindia.com,accounts@ahindia.com
1643,Chn Sole Designs,,,,Ambur,Tamil Nadu,,,,,,
1644,Chn Solinco Industries,,,,Chennai,Tamil Nadu,,,,,,
1645,Chn Soma Leathers,"No.1521/F, Cuthery Road,, PKR Nagar, Vaniyambadi-635751",,33AZWPK6753B1Z5,Vaniyambadi,Tamil Nadu,635751,,,82206 95422,,
1646,Chn Sona Button House,"199/48,Vepery High Road ,Vepery, Chennai-60007, TN India",,33AEOPB8017L1ZF,Chennai,Tamil Nadu,600007,Mr.Aamir Faizan,044 47600009,+91 98400 31583,sona.buttonhouse@gmail.com,
1647,Chn Sona Fashions 2000,"No 1/5 V G Building 1st Floor,, Mount Poonamallee Road, Nandambakkam,  - 600089",,,Chennai,Tamil Nadu,,,,,,
1648,Chn Sonakoya Steering Syste MS Ltd,Chennai,,,Chennai,Tamil Nadu,,,,,,
1649,Chn Sona Koyo Mr.Naveeth,Chennai,,,Chennai,Tamil Nadu,,Mr.Naveeth,,,naveeth.sz@sonagroup.com,
1650,Chn Sona Koyo Steering Systems Ltd,"Chennai - Banglore Highway,, NH 4, Sriperumbudur,, Kanchipuram, Chennai-602 105",,33AABCS7787C1ZA,Chennai,Tamil Nadu,602105,Mr.Naveeth,,,naveeth.sz@sonagroup.com,
1651,Chn Soprefa India Shoe Components Pvt Ltd,"A-4, Chandralok Apartment, Baker Street,, Periyamedu, Choolai, Chennai-6000112",,,Chennai,Tamil Nadu,600112,,,,,
1652,Chn Sorra Traders Pvt Ltd,"Pot No: 144/2, Purasawalkam High Road, Kilpauk,  - 600010",,,Chennai,Tamil Nadu,,,,,,
1653,Chn Soundarapandian Bone & Joint Hospital Pvt Ltd,"A.A-16, 3rd Main Road, Anna Nagar, -600 046",,,Chennai,Tamil Nadu,,,,,,
1654,Chn Soundrapadian Bone & Joint Hospital,"AA 16, 3rd Main Road, Anna Nagar,  - 600 040",,,Chennai,Tamil Nadu,,,,,,
1655,Chn Southern Scribe Instruments Pvt. Ltd.,"#398/766, Poonamallee High Road, Kilpauk, -600 010",,,Chennai,Tamil Nadu,,,,,scpl6chn@gmail.com,chennai@graciousexpress.com
1656,Chn Spacewise,"No.9 Nungambakkam H.Road, Nungambakkam, Chennai-600 034",,,Chennai,Tamil Nadu,,,,,,
1657,Chn Spartan Progear Co.,"No.9, Copper Beach Avenue, ",,,Chennai,Tamil Nadu,,,,,,
1658,CHN Sperry Plast Ltd,"D-29,30,31, Footwear Component Park, Irrungattukottai, Sriperambadur Taluk,, Kanchipuram, Chennai-602 105",,33AAACS2623L1ZJ,Chennai,Tamil Nadu,,,,,,
1659,Chn S.P. Leathers,"No.191/5A, Angalamman Koil Street,, Nagalkani, Chromepet, Chennai - 600 044",,33APHPS2152K1ZS,Chennai,Tamil Nadu,,,,,,
1660,Chn Sree Aizshman Leather,"No.1c, Kannyiram Street, Nagalkeni, Chrompet,  -600 044",,,Chennai,Tamil Nadu,,,,,,
1661,Chn Sree Lakshmi Leathers,"Plot 2/3, 2nd Cross Street,, 7th Main Road Extn, Chromepet, -600 044",,,Chennai,Tamil Nadu,,,,,,
1662,Chn Sree Tech Industries,"Plot No.635, Vazhudavur Road, Near Asa Kalyana Mandapam, Pondicherry- 605009",,34ACCFS8637B1Z8,Puducherry,Puducherry,,Mr.Balachandra,,+91-8940173044,,
1663,Chn Sree Veera Leathers,"No 8B/1 Sabari Flats,, Ekamparam Street,, Pammal,  - 600075",,,Chennai,Tamil Nadu,,,,,,
1664,Chn Sree Venkateshwara Agency,"Chromepet, Chennai-600 044",,33ABFFS4015F1ZL,Chennai,Tamil Nadu,600044,Mr.Arun Kumar,,98841 48093,,
1665,Chn S.R.Enterprises,"R\n 1  Vasanthapuri Phase 1,, Malayambakkam Poonamallee,, Behind Arabindo School Chennai 600123",,33ABUPH1514K1ZN,Chennai,Tamil Nadu,600123,,,9840997325,srgoodyearwelt@gmail.com,
1666,Chn S.R. Exports,"No. 89, Ramasamy Street, Mannady, Chennai",,33HVVPS0375D2Z4,Chennai,Tamil Nadu,600001,,,,,
1667,Chn Sri Arenga Leathers,"Plot No.52A, Sri Saraswathi,, Muthu Palaniappa Nagar,, Anna Salai,Nagalkeni,, Chrompet,Chennai44",,33ABEPS0054R1ZD,Chennai,Tamil Nadu,,,,,,
1668,Chn Sri Balaji Apparels,"Perungudi, ",,,Chennai,Tamil Nadu,,,,,,
1669,Chn Sri Balavinayaga Leathers,"Veerasamy St, ADR Complex, Periamet, -600 003",,,Chennai,Tamil Nadu,,,,,,
1670,Chn Sri Chamundi Leather,,,,Chennai,Tamil Nadu,,,,,srichamundileather@gmail.com,
1671,Chn Sri Cheran Leather Industries,"No.8/2, Arasan Amman Kovil St, Pudhuper, -600 069",,,Chennai,Tamil Nadu,,,,,,
1672,Chn Sri Durga Leather,,,,Ranipet,Tamil Nadu,,,,,,
1673,Chn Sri Gnanam Associates,"No. 14 6th Cross Street Lie Colony, Pammal, .",,,Chennai,Tamil Nadu,,,,,,
1674,Chn Sri Guruji Leathers,"No. 75, Dr. Abdul Kalam Road, Nagalkeni, Chromepet, Chennai -600 044 (TN - India)",,33APJPS7661B1ZT,Chennai,Tamil Nadu,600044,,,,,
1675,Chn Sri Hari Agency,Ranipet,,33ADZPG1626N1Z4,Ranipet,Tamil Nadu,,,,9585937511,,
1676,Chn Sri Haygriv Tanners,"Sipcot, Ranipet",,,Ranipet,Tamil Nadu,,,,,,
1677,Chn Sri Madhu Enerprises,"2/75, Thiruneermalai Road, Nagalkeni, Chromepet,, -600 044",,,Chennai,Tamil Nadu,,,,,,
1678,Chn Sri Mall Impex,", Mob: 9940366455, Mob: 9566001544",,,Chennai,Tamil Nadu,,,,,,
1679,Chn Sri Naga Durga Leathers,"No.S-10, Talco Industrial Estate, Madhavaram, -600 060",,,Chennai,Tamil Nadu,,,,,,
1680,Chn Srinala Leathers India Pvt Ltd,"No.28/2A, Ammoor Road, Manthangal, -632 402",,,Ranipet,Tamil Nadu,,,,,,
1681,Chn  Sriperumbudur Taluk,,,,Chennai,Tamil Nadu,,,,,,
1682,Chn Sri Raghavendra Leather,"No.51, Kumarasamy St,, Lakshmipuram, Chromepet, Chennai-600 044",,33AATFS5774Q1Z2,Chennai,Tamil Nadu,600044,Mr.AR.N.Palaniappan,,9884064302,pazham1977@gmail.com,chennai@graciousexpress.com
1683,Chn Sri Rama Krishna Enterprises,", Ph: 9626535166",,,Chennai,Tamil Nadu,,,,,,
1684,Chn Sri Ram Enterprises,,,,Chennai,Tamil Nadu,,,,,,
1685,Chn Sri R.S.Traders,"No.22/271, Chrompet, , Ph: 9940180295",,,Chennai,Tamil Nadu,,,,,,
1686,Chn Sri Sai International,"No.2, Aringar Anna Street,, Lakshmipuram, Chromepet,, Chennai-600 044",,33ACYFS4651B1ZY,Chennai,Tamil Nadu,,,,,,
1687,Chn Sri Shakti Leather Enterprises,"No.32, Anna Salai,, Nagalkeni, Chromepet, Chennai-600 044",,33AALFS3069A1ZF,Chennai,Tamil Nadu,600044,,,87544 17562 / 044-22480173,,
1688,Chn Sri Venkateshwara Leathers,"No.6, Anantham Apartments,, C-Block, G3, Dr.Soloman Colony Road,, Lakshmipuram, Chromepet, Chennai-600 044",,33AHYPR0552R1ZF,Chennai,Tamil Nadu,600044,,,97103 34796,,
1689,Chn Sri Virgo Leather,,,,Chennai,Tamil Nadu,,,,,,
1690,Chn SRK Impex,"10/16, First Floor, Anaikar Complex, M.V.Badran Street, Periamet,, Chennai-600 003",,33AQCPS1497F1ZS,Chennai,Tamil Nadu,600003,Mr.Shariq Javed,8807701543,9840069459,Shariqj@hotmail.com,mdimran4786@gmail.com
1691,Chn S.R.L.Trading,"No.3/1,Thahir Street,, Pernambut-635810",,33BIZPS3283H1ZK,Pernambut,Tamil Nadu,,,,,,
1692,Chn SRM Leathers and Footwear Accessories,"No.71-B, Sipcot Industrial Estate,, SOPCOT, Ranipet-635403",,33FERPS5917G1ZY,Ranipet,Tamil Nadu,635403,,,,,
1693,Chn S.R.S.Leather Exports,"#2, Thiruneermalai Main Rd, Nagalkeni, Chromepet, -600 044",,,Chennai,Tamil Nadu,,,,,,
1694,Chn S.R.Trading Company,"16, Veerasamy Street, Periamet, Chennai.",,,Chennai,Tamil Nadu,,,,,,
1695,Chn S.S.C Shoes Pvt Ltd,"No.48/101, A-109 Old No.15,, Marshals Road, Egmore,, Chennai-600 008",,33AAACS4655G1ZI,Chennai,Tamil Nadu,600008,,044-42960100,9840085002,finance@sscgrp.com,
1696,Chn S S Exports,Ambur,,33ACLFS6125P1ZL,Ambur,Tamil Nadu,,,,,,
1697,Chn Ssipl Chemical,"8/9 Sami Pillai Street Choolai High Road, Chennai, Op: Jawaharlal Nehru Stadium",,,Chennai,Tamil Nadu,,Ashok,9381008666,,,
1698,Chn S & S Leathers,"628/5, Nuthanchery Main Rd, Madambakkam, -126",,,Chennai,Tamil Nadu,,,,,,
1699,Chn S.S.S.Leather Impex,,,,Vaniyambadi,Tamil Nadu,,,,,,
1700,Chn S.S.Traders,"C3/7A, Bye-Pass Road, H.H.S School Complex, Ambur - 635802",,33CDXPS7910M1ZN,Ambur,Tamil Nadu,635802,,,,,
1701,Chn Stand21 Exports India Pvt Ltd,"No.22, 23 Sidco, Ambattur, Industrial Estate, Ambattur, Chennai- 600 058",,33AAGCS8964E1Z4,Chennai,Tamil Nadu,600058,Mr.Mohan,,98413 40707,accounts@stand21.com,
1702,Chn Stanley Safety Products Pvt Ltd,"No. 38/4B, SIDCO Industrial Estate,, Ambattur,  - 600098",,,Chennai,Tamil Nadu,,,,,,
1703,Chn Star Exports,"Pallavaram, Chennai-44",,33AALFS5824P1ZL,Chennai,Tamil Nadu,,,,,,
1704,Chn  Star Impex,Chennai - 03,,,Chennai,Tamil Nadu,,,,,,
1705,Chn Star Leather,"No-227/d Mosque Street, Noorullahpet,, Vaniyambadi",,33ADJFS4651D1Z7,Vaniyambadi,Tamil Nadu,,,,,,
1706,Chn Star Shoe Components,"Marapattu Village, Ambur-635802",,33ACNFS3825Q1ZG,Ambur,Tamil Nadu,635802,,,,starshoecomponents@gmail.com,
1707,Chn Star Shoe Fabrics,Vellore,,33ABQFS5403E1ZA,Vellore,Tamil Nadu,,J.Ramachandran,,07010127188,sohalgster@gmail.com,
1708,Chn Star Tanning Co.,"27, Eidgah Road, Ambur-635802",,33AAIPI1806L1ZV,Ambur,Tamil Nadu,635802,,,,,
1709,Chn S.T.Impex,Vaniyambadi,,33BNDPS2153R1ZK,Vaniyambadi,Tamil Nadu,,,,80987 64397,,
1710,Chn Subramanian & Co,"A-2 3rd Phase, Guindy,, Chennai-600032",,33AAJFS4138E1ZD,Chennai,Tamil Nadu,600032,,,,,
1711,Chn Sufiyan Shoes,Ranipet,,,Ranipet,Delhi,,,,,,
1712,Chn Sugan Enterprises,"No.158, Flat No.FII, 5th Main Road, Nagappa Nagar, Chromepet, Chennai-600 044",,33AGRPA6174G1ZE,Chennai,Tamil Nadu,,,044-22482352,9444030352,suganleathers@gmail.com,
1713,Chn Sukraa Leathers,"7/5 Dhanalakshmi Nagar,, Moulivakkam,, Sriperumbdudur, Chennai-600122",,33AEVPM8536J1ZT,Chennai,Tamil Nadu,600122,,,,,
1714,Chn Sumaya Leather,Chennai,,,Chennai,Tamil Nadu,,,,,,
1715,Chn Sundaram Brake Linings Ltd,"Padi, -600 050",,,Chennai,Tamil Nadu,,,,,,
1716,Chn Sundara Pandian,,,,Chennai,Tamil Nadu,,,,,,
1717,Chn Sun Footcare,"20/3, Mathoppu 2 Nd Street, Maduvankarai Guindy, Chennai",,33AZDPM4146P1Z2,Chennai,Tamil Nadu,600032,,,,,
1718,Chn Sunshine International,"No.49, Sai Nagar,, Virugambakkam, Chennai-92",,33AGEPS4824N1Z1,Chennai,Tamil Nadu,600092,Mr.Balasubramanian,,87544 03699,sunshine.mani@rediffmail.com,
1719,Chn Suolificio Chennai,"Adam Nagar, Pammal, Chennai",,,Chennai,Tamil Nadu,,,,,,
1720,Chn Suolificio Linea Italia (India) Pvt Ltd,"19/1 & 4/4, Mylam Pondy Road, Sedarapet, Puducherry, Puducherry- 605111",,34AAJCS0681D1ZJ,Puducherry,Puducherry,605111,Mr.Jathin,,,commercial_pondy@lineaitalia.in,chennai@graciousexpress.com
1721,Chn Suolificio Linea Italia (India) Pvt Ltd - GTA,"19/1 & 4/4, Mylam Pondy Road, Sedarapet, Puducherry, Puducherry- 605111",,34AAJCS0681D1ZJ,Puducherry,Puducherry,605111,Mr.Jatin,,,commercial_pondy@lineaitalia.in,chennai@graciousexpress.com
1722,Chn Super Traders,"No.2, Kunniya Coop,, 5th Street, Ambur-635802",,33AVNPA4281F1ZT,Ambur,Tamil Nadu,635802,,,,,
1723,Chn Support Services Pvt Ltd,"Egmore Railway Station, Chennai",,07AAGCM0908C1ZX,Chennai,Tamil Nadu,,R.Kalai Selvan,,8754471997,,
1724,Chn Supreme Leather & Co,"#22, Wuthu Cattan Street, Park Town,  - 600003",,,Chennai,Tamil Nadu,,,,,,
1725,Chn Supreme Leather Impex,"No.6, Dr.Abdulkalam Road, Nagalkeni, Chrompet, Chennai-600044",,33BUMPB5699F1ZE,Chennai,Tamil Nadu,,,,,,
1726,Chn Supreme Leathers,,,,Ranipet,Tamil Nadu,,,,,,
1727,Chn Suraksha Shoes,"#30 Soni Nagar,, Gandhi Road, Velachery,,  - 600042",,,Chennai,Tamil Nadu,,,,,,
1728,Chn Sura Leathers Pvt Ltd,"S.F. No. 108/1, Gudiyattam Road,, Periavarikkam Village, Thuthipet,  - 635811",,,Gudiyattam,Tamil Nadu,,,,,,
1729,Chn SURIYA LEATHERS,"21,M V. BARDAN ST. PERIAMET,CHENNAI",,33AAOFS0707N1ZY,Chennai,Tamil Nadu,600003,,,9840122066,,
1730,Chn Surya Pelle Chemical (AB),,,,Ambur,Tamil Nadu,,,,,,
1731,Chn Surya Pelle Chemical & Mould Pvt Ltd,"K-24, Ambattur Industrial Estate, 9th Street Near Cabin, Chennai-58",,33AABCE4275H1ZT,Chennai,Tamil Nadu,600058,Mr.Shanmuham,,9715309869,accounts.moulds@sabagroup.in,
1732,Chn Sutores Exports Pvt Ltd,"M-4, Thiruvika Industrial Estate, Guindy, Chennai-600 032, Tel- 044-43515768",,,Chennai,Tamil Nadu,,,,,,
1733,Chn Svs Enterprises,", Mob: 9840353674",,,Chennai,Tamil Nadu,,,,,,
1734,Chn Swamy Raghavendra Leathers,"No.18, George Fernandaes St, Pammal, Chennai-600 075",,33ABRFS3614A1ZG,Chennai,Tamil Nadu,600075,V.Manivasagam,,9444753081,,
1735,Chn  Swastik Polymers,,,,Chennai,Tamil Nadu,,,,,,
1736,Chn Swedha Leathers,"Plot No.53/2, Sipcot Indl Complex, Sipcot  - 3",,,Ranipet,Tamil Nadu,,,,,,
1737,Chn Syed Aejaz Basha,"14/21, Kovalam Muthu St, Periamet, -600003",,,Chennai,Tamil Nadu,,,,,,
1738,Chn Syndicate Leathers,"No.2, Naval Hospital Road, Periamet, -600 003",,,Chennai,Tamil Nadu,,,,,,
1739,Chn System 5S Pvt Ltd,"B-4, Sidco Indl Estate, Villivakkam, Chennai-49",,33AAHCS3574K1Z2,Chennai,Tamil Nadu,,Mr.Antony Raj,,7200007781,csandp@system5s.com,
1740,Chn T.Abdul Wahid Co.,"# 53/26, Vepery High Road, Chennai",,33AAAFT0482B1ZS,Chennai,Tamil Nadu,,Aafthab Ahmed.N,,,material-am@tabdulwahid.com,
1741,Chn T.Abdul Wahid&Co Footwear Division,"53, Vepery High Road, Periamet, Chennai-600003",,33AAAFT0482B1ZS,Chennai,Tamil Nadu,600003,,,,,
1742,Chn T.Abdul Wahid Tanneries (P) Ltd,"53, Vepery High Road, Chennai",,33AAACT1168K1ZE,Chennai,Tamil Nadu,600003,,,,,
1743,Chn Taj Creations,,,,Chennai,Tamil Nadu,,,,,,
1744,Chn Taj Leather,Ranipet,,,Ranipet,Tamil Nadu,,,,,,
1745,Chn Taj Shoes,"# 122-A/6, M.B.T Road,, Ranipet",,33AACPK6768R1Z0,Ranipet,Tamil Nadu,,Mr.Thameem,,9994378621,tajshoes@gmail.com,
1746,Chn Tajtan Shoes,"#12/1, Kandrampalli Road, Thuthipet, Ambur-635811",,33AACFT7555K1ZV,Ambur,Tamil Nadu,635811,Mr.Sadique Ahmed,04174-242538,9442254748,admin@tajtanshoes.in,
1747,Chn Tantech Industries,"1 T 4, Kalaivanar Street,, Thirunagar, Jafferkhanpet,, Chennai-600 083",,33AGDPP0932D1ZX,Chennai,Tamil Nadu,600083,,,9840874028,,
1748,Chn Tanveer Leather,,,,Vaniyambadi,Tamil Nadu,,,,,,
1749,Chn Tapti Leathers Private Ltd,"# 87 & 89, (Old No.91) G.S.T Road, Pallavaram, -600043",,,Chennai,Tamil Nadu,,,,,,
1750,Chn Tara Leathers,"14, Periamet, Chennai-600003",,33BNFPJ5127A1ZM,Chennai,Tamil Nadu,600003,,,,,
1751,Chn Tata International Ltd,"No. 58 & 59, Pudhupair Village, Nandambakkam Post, Kundrathur Via,, Sriperambadur Taluk, Chennai 600 069",,33AAACT3198F1ZF,Chennai,Tamil Nadu,600069,Mr. Srinivasan,,,footwearchn.grind@tatainternational.com,chennai@graciousexpress.com
1752,Chn Tata International Ltd - Mepz,"Unit 1, Phase II, 2nd Floor,, Mepz-Sez, Tambaram,, Chennai-600045",,33AAACT3198F2ZE,Chennai,Tamil Nadu,600045,Mr.Manoj Kumar,+ 91 44 42912526,+ 91 8015099726,manoj.kumar@tatainternational.com,
1753,Chn Tata International Ltd - Ranipet,"Bachi Shoes Division, Plot No.46, Phase - II,, Sipcot Industrial Complex,, Ranipet-632 403",,33AAACT3198F3ZD,Ranipet,Tamil Nadu,632403,Mr.Nathan / Mr.Dhanavanthan,04172-307099,,bachiind@bachishoes.com,bsiplp@bachishoes.com
1754,Chn Tata International Ltd - Unit II,"Unit-2, No 15, Mechano Industrial Estate,, Velappanchavadi, Chennai - 600077",,33AAACT3198F1ZF,Chennai,Tamil Nadu,,,,,,
1755,Chn Taurus Corium Impex (P) Ltd,,,,Ambur,Tamil Nadu,,,,,,
1756,Chn TCS Shoes,"No.41, Ponniamman Koil,, 2nd Street, Sholinganallur,, Chennai-600 119",,33AAGFT7572G1ZZ,Chennai,Tamil Nadu,600119,Mr.T.Sangliraj,,+(91)-9840856128,tcsshoes@gmail.com,
1757,Chn  Techno Flex Industries,,,,Chennai,Tamil Nadu,,,,,,
1758,Chn Techno Leathers,"Chromepet, Chennai-44",,33AEAPN9178G1ZC,Chennai,Tamil Nadu,600044,Mr.Prakash,,9094960060,,
1759,Chn Tee Shoes,"# 2, Atkinson Road,, Block -3, 3rd Floor, Vepery, Chennai- 600 007",,33AAFFT5007M1Z5,Chennai,Tamil Nadu,600007,,044-25610004,,info@teeshoes.com,
1760,Chn Teeyem Leathers,"82, Srinivasanpet Road,, Ranipet-632401",,33AABFT6983G1ZZ,Ranipet,Tamil Nadu,635401,,04172-272166/ 044-25610127,98651 22223,,
1761,Chn Telynok Leather Impex Pvt Ltd,,,,Chennai,Tamil Nadu,,,,,,
1762,Chn  Tex Biosciences (P) Ltd,"SR.No.120/1/5a,Husan Nagram Mappedu,, Erambakkam Road,Ashok Nagar,, Chennai.",,33AAACT2307C1Z4,Chennai,Tamil Nadu,,Mr.Manisekar,,9940669489,kalpana@texbiosciences.com,
1763,Chn Texon India Pvt Ltd,"New No 273 B Old No 191,, Velacheri Tambaram Main Road,, Pallikaranai,  - 600100, Mob : 9840049367",,,Chennai,Tamil Nadu,,,,,,
1764,Chn TFB India (P) Ltd,"Chromepet, ",,,Chennai,Tamil Nadu,,,,,,
1765,Chn The Ayushman Lifestyle,"329, M.C.Road, Sugar Mill,, Vadapudupet, Ambur-635802",,33BXVPD6994B1Z5,Ambur,Tamil Nadu,635802,,,,,
1766,Chn The H.H.E.C of India Ltd,"No 31-32 Sp, Guindy, Chennai - 600032,, Industrial Estate Near Olympia Tech Park.",,33AAACH0628J1ZX,Chennai,Tamil Nadu,600032,Mr.Hanumant,,9094794805,hhecgm@gmail.com,
1767,Chn The Professional,"84, Sudharshan Nagar,, 4th St, Madambakkam,, -600 126",,,Chennai,Tamil Nadu,,,,,farminindustries@gmail.com,
1768,Chn TM Abdul Gaffoor & Co,"#2, Rama Pillai Street,, Periamet, Chennai-600 003",,33AACPG1871D1ZB,Chennai,Tamil Nadu,600003,,,,,
1769,Chn T.M.Abdul Rahman & Sons,"No.49, Wuthucattan Street, Periamet, Chennai-600003",,33AABFT2029F1ZO,Chennai,Tamil Nadu,600003,Nasir Ahmed,044 -2561 2164,9894644213,purchasedept@tmargroup.in,chennai@graciousexpress.com
1770,Chn TMH Shoe Fabric,"4/96, C.Abdul Hakeem Road,, Melvisharam -632 509, Vellore Dist, Tamil Nadu",,33AAKFT7365B1Z6,Vellore,Tamil Nadu,632509,Mr.Hidayathullah,,9444387758,Tmhshoefabric@gmail.com,
1771,Chn Top Latex Products,"33/45, E.K.Guru St, Periamet, , -600 003",,,Chennai,Tamil Nadu,,,,,,
1772,Chn Track Shoes Pvt Ltd,"No.4/287, Kundrathur Main Road, Kovur, Chennai-600 122",,33AAACT3420A1Z8,Chennai,Tamil Nadu,600122,,,,accounts@trackshoes.in,
1773,Chn T.Rafeeq Ahmed,"No.7/old No.2 1st Street, Habibullah Avenue,  - 600 003",,,Chennai,Tamil Nadu,,,,,,
1774,Chn Trexta India Leather Acc Mfg.Co. Pvt Ltd,"TS134 Sidco Industrial Estate, Ekkaduthangal, Chennai -600 032",,33AACCT6700H1ZN,Chennai,Tamil Nadu,600032,Mr.Anand,044- 4263 3351 /52,9884701308,anand.gangadharan@trexta-india.com,
1775,Chn Trident Home Furnishings Pvt Ltd,"Trident House, 24, Indira Nagar,, Valasaravakkam, -600087, Phone: 044 2486 8135",,,Chennai,Tamil Nadu,,,,,,
1776,Chn Tri Leder Overseas,"1138,Cutchery Road,, Vaniyambadi-635751",,33AGIPJ2162L1ZF,Vaniyambadi,Tamil Nadu,600003,Mr.Jitendra Verma,,96000 18242,info@trileder.com,
1777,Chn Trims 'n' Accessories,"No.62, Jermiah Road,, Vepery, Chennai-7",,33AADFT4156B1ZM,Chennai,Tamil Nadu,600007,,,,,
1778,Chn Trinity Enterprises,"1st Floor, 3 Shop, Kandrampalli Road,, Opp.Library, Thuthipet,, Ambur-635811",,33AALFT6100H1ZE,Ambur,Tamil Nadu,635811,,,9840814202,,
1779,Chn Triple Helix Industries,"586, Sidco Industrial Estate, Sipcot, Ranipet-632403",,33AABFT8530B1ZM,Ranipet,Tamil Nadu,,Mr.Sasikumar,,,,
1780,Chn Trishakti Leather Enterprises Pvt Ltd,"No.32, Anna Salai, Nagalkeni,, Chromepet, Chennai -600 044",,33AADCT5224H1ZL,Chennai,Tamil Nadu,600044,,044-22480173,8754417562,,
1781,Chn Tritan Leather Works Pvt Ltd,"44, Anna Salai , Nagalkeni,, Chromepet, Chennai-600 044",,33AAACT4350M1ZC,Chennai,Tamil Nadu,600044,,044-4207 3000,,,
1782,Chn  Troop Shoes Pvt Ltd,,,,Chennai,Tamil Nadu,,,,,,
1783,Chn Trost Shoes,"96/1A M.O.R Road, Chennai-44",,33AUUPS6171N1ZO,Chennai,Tamil Nadu,600044,,,,,
1784,Chn True Link Leather Exports,"10 , Kumarappa Street,, Periamet, -600003",,,Chennai,Tamil Nadu,,,,,,
1785,Chn TSR Sole Components,"No.10/A, Sairam Street,, Lakshmi Nagar, Sanrorkuppam,, Ambur-635814",,33ANDPA9245P1ZS,Ambur,Tamil Nadu,635814,Mr.Thirunavukkarasu,,94432 44907,,
1786,Chn TT Assembly India Pvt Ltd,"Oragadam, -631604",,,Chennai,Tamil Nadu,,,,,,
1787,Chn T & T Leather Craft,,,,Vaniyambadi,Tamil Nadu,,,,,,
1788,Chn Tusharika Consultancy,,,,Ambur,Tamil Nadu,,,,,,
1789,Chn T.V.International,"No.53,Pillaiyar Kovil Street,, Nagalkeni,Chrompet,, Chennai-600044",,33AAMFT9099G1ZJ,Chennai,Tamil Nadu,,,,+91-8248382909,,
1790,Chn UB International Trading Ltd,"SF No 254/1, Mel Kandrampalli Road,, Kandrampalli Village, Thuthipet Post,, Ambur, Tamilnadu, India. Pin: 635 811.",,33AAACU5060H1ZL,Ambur,Tamil Nadu,635811,Nayeem Ahmed,,9655205804,nayeem@ubitl.in,purchase@ubitl.in
1791,Chn Umar Bsha,,,,Ambur,Tamil Nadu,,,,,,
1792,Chn Umar Hides,,,,Ranipet,Tamil Nadu,,,,,,
1793,Chn Unico Leather Products & Co,"# 67/1, Maddox Street,, Cholai, Chennai - 600 112",,33AAACU4913F1ZP,Chennai,Tamil Nadu,,,,,,
1794,Chn Unicon Trading Co,"new 28/8/2, old 16/8/2, 1st floor COVELONG MUTHU GR, PERIAMET CHENNAI",,33ANWPR9281P1ZO,Chennai,Tamil Nadu,600003,,,,,
1795,Chn Unipel Corporation,,,,Chennai,Tamil Nadu,,,,,,
1796,Chn Unique Blue Leathers,Ranipet,,33AAEFU1781A1ZL,Ranipet,Tamil Nadu,,,,,,
1797,Chn United Agencies,"NA NO.65/2A, Service Road, Periyapanichery Chennai",,33AABFU2620F1ZQ,Chennai,Tamil Nadu,600003,,9543630013,,,
1798,Chn United Enterprises,,,,Chennai,Tamil Nadu,,,,,,
1799,Chn United India Shoe Corporation Pvt Ltd,"# 52/53, Prince Tower, 1st Floor,, College Road, Nungambakkam,, Chennai - 600 006",,33AAACU4913F1ZP,Chennai,Tamil Nadu,600006,Ms.Aakhila,,,aakhila.ho@unisco.co.in,chennai@graciousexpress.com
1800,Chn United Shoe Accessories,"No.14-B, Chetty Street, Korattur, -600 080",,,Chennai,Tamil Nadu,,,,,,
1801,Chn Unity Engineers,"9-B, Bye Pass Road,, Ranipet",,33AANPA2159B1ZB,Ranipet,Tamil Nadu,,Mr.Usman,,9566659016,,
1802,Chn Universal Pellechem,"75, Abdul Kalam St, Nagalkeni, Chromepet, Chennai-600 044",,33AADFU6869J1ZO,Chennai,Tamil Nadu,600044,Mr.Sathish,,,upc132013@gmail.com,
1803,Chn Universal Shoes,"No. 26, Rajiv Nagar, 1st Main Road, Pallikuppam, Thiruverkadu, Chennai -600 077",,33BCQPM0628H1ZL,Chennai,Tamil Nadu,600077,,,,universalshoe2011@gmail.com,
1804,Chn Universal Shoes Pvt Ltd,,,,Ambur,Tamil Nadu,,,,,,
1805,Chn USA Inks Corporation,,,,Chennai,Tamil Nadu,,,,,,
1806,Chn Utracon Structural Systems Pvt Ltd,"No 45, 5th street, Padmanaba Nagar,, Adyar, Chennai 600020",,,Chennai,Tamil Nadu,600020,,044 - 24468001/02/03,"9840775599

",info@utraconindia.com,
1807,Chn Uttam Polyrubs India Pvt. Ltd. (Unit-2),"P. No. 255,S.No. 10-2B1, 11-2B1 To 11-2B4,, Chettithangal Village, Lalykuppam Road,, Erkanthotty Junction, Ammoor Lalpet Road,, Ranipet-632404. (Tamil Nadu) Distt-Vellor",,33AAACU4543P1Z2,Ranipet,Tamil Nadu,632404,Mr. Harish,9655248314,9655248312,uttampolyrubsunit2@gmail.com,uttampolyrubsunit1@gmail.com
1808,Chn Uvez Leathers Exports,"No.19/53, Pillayar Koil St, Nagalkeni, Chromepet, Chennai-600 044",,33BMPPA7891F1ZU,Chennai,Tamil Nadu,600044,Mr.Shahul Hameed,,95972 78899,parvezleather.fashion@yahoo.com,
1809,Chn V A Enterprises,,,,Chennai,Tamil Nadu,,,,,,
1810,Chn Vallabh Marketing Corporation,"59/24, , Muniappa Mudali Street,, Chennai.",,33ACUPV0253C1ZM,Chennai,Tamil Nadu,,,,8248392755,,
1811,Chn Vansh Impex,"Periamet, Chennai",,33CPDPS2269P1ZA,Chennai,Tamil Nadu,,Mr.Shakeel Ahmed,,98458 71795,,
1812,Chn Varsha International,Ranipet.,,33ALZPR0617C1Z2,Ranipet,Tamil Nadu,,,,,,
1813,Chn Vasanth & Co Media Network Pvt Ltd,"No.14, Railway Border, 1st Street, Kaveri Nagar, -600015",,,Chennai,Tamil Nadu,,,,,,
1814,Chn VAT Enterprises,"No.4, 1st Cross Street,, Alapakkam, Chennai-600 116, Opp. Ganesh Nagar Indusl Est.",,33ABIPT8011F1ZS,Chennai,Tamil Nadu,600116,,,74016 66684,,
1815,Chn Vathani Soles,,,,Ambur,Tamil Nadu,,,,,,
1816,Chn VCS Inc,-95,,,Chennai,Tamil Nadu,,,,,,
1817,Chn V.D.Leathers,"#50/2, Perianna Maistry St, Periamet, -600 003",,,Chennai,Tamil Nadu,,,,,,
1818,Chn  Velan Book Supply,,,,Chennai,Tamil Nadu,,,,,,
1819,Chn V.Em.R.Tanners,"No.62, M.G.R High Road, Nagalkeni, -600 044",,,Chennai,Tamil Nadu,,,,,,
1820,Chn Venkat & Co.,"No.6, Dr.Abdul Kalam Road,, Nagalkeni, Chromepet,, Chennai-600 044",,33AAHFV8387N1ZA,Chennai,Tamil Nadu,600044,,,,,
1821,Chn Venkateshwara Insulation,"# 24-25, Sunder Nagar, Alapakkam,, Porur, ",,,Chennai,Tamil Nadu,,,,,,
1822,Chn Vensun Techno Links Pvt Ltd,"No 74/1 & 74/5, Tass Industrial Estate,, SIDCO Estate Ambattur,  - 600098,",,,Chennai,Tamil Nadu,,,,,,
1823,Chn Venture Shoes,"33/2 Gudiyatham Rd, Ambur-635811",,33AAEFV4440P1ZV,Ambur,Tamil Nadu,635811,,,,,
1824,Chn Venus Techno Links,,,,Chennai,Tamil Nadu,,,,,,
1825,Chn  Venya International,"No.1/12, Street, Sripuram,, Thiruneermaalai Main Road,, Nagalkeni, Chromepet, Chennai-44",,33FIHPS3351E1ZB,Chennai,Tamil Nadu,600044,,044-4266 8422,,venyainternational@gmail.com,
1826,Chn Vero Leder,"11/1G, M.B.T Road Cross,, Ranipet-632401",,33AAMFV8704E1Z3,Ranipet,Tamil Nadu,632401,,,,,
1827,Chn Versatile Enterprises,-78,,,Chennai,Tamil Nadu,,,,,,
1828,Chn Vibrant Soles and Accessories,"SF# 26/2, 3-1/1-B, Rajivgandhi St, Kennady Kuppam, Ayyanoor, Minnoor Post, Ambur-635 807",,33AAMFV2782Q2ZB,Ambur,Tamil Nadu,635807,Mr.Rajesh,,,vibrantsolesandaccessories@gmail.com,
1829,Chn Vijay Footwear,Vellore,,33AAGFV7018P1ZP,Vellore,Tamil Nadu,,,,9443232384,,
1830,Chn Vijay Shoes,Ambur,,33AMFPM8662H1ZU,Ambur,Tamil Nadu,635802,,,,,
1831,Chn Vikram International,,,,Chennai,Tamil Nadu,,,,,,
1832,Chn Viristi Impex,,,,Ranipet,Tamil Nadu,,,,,,
1833,Chn Vishva Shoes,"No.14, Mariyamman Koil St,, Periyavarikkam Village,, Thuthipet Post, Ambur-635811",,33ANXPB5086D1ZX,Ambur,Tamil Nadu,635811,Mr.Bala,,99400 77812,,
1834,Chn Vishwak Enterprises,Chennai,,33AIBPD8975G1Z9,Chennai,Tamil Nadu,,Mr.Dinesh,+919003247567,,,
1835,Chn Vista Shoes,"No 396/3, Pazhanjur Road,, Sembarambakkam, Chennai - 600123,",,33AAGFV7244P1ZL,Chennai,Tamil Nadu,600123,,044-26811822,9677066003 / 9677066007,,
1836,Chn Visual Technologies India Pvt Ltd,"No.13 & 14, Modern Towers, 35/23, Westcott Road, Royapettah, -600 014, Mob : 98 400 54865",,,Chennai,Tamil Nadu,,,,,,
1837,Chn V K Enterprises,Chennai,,33AAEFV2820K1Z9,Chennai,Tamil Nadu,,,,,,
1838,Chn V.L.S Leathers,"32, Sidco Industrial Estate, Sipcot, ",,,Ranipet,Tamil Nadu,,,,,,
1839,Chn V.P.K. Enterprises,,,,Chennai,Tamil Nadu,,,,,,
1840,Chn V.S.K.Exports,"Mannady,,  - 600001, +(91)-44-25218414, +(91)-44-25230977",,,Chennai,Tamil Nadu,,,,,,
1841,Chn V.Soma Sekhar Bharitiya,,,,Chennai,Tamil Nadu,,,,,,
1842,Chn V.Sreenivas & Co,,,,Vaniyambadi,Tamil Nadu,,,,,,
1843,Chn V.Sreenrivasan.Co,,,,Chennai,Tamil Nadu,,,,,,
1844,Chn V V Exports,"No.36, Duraisamy Street,, Sri Venkateshwara Ngar,, Anagaputhur, Chennai-70",,33AEXPM0753R1ZO,Chennai,Tamil Nadu,600070,Mr.Mageshwaran,,97102 55476,vvexports@rocketmail. com,
1845,Chn Waseem Leather,"Periamet, ",,,Chennai,Tamil Nadu,,,,,,
1846,"Chn Wasim & Co.,",,,,Chennai,Tamil Nadu,,,,,,
1847,Chn Welfare Leather Company,"Ranipet, Tamil Nadu",,,Ranipet,Tamil Nadu,,,,,,
1848,Chn Wellshine Impex,"No.473/5, 2nd Main Road,, SIPCOT Industrial Complex,, Ranipet-632403",,33AAAFW5878N1ZI,Ranipet,Tamil Nadu,632403,,,,acc.wellshine@gmail.com,
1849,Chn Western Alfa Leather Pvt Ltd,"1056/E 1/3, Konamedu, Vaniyambadi-635751",,33AAACW5433A1ZW,Vaniyambadi,Tamil Nadu,635751,,04174 228 202,,,
1850,Chn Wilhelm Textiles India Pvt Ltd - GTA,"Old No-86,New No-205,Avvai Nagar,L.B.Road, Thiruvanmiyur,Chennai-600041",,33AAACW1117F1ZX,Chennai,Tamil Nadu,600041,C.Renuka,,9840864145,cr@wilhelmindia.co.in,
1851,Chn Win Hide Pvt Ltd,"No.8 B/1 Old Thiruthani Road, Ranipet-632402",,33AABCW4423D1ZT,Ranipet,Tamil Nadu,632402,Ms.Kalaivanai,,7094475070,Sales@winhide.com,
1852,Chn Winmax Lethers  Private limited,"14/28 Neelakandan Street,, Ganapathy Nagar,, Nagalkeni,, Chennai-600044",,33AABCW0483H2ZG,Chennai,Tamil Nadu,600044,,,,,
1853,Chn Winner Overseas,"No 17, Thiruneermalai Main Road,, Chrompet, Chennai - 600044",,33AAAFW2936M1ZZ,Chennai,Tamil Nadu,600044,Mr.Arun,044-65552527,9500044999,purchase@winner-overseas.in,
1854,Chn Wintonian Footwear Pvt Ltd,"20/68-B, Mohd Pura Mosque 2nd St, Ambur, Vellore Dist-635802",,33AABCW7850N1ZV,Ambur,Tamil Nadu,,,,,,
1855,Chn Wolverine World Wide Inc.,"19/2, (Old #10) CIT Colony, 1st Cross St, Mylapore, - 600 004",,,Chennai,Tamil Nadu,,,,,,
1856,Chn World Leather Fashion,"Periamet, ",,,Chennai,Tamil Nadu,,,,,,
1857,Chn XLNC International,"Old No.5, New No.6, 1st Flr, Irusappan St, Periamet, ",,,Chennai,Tamil Nadu,,,,,,
1858,Chn Xnor Enterprises,"Kellys, , Mob : 9940443120",,,Chennai,Tamil Nadu,,,,,,
1859,Chn Yaaseen  Enterprises,"33aylpj8159q1zk, 48 Ist Floor Mohammedpura, Ambur",,33AYLPJ8159Q1ZK,Ambur,Tamil Nadu,635802,,,,,
1860,Chn Y.A International,"No.15, Thoppai Pillai St,, Periamet, Chennai-03",,33BUERM2314J1ZW,Chennai,Tamil Nadu,600003,,9840690783,9551794329,,
1861,Chn Yanoor Leather,"B.P.haram, Erode, Ph: 9940235389",,,Agra,Uttar Pradesh,,,,,,
1862,Chn Yasir Impex,"64, PKR St, 1st Flr,, Ameenabad, Khaderpet,, Vaniyambadi-635751",,33APEPM2205G1ZG,Vaniyambadi,Tamil Nadu,,,,,,
1863,Chn Yenkay Industries,,,,Chennai,Tamil Nadu,,,,,,
1864,Chn York Shoes Pvt Ltd,Ambur,,33AAACY3259N1ZZ,Ambur,Tamil Nadu,,,,,finance@yorkshoes.net,chennai@graciousexpress.com
1865,chn yosha foil creations,"No296/2b Venkatasamudiram, Back Side Eidga,Thuthipet Ambur",,33ACOPF8423A1Z0,Ambur,Tamil Nadu,,,,,yoshafoilcreations@gmail.com,
1866,Chn Young India Films,"1F Lakshmi Bhawan, 432 (Old No. 609), Mount Road, , -600006, Ph: 044-28294160 / 3640 / 5693",,,Chennai,Tamil Nadu,,,,,,
1867,Chn Zainab Enterprises,"11/2, M.S.Road,, Ambur-635802",,33AWNPA5930A1Z3,Ambur,Tamil Nadu,635802,,,98848 97999,,
1868,Chn Zainab Leather Exports,"47/1, Vathimanai Main Rd,, Ambur-635802",,33AABFZ1536H1ZC,Ambur,Tamil Nadu,635802,,,,,
1869,Chn Zaina International,"9/1, 2nd Floor ,, Narayana St, Periamet,, Chennai-600 003",,33BBFPM3357P1Z9,Chennai,Tamil Nadu,600 003,Mr.Imran,,99404 20786,,
1870,Chn Zam Zam Enterprises,Chennai,,33AABFZ9024A1ZJ,Chennai,Tamil Nadu,,Ms.Sumithra,,+91-8056215316,athar@graciousexpress.com,
1871,Chn Zar Tanners,,,,Vaniyambadi,Tamil Nadu,,,,,,
1872,Chn Zehra Impex,Ambur,,33BVJPM2595M1Z0,Ambur,Tamil Nadu,635802,Mr.Asrar,,9080699360,,
1873,Chn Zenisar Leathers,"8/2, 1st Floor, Patnool Sardar Jung St, Periamet, Chennai",,33ABKPZ3315N1Z6,Chennai,Tamil Nadu,,,,9367670005,,
1874,Chn ZHN Group,"37/18, Noorullapet,, Mosque Street,, Ambur-635802",,33AAKPZ9046K1ZY,Ambur,Tamil Nadu,635802,,,,,
1875,Chn Zishan Leathers Exports,Ambur,,33CJGPD2316F1ZV,Ambur,Tamil Nadu,,,,,,
1876,Chn Zuha Leather Pvt Ltd,"1056/E, Konamedu, Valayampet Port, Vaniyambadi",,33AAACZ2099M1ZW,Vaniyambadi,Tamil Nadu,,,,,,
1877,Choice Leather,,,,Chennai,Tamil Nadu,,,,,,
1878,Chola Sons ( Ndls ),"( Leather Shop ), 5368/69, Regar Pura, Karol Bagh,,  -110005, Mob No.09999854585, Email ; Adityachola@gmai.Com",,,Delhi,Delhi,,,,,,
1879,Choudhary International Pvt. Ltd. (Bom),"Plot No. 26, Phase II, MIDC, Road No 9,, Marol Industrial Area, Andheri East,, Mumbai, Maharashtra 400093",,27AABCC0833B1ZC,Mumbai,Maharashtra,,Mr. Shravan Kumar,22-40623600,,sharvan@choudharyfootwear.in,
1880,Choudhary Rexine Store (NDLS),"4/5808, Dev Nagar, Karol Bagh,,   Pin Code: 110005, Phone: 25786372",,,Delhi,Delhi,,,,,,
1881,Chumbak Design Pvt. Ltd. (Sbc),"520, CMH Road, Indiranagar, 1st Stage,, Near ICICI Bank, Bangalore - 560038",,29AAECC4284B1Z5,Bangalore,Karnataka,560038,,80-25255520,9945326256,accounts@chumbak.in,
1882,Chunu Bhai,,,,Kanpur,Uttar Pradesh,,,,,,
1883,C J V International ( Ggn ),"Plot No 492, Sector 37,Near Hero Honda Chowk, . Ph#Nirmal26855155,9255,26510653",,,Gurgaon,Haryana,,,,,,
1884,Cjv International in Gurgaon,"492, Pace City-II, Sector 37, ,  122001",,,Gurgaon,Haryana,,,,,,
1885,C.K.International,,,,Delhi,Delhi,,,,,,
1886,C. K. International Pvt. Ltd.(Okhla),B-29 Okhla Phase-1 -20 TIN No. 07900230255 Ph#9810024568/26818775 Raju,,,Delhi,Delhi,,,,,,
1887,C K Leathers ( Ndls ),"5256/7, Krishan Nagar, Karol Bagh, ,  110005",,,Delhi,Delhi,,,,,,
1888,Clara Shoes,,,,Ambur,Tamil Nadu,,,,,,
1889,Classic Automation Services (Cnb),"M-5/18 Kdm Colony, Jajmau,, , U.P.",,,Kanpur,Uttar Pradesh,,,,,,
1890,Classic Enterprises (Ndls),"Shakarpur, Delhi",,,Delhi,Delhi,,,,,,
1891,Classic Floorings (Sbc),"No.51, 100ft Road, 4th Block, Koramangala,  - 560034,, 80-41101012",,,Bangalore,Karnataka,,,,,,
1892,Classic Footwear (Bom),,,,Mumbai,Maharashtra,,,,,,
1893,Classic Leather,,,,Chennai,Tamil Nadu,,,,,,
1894,Classic Leather ( N Delhi ),"A-279, Shastri Nagar, ",,,Delhi,Delhi,,,,,,
1895,Classic Polymers (Ndls),"279, F . I. E Patpar Ganj Industrial Area ,Delhi=110092",,07AACFC6943L1Z7,Delhi,Delhi,110092,Mr. Pradeep Aggarwal,,,aggarwa@gmail.com,
1896,Clean N Shine,"120A, Manicktala Main Road, Loha Patti,, Kankurgachi, Kolkata - 700054, +(91)-33-33018594 , 65650505, 65650606 ,9903033600",,,Kolkata,West Bengal,700054,,,,,
1897,Clover Industries Llp (Cnb),"123/788-A, Fazalganj, Kanpur - 208001, Near Shtabdi Bus Dipo",,,kanpur,Uttar Pradesh,208001,,9839012000,,,
1898,Coach Classic ( Faridabad ),"H-47, Durga Vihar Colony, Lakkarpur, Faridabad. Mr. Praveen, Srivastava 9910088253",,,Faridabad,Haryana,,,,,,
1899,Coby Footwear (Bom),,,,Mumbai,Maharashtra,,,,,,
1900,Colorplus Fashions Ltd (Sbc),"SR # 35, 36, Kacharkanahalli Village, Soukya Road, White Field Road,, Bengaluru-560067",,,Bangalore,Karnataka,560067,,,,,
1901,Colorz N Style,,,,Delhi,Delhi,,,,,,
1902,Colorz N Style Pvt Ltd,"A-24, Ghazipur Village,, New Delhi-110096.",,,Delhi,Delhi,,,,,,
1903,Colorz N Style Pvt Ltd (New Delhi),"No. A24, Ghazipur Village,, New Delhi - 110096",,07AAFCC9409B1ZW,Delhi,Delhi,,,,,acccounts@colorznstyle.com,
1904,Colossal Overseas Trading Corporation (Hwh),"36/11/6, Shamshul Huda Road, Kolkata-17, 9831016612, Cotcorp@gmail.Com",,,Kolkata,West Bengal,,,,9831016612,cotcorp@gmail.com,
1905,Comfort Industries (Bom),"63/65, Mhd Ali Road, Commercial, Chamber Ground Floor Nxt to Bank of Baroda, Zakaria Masjid  Signal, Mumbai-400003",,,Mumbai,Maharashtra,400003,Mr.Faiz Mansuri,022-23422079,9619130715,contact@comfortmattresses.co.in,
1906,COMMERCIAL HIDE & SKIN CO. (Hwh),"61A, GOLAM JILANI KHAN ROAD,, KOLKATA - 700039",,19AADFC1830H1ZQ,Kolkata,West Bengal,700039,,,9831687996,commercialhide@gmail.com,
1907,COMO Leathers,"KH-No-271, G/F , Village Kapasaeda, New Delhi-",,07BRAPA2300P1Z7,Delhi,Delhi,110037,,,,,
1908,Como Leathers (Ndls),"KH No. 271, G/F, Village, Kapashida, New Delhi",,07BRAPA2300P1Z7,Delhi,Delhi,,,,,,
1909,Competence Exports Pvt Ltd (Cnb),"59-A-A-6, Udyog Nagar, Dada Nagar,, Kanpur-208022",,09AABCC7335C1ZX,kanpur,Uttar Pradesh,208022,Mr. M.D. Firdoze,,7080109185,purchase@competenceexports.com,
1910,Concept Concievers & Executors (Agc),"E 1 2 3 and F 1 2 Site B Upsidc Sikandra, Agra",,09AAFFC7998A2Z5,Agra,Uttar Pradesh,,,,9368020060,account@cce.org.in,
1911,Concept Exports (Cnb),,,,Kanpur,Uttar Pradesh,,,,,,
1912,Concept Footwear Exports (Noida),"C-13, Sector-65, Gautam Budh Nagar, Noida-201301",,09AFUPJ8110K1ZY,Noida,Uttar Pradesh,201301,Mr. Kapil,,9650755600,,
1913,Concept India (Ndls),,,,Delhi,Delhi,,,,,,
1914,Concept (Noida),"C-13, Sector-65, Noida, G.B. Nagar",,09AFUPJ8110K1ZY,Noida,Uttar Pradesh,,,,,,
1915,Conceria BGL,"301, VIVEKANANDAR ST, Ranipet.",,,Ranipet,Tamil Nadu,,,,,,
1916,Conceria International,,,,Ranipet,Tamil Nadu,,,,,,
1917,Connect Cargo Pvt Ltd (Ggn),"3rd Floor, 304, DLF City Court-II, Mehrauli Gurgaon Road,, Gurgaon-122002",,06AABCC6275D1ZW,Gurgaon,Haryana,122002,Mr. Naveen Kumar,,9899230024,icmnaveen@gmail.com,
1918,Connecy Cargo Pvt Ltd (Ggn),"Unit-304, 3rd Floor, DLF City Court,, Mg Road, Gurgaon-122002",,,Gurgaon,Haryana,122002,Mr.  Naveen Kumar,,9899230024,del@connectcargo.com,delops1@connectcargo.com
1919,Contemporary Leather,"Poonamalli, Chennai.",,,Chennai,Tamil Nadu,,,,,,
1920,Continental Leathers (Ndls),"31, Dlf Industrial Area, Shivaji Marg,, Moti Nagar, -110015, 9810515015",,,Delhi,Delhi,110015,,,,,
1921,Continental Light Leather (Ggn),"428, Pace City-2 , Sector-37,, Gurgaon-122001",,06AAHFC0318E1Z2,Gurgaon,Haryana,122001,,,,,
1922,Corbel Suppliers Private Limited (Kolkata),"49/1, A.K.MUKHERJEE ROAD KOLKATA WB 700090, Email ID: Indusnri@gmail.Com, M-9038835035-9830873722",,19AAABU4041A1ZM,Kolkata,West Bengal,,,,,,
1923,Corbel Suppliers Pvt Ltd (Hwh),"49/1, A.K. Mukharjee Road,, Kolkata-700090",,19AABCC0410A1ZM,Kolkata,West Bengal,700090,Mr. Rajesh Sureka,9038835035,9811107932/9830873722,indusnri@gmail.com,
1924,Cord India Company (Agc),"F-61,  Site- C, Sikandra,, Agra",,09AEJPA8901R1ZZ,Agra,Uttar Pradesh,282007,,,9319062227,cordindiacompany@gmail.com,
1925,Corecrft Enterprises (Noida),D-203 Sec-10 Noida-Up,,09ADCPI0632H1ZX,Noida,Uttar Pradesh,,,09212534667,,,
1926,Cornell Overseas Pvt Ltd ( Noida ),"B-32, Sector-66, Noida",,,Noida,Uttar Pradesh,,,,,,
1927,Corrupack India,,,,Agra,Uttar Pradesh,,,,,,
1928,Corset Wholesale Ltd  (Ggn),"Plot - 510, Udyog Vihar Phase -V , -122 016.",,,Gurgaon,Haryana,,,,,,
1929,Cosmic Eagle Brand Pvt Ltd ( Ndls ),"WZ 72 Near Radha Krishna Mandir Todapur,  - 110012, Mob No.9810294325 / 9810013086",,,Delhi,Delhi,,,,,,
1930,Cosmique Global (Ggn),"Plot No. 436-437, Pace City-2, Sector-37,  , 0124-4364032-33, 8800199086-87, Cosmique@cosmique-Global.Com",,,Gurgaon,Haryana,,,,,cosmique@cosmique-global.com,
1931,Cosmo Industries,Noida,,,Noida,Uttar Pradesh,,,,,,
1932,Cosmos Exports (Cnb),"41/81, Nai Sarak, -208001, , 9795121009, Cosmos.Exports@yaho.Com",,,Kanpur,Uttar Pradesh,208001,,,,cosmos.exports@yaho.com,
1933,Council for Leather Exports (Cnb),"HBTI Campus, Nawabganj,, Kanpur, Uttar Pradesh 208002",,,kanpur,Uttar Pradesh,208002,,0512 253 4198,,,
1934,Council for Leather Exports (Ndls),"Flat No. 317, DLF Prime Tower Okhla,, Phase-1, New Delhi-110020",,,Delhi,Delhi,110020,,,,,
1935,Cp Marketing Inc.,,,,Delhi,Delhi,,,,,,
1936,Craft India Inc,,,,Kanpur,Uttar Pradesh,,,,,,
1937,Crazy Creation (New Delhi),"C-209 Mayapuri Industrial Area Phase-2, New Delhi-110064",,07ATMPS8182L1ZQ,Delhi,Delhi,110064,,,09999600175,,
1938,Creative Hide ( Hwh ),"16A/1, C.N. Roy Road, -700039, Nayabnixon@gmail.Com",,,Kolkata,West Bengal,700039,,,,,
1939,Creative Pelt Pvt Ltd (Hwh),"Kolkata,",AACCC7601A,19AACCC7601A1Z6,Kolkata,West Bengal,,,,9830155959,creative@creativepelt.com,
1940,Creative Tannery Ltd,,,,Chennai,Tamil Nadu,,,,,,
1941,Creemos International Ltd (Cnb),"C-3, UPSIDC Industrial Area Rooma,, Kanpur-208001",,09AAFCA9358K1Z3,kanpur,Uttar Pradesh,208001,,,8318009002,cml_08@rediffmail.com,
1942,Crescent Tanners Pvt Ltd (Cnb),"Room No. 201-205, Krishna Tower,, Civil Lines, Kanpur-208001",,09AAACC7973R1ZR,kanpur,Uttar Pradesh,208001,,,,,
1943,Cresent Export Syndicate (Hwh),"S-55, Phase-III, Kasba Industrial Estate,, -700107, 9163285768, Purchase@cresentexp.Com",,,Kolkata,West Bengal,700107,,,,,
1944,Crimzon Fashion Accessories Pvt Ltd (Bom),"502, Sukhsagar Building, N. S. Patkar Marg, Mumbai 400 007",,27AAECC4205G1Z1,Mumbai,Maharashtra,400007,Mr. Shirish Palnitkar,,09920153088,shirish.crimzon@gmail.com,
1945,Crocus Leather (Hwh),"85/D, Topsia Road,, Kolkata-700039",,19AVEPA4761H1ZN,Kolkata,West Bengal,700039,Mr. Adil,,9748350631,adil@crocusleather.in,
1946,C.R.Packaging,,,,Agra,Uttar Pradesh,,,,,,
1947,C.R Shoes,,,,Ambur,Tamil Nadu,,,,,,
1948,C & S Electric Ltd ( Noida ),"A-7 & 8, Sector - VIII,, Gautam Budh Nagar,, Noida - 201301 U P, 0120-3914362",,09AAACC0909K1ZR,Noida,Uttar Pradesh,201301,,,,,
1949,C Sky International ( Ggn ),"Plot No. 742-I, Pace City-2 Sector-37,  , Csky@cskyintl.in",,,Gurgaon,Haryana,,,,,csky@cskyintl.in,
1950,C S Leather,Agra,,,Agra,Uttar Pradesh,,,,,,
1951,C.S.Leather International,,,,Agra,Uttar Pradesh,,,,,,
1952,Cs Leathers,,,,Chennai,Tamil Nadu,,,,,,
1953,C S Leathers (Agc),"Block No. S-4, Shop No.-5,6, Shoe Market, Sanjay Place,, Agra - 282002",,09ABHPA1450C1ZC,Agra,Uttar Pradesh,282002,Mr.Vijay Ahuja,,9897093978,csleathers@gmail.com,
1954,Cuero Moda(Hwh),"22/2  C N Roy Kolkata, Pin Code 700039",,19AALFC0142L1ZE,Kolkata,West Bengal,700039,DANISH,,9911814206,danish@cueromoda.com,
1955,Cuir Inde,,,,Gurgaon,Haryana,,,,,,
1956,Cuir Inde ( Ggn ),"Khasra No. 1193/2-P & 1194-P ? Behrampur Road, Village- Khandsa ?Gurgaon-122001",,06AADFC5791K1Z6,Gurgaon,Haryana,122001,Mr. Alok Tiwari,,8527091967,purchase@cuirinde.com,
1957,Cuir Mode,,,,Gurgaon,Haryana,,,,,,
1958,Culture Clothing Pvt Ltd ( Noida ),"C-48, Hosiery Complex, Noida - Phase II    Mob : 097179 94692",,,Noida,Uttar Pradesh,,,,,,
1959,C W Overseas (Agc),"149, Heera Lal Pyau, Near Rozor Ind Artoni,, Agra",,09AALFC5570C1ZG,Agra,Uttar Pradesh,,,,,,
1960,CY Myutec Anand Pvt Ltd,"No-215, Thenur Village, Ammanampakkam,, Chengalpet TK, Kancheepuram dt, Chennai",,33AADCC3033F1ZB,Chennai,Tamil Nadu,603003,,,,,
1961,Czytek Clean Pvt Ltd (Noida),"G-137, Sector-63, Noida-201301",,09AAACQ2953R1ZR,Noida,Uttar Pradesh,201301,,120-4545515,9540664780,,
1962,D' Chemet International,"No. 208 - A, A - Wing, Gokul Arcade,, Swami Nityanand Road, Vile Parle East,  - 400 057, , India, 9833997651, 9322646084, 9833997655, Khannarajk@hotmail.Com, Khannarajk@gmail.Com",,,Mumbai,Maharashtra,400507,,,,,
1963,D2 International (Hwh),"P-78, Kasba Industrial Estate,, Phase-II, Kolkata-700107",,19AADFD3660Q1ZY,Kolkata,West Bengal,700107,,33-44015537,9674370930,info@d2international.com,
1964,Dads Overseas (New Delhi),"R 18-19, Prahalad Pur, M B Road,  ",,,Delhi,Delhi,,,,,,
1965,Daimond Leather,Kanpur,,,kanpur,Uttar Pradesh,,,,,,
1966,Dally International (Ggn),"69, Udyog Vihar, Phase-6, .",,,Gurgaon,Haryana,,,,,,
1967,Dalmi Technologies,,,,Delhi,Delhi,,,,,,
1968,Damco India Pvt Ltd (Ndls),,,,Delhi,Delhi,,,,,,
1969,Da Milano Leathers Pvt Ltd (Ndls),"85, Kapasheda Bijwasan Road	Near Deepan Hospital,, New Delhi-110037",AACCD5137E,07AACCD5137E1ZZ,Delhi,Delhi,110037,Mr. Anil Thakur,,9999988575,tax@damilano.com,
1970,Dane Export (Hwh),"-700039, 9748771684",,,Kolkata,West Bengal,700039,,,,,
1971,Danish International (Cnb),"14/16, Nawab Compound, Civil Line,,  280 001, 512-2532598",,,Kanpur,Uttar Pradesh,280001,,,,,
1972,Danish Leather Exports,"Chrompet, Chennai.",,,Chennai,Tamil Nadu,,,,,,
1973,DAPONAIR (Bom),"4, 2nd Floor Empire Terrace A Wing,, N Petit Street, Grant Road East, Mumbai-400007",,27AKUPJ3804F1Z1,Mumbai,Maharashtra,400007,,,9892955954,daponair@gmail.com,
1974,Dashmesh Industrial,,,,Delhi,Delhi,,,,,,
1975,Daspass Sales Corporation (N.Delhi),,,,Delhi,Delhi,,,,,,
1976,Datt Trading Company,"86,Opposite Red Fort, Netaji Subhash Marg,, New Lajpat Rai Market, Old , ,  110006",,,Delhi,Delhi,,,,,,
1977,Davinci Leather Pvt Ltd ( Mas ),,,,Chennai,Tamil Nadu,,,,,,
1978,Dawar Foot Wear Ind.,"Near Bapu Asaram Ashram,12.5 Km Agra-Delhi Road, Sikandra, Agra,",,,Delhi,Uttar Pradesh,282007,,,,,
1979,Dawar Footwear Industries (Agc),"Near Bapu Asaram Ashram,, 12.5 K.M. Agra-Delhi Road,, Sikandra, AGRA - 282007",,09AAAFD6003E2ZZ,Delhi,Uttar Pradesh,282007,,,,shipping@dawargroup.com,
1980,Dazzle Exports ( Agc ),"C-12, Site- B, UPSIDC Industrial Area Sikandra,, Agra-282007",,09AAGFD1712N1ZD,Agra,Uttar Pradesh,282007,,562-2642734,,info@dazzleexports.com,
1981,D Chemet International (Bom),"Mumbai, Maharashtra",,27AFRPK2883B1Z9,Mumbai,Maharashtra,,,,9833997655,khannarajk@hotmail.com,
1982,D D Leather (Karol Bagh),"5313 Hardhian Singh Road, Karol Bagh, ",,,Delhi,Delhi,,,,,,
1983,De Corpoholix (Ndls),"40/129 C.R. Park, New Delhi",,07BDBPS8406D1ZN,Delhi,Delhi,,,,,,
1984,DE Corpoholix (Noida),"40/219 C.R. Park, Delhi",,070OBPS8406D1ZN,Delhi,Delhi,,,,9654429128,,
1985,Decro India (Ggn),"Near J M Garden, Sohna Road,  - 201308",,,Gurgaon,Haryana,,,,,,
1986,Deeash Creations (Noida),"A-140 Sec-63, Noida (U.P), 201301",,09AAHFD7728F1Z9,Noida,Uttar Pradesh,201301,,,,,
1987,Deen Tanners,Noida,,,Noida,Uttar Pradesh,,,,,,
1988,Deepak Impex,,,,Agra,Uttar Pradesh,,,,,,
1989,DEEPAK IMPEX (AGC),"3rd Floor, 17/2/4, Deepak Wasan Plaza,, Sanjay Place, -282007, 562 - 2276312, Pradipwasan@gmail.Com",,,Agra,Uttar Pradesh,282007,,,,,
1990,Deepak Leather Store (Karol Bagh),"5331, Hardhyan Singh Marg, Dev Nagar, Karol Bagh, ,  110005",,,Delhi,Delhi,,,,,,
1991,Deepak Saraswat,,,,Agra,Uttar Pradesh,,,,,,
1992,Deepak Saraswati (Agc),,,,Agra,Uttar Pradesh,,,,,,
1993,Deepak Traders  (Hwh),,,,Kolkata,West Bengal,,,,,,
1994,Deepak Vasan,,,,Agra,Uttar Pradesh,,,,,,
1995,Deeya International (Hwh),"23a, NS Road 5th Floor,, Kolkata, West Bengal",,19ACDPJ6695B1ZH,Kolkata,West Bengal,,Mr. Sandeep Choudhary,,8336062628,sandipchoudhary2812@gmail.com,
1996,Deko Exhibit System,,,,Chennai,Tamil Nadu,,,,,,
1997,Delhi Leather Bags (Ndls),"7530, 1st Floor, Galaxy Apartment,, Tel Mill Marg, Ram Nagar,, New Delhi-110055",,07AGUPH5550Q1ZK,Delhi,Delhi,110055,Mr. Abdul Hannan,11-23537441,9310429269,delhileatherbags93@gmail.com,
1998,Della Adventure & Resorts Pvt Ltd (Bom),"Della Tower, Jam-E-Jamshed Road,, Parsi Colony, Dadar (E), Mumbai – 400 014., 22-67451400/9870626136, Info@dellagroup.in",,,Mumbai,Maharashtra,400014,,,,,
1999,Delta Leather Corporation (Hwh),"50/1 D/1 Gulam Jilani Khan Road, Kolkata-700039",,19AAKFD6626P1ZP,Kolkata,West Bengal,700039,,,,,
2000,Delta Plus India Pvt. Ltd (Hwh),"EP BLOCK, PLOT Y5, SECTOR-V,, SALTLAKE CITY, KOLKATA - 700091",,19AACCD1864A1Z0,Kolkata,West Bengal,700091,,,,sugata.dutta@deltaplus.in,
2001,Deltronix India Limited (Noida),"E-3, Sector-59, Noida,-201301",42X26X26,09AAACD4681K1ZD,Noida,Uttar Pradesh,201301,Mr. Rohit Agarwal,,,accounts@deltronix.in,"CFT-5,6,8"
2002,Deluxe Leathers Co ( Ndls ),"Karol Bagh, -110005",,,Delhi,Delhi,,,,,,
2003,Delux International (CNB),"Plot No-3 Araji No-68, Manja Paibandi Kanpur  Uttar Pradesh",,,kanpur,Uttar Pradesh,,,,,,
2004,Dentspec (Ggn),"Plot No. 61-P, Pace City-1, Sector-37, Part-1 -122001, 0653-1834564/9818645004",,,Gurgaon,Haryana,122001,,,,,
2005,Desert Rose Design (Ggn),"Pace City I, Sector 37, Gurgaon, Haryana, 122001",,06ACJPS2501B1Z4,Gurgaon,Haryana,122001,,,9811611293,,
2006,Designer Concepts ( Noida ),"D-185 Sector-63, Noida G B Nagar",,09AAFPT0227K1ZJ,Noida,Uttar Pradesh,,,,,,
2007,Design Exim (Noida),"G 232, Sector 63, Noida- 201301",,09AAFFD3774M1ZY,Noida,Uttar Pradesh,201301,,,,,
2008,Design Impex (Noida),"D-343 Sector-63 Noida-201307, Uttar Pradesh",,09AAGFD1969B1ZJ,Noida,Uttar Pradesh,201307,,,,,
2009,Dev Handicrafts,Noida--201301,,,Noida,Uttar Pradesh,201301,,,,,
2010,Dev Handicrafts (Noida),"C-91 1st Floor, Sec- 63, Noida, Accounts@devcrafts.Com, Gaurav@devhandicrafts.Com, 9910645457",,09AHMPB0520H1ZR,Noida,Uttar Pradesh,,,,,,
2011,Devi Leather,,,,Chennai,Tamil Nadu,,,,,,
2012,Devi Sole,,,,Ranipet,Tamil Nadu,,,,,,
2013,Devlakshmi Sales (Ndls),"#8887/2, Multani Dhanda,, Paharganj, Delhi - 110055",,07ASCPK6704H1ZV,Delhi,Delhi,110055,Mr. Karan,11-23542970,9910600331,,
2014,Dewandas Lilaram (Cnb),", , 8410782758, Dewandaslilaram@hotmail.Com",,,Kanpur,Uttar Pradesh,,,,,,
2015,Dharavi Market (Bom),"B02, Fatima Building, Ground Floor,, 222, Jehangir Baug, Cadell Road,, Mahim, Mumbai-400016",,27AIQPG4012L1Z5,Mumbai,Maharashtra,400016,Mr. Megha Gupta,9987642244,9892287011/7506607186,teamdharavimarket@gmail.com,admin@dharavimarket.com
2016,Dhingra Engineering Works (Noida),"E-38 Sector-07, Noida -201301",,09AAHPD8510F1ZY,Noida,Uttar Pradesh,201301,Mr. Dinesh Kumar,0120-2420238,9990906389,dewnoida7@gmail.com,
2017,Dhingra Export (Noida),"E1/2nd Floor Sector-5, Noida-201301",,09AAFPD7092L1ZC,Noida,Uttar Pradesh,,,,,,
2018,Dhingra Industries,Noida,,,Noida,Uttar Pradesh,,,,,,
2019,Dhingra Industries (Noida),", F 93, Sector 8, Noida, Uttar Pradesh - 201301",,09AAFPD7092L1ZC,Noida,Uttar Pradesh,,,,,,
2020,Dhingra Shoe Interlining,Noida,,,Noida,Uttar Pradesh,,,,,,
2021,Dhingra Shoe Interlining (P) Ltd (Noida),"F-93-94-95-Sector-8, Noida-201301",,09AABCD8236D1ZS,Noida,Uttar Pradesh,201301,,,,,
2022,Dhiruv Auto Accessories,,,,Delhi,Delhi,,,,,,
2023,Dhru Leathers (Karol Bagh),"5371/68, Reghar Pura,, Karol Bagh,  110005",,,Delhi,Delhi,,,,,,
2024,Dhruv Leather (K B ),"5371/68, Reghar Pura, Karol Bagh",,07ASIPK0871D1ZX,Delhi,Delhi,110005,Mr. Rajiv Kapoor,11-28722763,9811351716,dhruvleather@yahoo.co.in,
2025,Diamond Polymers ( Agc ),"40-A, Takshela Colony, Sheetla Road,, , Uttar Pradesh, (INDIA), 562-2530860/9837026903, Gomitjain21@yahoo.Co.In/dpheels@hotmail.Com",,,Agra,Uttar Pradesh,,,,,,
2026,Diamond Sandals (Bom),"Mumbai, Maharashtra",,,Mumbai,Maharashtra,,,,,,
2027,Diana Leather ( Ggn ),"Ram Swaroop Market Complex Dundahera, , ",,,Gurgaon,Haryana,,,,,,
2028,Dinesh Industries,Faridabad,,,Faridabad,Haryana,,,,,,
2029,Disha International (Agc),"No-38C/ 35X, Ganesh Nagar, Lawyers Colony,, Agra",,09ABHPY0493K1ZY,Agra,Uttar Pradesh,282005,,,9944099766,mhdharis_20@hotmail.com,
2030,Disha Leather Art ( Faridabad ),"117, MCF, New Bhoor Colony, Old Faridabad.",,,Faridabad,Haryana,,,,,,
2031,Divine Materials Pvt Ltd (Ggn),"80-A, I.D.C., Colony, Mehrauli Road,, Gurgaon-122001",,06AACCD9641B1ZY,Gurgaon,Haryana,,,,,sales@divinemat.com,
2032,Divya Jhunjhunwala (Ggn),", , 9810026585",,,Gurgaon,Haryana,,,,,,
2033,Divya Junjunwala,,,,Chennai,Tamil Nadu,,,,,,
2034,D.K.Packaging Industries,"Ambathur, Chennai.",,,Chennai,Tamil Nadu,,,,,,
2035,D LITE AGENCIES (Hwh),"35, SIBTALA LANE , BHADRAKALI ,, HOOGHLY - 712232 ; West Bengal ;INDIA
, 3326639284/9830913925, Suprabhat3@rediffmail.Com",,,West Bengal,West Bengal,,,,,suprabhat3@reduffmail.com,
2036,Dmax Overseas (Hwh),"37/8, Topsia Road,  - 700039, 9831077377, 9830665115/9830055115, Nirmal@dmax.Co.in",,,Kolkata,West Bengal,700039,,,,,
2037,D.M.K Industries,,,,Delhi,Delhi,,,,,,
2038,DNV Creation,,,,Delhi,Delhi,,,,,,
2039,D OCEANIC DOLPHIN APPARELS PVT.LTD. (Noida),"E-126, Sector-63, Noida, U P",,09AAECD9133E1ZP,Noida,Uttar Pradesh,,,,9953542705,vimal@dolphinapparels.in,
2040,Dolly International,,,,Gurgaon,Haryana,,,,,,
2041,Dolly International  (Ggn),"Plot No. 69, Udyog Vihar Phase VI, Sector 37,, Gurgaon  - 122001",,06AAJPK7988G1Z5,Gurgaon,Haryana,,,,9810261417,dollyinternational@gmail.com,
2042,Dolphin Apparels ( Ndls ),"246/5, Nangali Sakrawati, -110043, Ph- 09871636062",,,Delhi,Delhi,,,,,,
2043,Dolphin Traders,,,,Chennai,Tamil Nadu,,,,,,
2044,Dolphin Ventureshoe Accoesspories (New Delhi),"Plot No-468 Near M R Bharti School, Swran Park Mundka Newdelhi",,07BWAPS3760C1ZO,Delhi,Delhi,110041,,9911934148,,,
2045,DPR Moulds & Machineries Pvt Ltd,"37, 1st Floor, Nagin Lake Apartment,, Paschim Vihar, New Delhi-110087",,07AACCD0849D1Z0,Delhi,Delhi,110087,Mr. Vijay,9899058422,9971596564,,
2046,D R Auto Industries ( Noida ),"E 43,  Sector 8,  Noida",,09AAAFD4480B1ZT,Noida,Uttar Pradesh,,,,,drautoacc99@gmail.com,
2047,D R International (Gzb),"B-14, Sector- B2, Tronica City,,  Saharanpur Road,, Ghaziabad : 201101 India,, Info@drintl.in, 9911554953",,,Delhi,Delhi,201101,,,,,
2048,Drion Conmerx (Ggn),"90, Udyog Vihar Phase-1, ",,,Gurgaon,Haryana,,,,,,
2049,Drish Shoes Limited,,,,Delhi,Delhi,,,,,,
2050,Drish Shoes Ltd (NEW DELHI),"Plot No. B-2  DSIDC Ind'l Estate,  Patparganj,, Bus Stand,  Delhi - 110092",,,Delhi,Delhi,,,,,,
2051,Drishti Apparels ( Ggn ),"Plot No. 180, Sector-8,, IMT Manesar, Gurgaon-122050",AAAFD2361B,06AAAFD2361B1Z7,Gurgaon,Haryana,122050,Mr. Sahoo,9717798053,,accounts@drishtiapparels.com,
2052,Drishti Life Style ( Ggn ),"Plot # 139D,PHASE II,Sector - 7,, Imt Manesar,Gurgaon",,06AAJFD3460A1ZY,Gurgaon,Haryana,122050,Mr. Digant Parida,,8527699791,leatherstore@dlifestyle.in,
2053,D R Leather (Hwh),"P-39 Tilottama Abasan, Brahmapur -700096, Drleather@Rediffmail.Com",,19ADYPB2966R1ZF,Kolkata,West Bengal,700096,,,,,
2054,D S Accessories and Footwear Pvt Ltd (Cnb),"7/82, Tilak Nagar,, Kanpur - 208002",,09AABCM3368B1ZO,kanpur,Uttar Pradesh,208002,,,,,
2055,D.S.International (New Delhi),"DDA JANTA FLATS 89-C, IIND FLOOR PITAMPURA VILLAGE, PITAMPURA NEW DELHI-110034",,07AIZPM5253G1ZQ,Delhi,Delhi,110034,,,,,
2056,D S M Sole Products Pvt Ltd (Agc),"E-91, Sitc-C, UPSIDC, Industrial Area,, Sikandra, Agra-282007 U P",,09AADCD0939P1Z7,Agra,Uttar Pradesh,282007,Mr. Santosh,9837133309,9808901169,account@dsmsole.com,
2057,Dugros Leather (India) Pvt Ltd (Hwh),"58, Sundari Mohan Avenue, -700014., 9836190111/33-40655129, Kamaal@dugrosindia.Com",,,Kolkata,West Bengal,700014,,,,,
2058,Durga Overseas,Chennai,,,Chennai,Tamil Nadu,,,,,,
2059,Durgesh  (HWH),"1, Garstin Place, Orbit House, Suit-2d, 2nd Floor, Garstin Place, ,  700001, Phone:033 2243 4306",,,Kolkata,West Bengal,,,,,,
2060,Durre Welt,,,,Agra,Uttar Pradesh,,,,,,
2061,Duwesh Exports (Agc),"Agra, Uttar Pradesh",,09BFGPD8741B2ZM,Agra,Uttar Pradesh,,,,9557184980,,
2062,Dynacon Systems Ltd (Cnb),"120/703, F-2, Lajpat Nagar, -208005, 512-2241105/2233709, Salesmould@kamerotech.Com",,,Kanpur,Uttar Pradesh,208005,,,,,
2063,Dynamic Polymers,,,,Agra,Uttar Pradesh,,,,,,
2064,Dynamic Product,,,,Chennai,Tamil Nadu,,,,,,
2065,Eagle Forgings Pvt. Ltd. (Ndls),"12, Roshanara Road, N  - 110 007, Maya@eaglegroupindia.Com",,,Delhi,Delhi,,,,,,
2066,Eccellenza Global Llp (Hwh),"75B, Christopher Road,, Kolkata-700046",AAGFE3606E,19AAGFE3606E1ZP,Kolkata,West Bengal,700046,Ms. Sangita Mondal,,9830824988,banerjeesudipta1972@yahoo.co.in,sangitamondal137@gmail.com
2067,Ecelerza Global Llp(Hwh),75-B Chrisstopher Road Kolkata,,19AAGEE3606E1ZP,Kolkata,West Bengal,,,,,,
2068,Eclat Pharma & Aerosols Pvt Ltd (Bom),"423, Blue Rose Industrial Estate,, Near Mentro Mall Westen Express Highway, Borivali East, Mumbai-400066",,27AACCE4821A1Z7,Mumbai,Maharashtra,400066,,022 2870 2212,9619529668,eclatpharma1991@gmail.com,
2069,ECOLINE (Noida),"E-48 Sector-6 Noida, Uttar Pradesh-201301",,09AAHPS9311B1ZQ,Noida,Uttar Pradesh,201301,Mr. Pramod,,7838775022,ecoline@ecolineindia.com,
2070,ECOTAN (Hwh),"93/1D, Tiljala Road,, Kolkata-700046",,19ACTPA4206D1ZV,Kolkata,West Bengal,700046,Mr. H. Islam,,9681204039,ecotan99@yahoo.in,
2071,Ecotan Leather (Cnb),"127 Sir Iqbal Serial Jajmau
, Kanpur",,,kanpur,Uttar Pradesh,,,,,,
2072,Efort Exports (Ndls),"20-C, Dhruv Apartment, Sector-13,, Rohini, , 9810195509, Naveeneforts@gmail.Com",,,Delhi,Delhi,,,,,,
2073,Ejaz Tanning Company,Chennai,,,Chennai,Tamil Nadu,,,,,,
2074,Ekta Industries ( Bom ),,,,Mumbai,Maharashtra,,,,,ekta.sapra@dnv.com,
2075,Ekta Tannery (Hwh),"7/2B, Maijan Ostagar Lane, Kolkata-700017",,19AACFE4578M1ZV,Kolkata,West Bengal,700017,Mr. Nehal Ahmed,,9830167940,nehalahmed111@gmail.com,
2076,Elahi International (Hwh),"39, Topsia 2nd Lane,, Topsia, Kolkata-700039",,19DELPK5264L1ZT,Kolkata,West Bengal,700039,,,,,
2077,Elegant Exact Leather (Hwd),"36  IMDAD ALI LANE, KOLKATA",,19ACXPA1469N1ZV,Kolkata,West Bengal,700016,,,,,
2078,Elements Exports Pvt Ltd (Ggn),"Plot No 406,  Phase I I,  Sector -37,, Pace City,  Gurgaon",AAACE8842P,06AAACE8842P1Z5,Gurgaon,Haryana,,Mr.Vikas,,,accounts@elementsexports.com,resourcing@elementsexports.com
2079,Elite International (Bom),"19, Indraprastha Service Estate, L. B. S. Marg, Vikhroli West, ,  400083, 022 2579 4437/27810403362/9892145836, Elitejoe19@gmail.Com",,,Mumbai,Maharashtra,400083,,,,elitejoe19@gmail.com,
2080,Elrich International Pvt Ltd (Hwh),"71/14, Topsia Road (South), C/O. Badar Hostel, Millat Nagar,, Kolkata-700046",AACCE1291N,19AACCE1291N1ZB,Kolkata,West Bengal,700046,,,9748694087,elrich-international@hotmail.com,
2081,Emco Exports (Agc),"Plot No. 617/618, Opp. Sherjung Dargah, Artoni,, Agra - 282003, Uttar Pradesh, India",AAAFE3253F,09AAAFE3253F2ZQ,Agra,Uttar Pradesh,282003,,562-2641889/3247352,9639710570,finance@emcoexports.com,
2082,Emcure Pharmaceuticals Ltd. (Pune),"Survey No. 255/2, Phase-I, MIDC, Hinjwadi,  - 411057,",,,Pune,Maharashtra,,,,,,
2083,Emdet Engineers Pvt Ltd (Pune),"Plot No. F-4, Chakan Industrial Area, Phase-III,, Taluka-Khed, -410501, Accounts@emdet.Com/purchase@emedet.Com, 9823070075",,,Pune,Maharashtra,410501,Mrs. Sulekha & Mr. Joshi,,9823070075,,
2084,Emson Solexpor Pvt Ltd (Agc),"D-8, Site B, UPSIDC,, Agra-282007",,09AABCE4583A2ZU,Agra,Uttar Pradesh,282007,Mr. Harish Arora,9837788993,,emsonpl@gmail.com,
2085,Enkay Brand Distribution Pvt Ltd (Ndls),"B-3, SMA Industrial Estate G.T. Karnal Road,, -110033, Bkjain@enkayub.Com/nkoacc@enkayub.Com",,,Delhi,Delhi,110033,,,,,
2086,Enkay HWS India Pvt Ltd ( Basai ) (Ggn),"1st Milestone Basai Road, Gurgaon -122001",AAACE5315R,06AAACE5315R1ZF,Gurgaon,Haryana,,Mr. R.S. Tiku,,9810803738,rstikoo@enkayrub.com,
2087,Enkay (India) Rubber Co Pvt Ltd (Basai) ( Ggn ),"1st Milestone, Basai Road, Gurgaon-122001",AAACE0097Q,06AAACE0097Q1ZC,Gurgaon,Haryana,122001,Mr. Anil Yadav,0124-4216511/12/13,9910500552,akyadav@enkayrub.com,
2088,Enkay India Rubber Co. Pvt Ltd (Lakhnola) (Ggn),"47th Mile Stone Delhi Jaipur Highway,, Lakhnola Distt. Gurgaon (Haryana)",,06AAACE0097Q2ZB,Gurgaon,Haryana,,Mr. Arora,,9810773790,lakhnola@enkayrub.com,
2089,Eohs Solution (Karol Bagh),"11879 Gali No-10 Sant Nagar, Karol Bagh  -110005, 011-25734567, Eohsslution@gmail.Com",,,Delhi,Delhi,,,,,,
2090,EP Electro Pressings,Faridabad,,,Faridabad,Haryana,,,,,,
2091,E Rose (Cnb),"Plot No 7 Saraswati Vihar, Ganga Nagar, Kanpur-15",,09AADEF9017E1ZK,kanpur,Uttar Pradesh,,,,9838202723,erosechem@gmail.com,
2092,Esaar Enterprises,,,,Agra,Uttar Pradesh,,,,,,
2093,Esgi Garment P Ltd,,,,Chennai,Tamil Nadu,,,,,,
2094,Esgi Leather Garments Pvt Ltd ( Noida ),"F - 450 , Sector- 63 Noida ( U P )",,09AACCE4147P1Z7,Noida,Uttar Pradesh,,,,,,
2095,Eskay Sales Corporation ( Agra ),Agra,,,Agra,Uttar Pradesh,,,,,,
2096,Esquire Leather Impex (Ndls),"811, Lig Flats, Hastsal, Uttam Nagar,, New Delhi-110059",,07AGYPR1113R1ZL,Delhi,Delhi,110059,,,9818162382/9952064697,,
2097,Ess Aar Universal,Noida,,,Noida,Uttar Pradesh,,,,,,
2098,Ess Aar Universal Pvt. Ltd. (Noida),"J-56, Sector-63, Noida",,09AAACE5306Q1ZC,Noida,Uttar Pradesh,,,120-2896012/2896074,,comm@essaarpu.com,
2099,Ess Aay Company,,,,Ranipet,Tamil Nadu,,,,,,
2100,Essor Packaging,,,,Chennai,Tamil Nadu,,,,,,
2101,Essor Pakaging,,,,Chennai,Tamil Nadu,,,,,,
2102,Ess Vee Leather,,,,Chennai,Tamil Nadu,,,,,,
2103,Establish Leather Exports (Hwh),"232/1, Tiljala Road, 2nd Floor Kolkata,, Kolkatta West Bengal,",,,Kolkata,West Bengal,700046,,,,,
2104,Euro Fashion House (Hwh),"49, Elliot Road, -700016, Eurofashionhouse43@gmail.Com",,,Kolkata,West Bengal,700016,,,,eurofashionhouse43@gmail.com,
2105,Euro Footwear Pvt Ltd (Cnb),"417-419, Krishna Tower, 4th Floor,, 15/63, Civil Lines, Kanpur-208001",AAACE6805E,09AAACE6805E1ZV,kanpur,Uttar Pradesh,208001,Mr. Chandan Singh,"O5L2-2305346,2305389",,eurovat@eflindia.com,
2106,Euro India Exports ( Cnb ),"88/383, Chamanganj, Kanpur-208001, 512 2550094, Info@euroindiaexports.Com",,,kanpur,Uttar Pradesh,208001,,,,,
2107,Euro International (Hwh),,,,Kolkata,West Bengal,,,,,,
2108,Euro Leathers ( Cnb ),"17, 88/74, Hindustan Compound, Jajmau, Kanpur - 208010 U P",,09AABFE2507R1Z6,kanpur,Uttar Pradesh,208010,,,9616979004,euroleather@hotmail.com,
2109,Euro Leder Fashion Ltd,"No-99, GST Road, Pallavaram,, Chennai",,,Chennai,Tamil Nadu,600043,,,,,
2110,Euro Safety Footwear (I) Pvt. Ltd (Agc),"B-49/4, 49/5, 54/2, 54/3, Epip, Shastri Puram, Near JCB Showroom, Agra",,09AABCE4157E1ZT,Agra,Uttar Pradesh,,,562-2640518,,account@eurosafetyfootwear.com,
2111,Everest Tannery,,,,Kanpur,Uttar Pradesh,,,,,,
2112,Everest Tannery Pvt Ltd (Cnb),"184-A, Jajmau, Kanpur- 208 010 (U.P.) INDIA",,09AAACE6136G1ZR,kanpur,Uttar Pradesh,208010,Mr. Masroor,,9554573397,office@everesttannery.com,
2113,Everest Tanney (Cnb),Kanpur,,,kanpur,Uttar Pradesh,,,,,,
2114,Everest Tanning Industries (Cnb),"184-B1, Budh Budhiya Ghat Jajmau,, Kanpur-208010",,09AAXPK9052H1Z0,kanpur,Uttar Pradesh,208010,Mr. Mohammad Saif,,8081316161,everesttanning@gmail.com,
2115,Evergreen Leathers,"No-13/7, M.V. Badran Street, Periamet, Chennai",,,Chennai,Tamil Nadu,600 003,,,,,
2116,Evershine Leather Product Pvt.Ltd (Bom),"ICF House, Shivmangal Co-Op. Premises Sty Ltd,, CTS NO.254, Savarkar Nagar,, Sakinaka,  MH 400072 IN, 9819015164, Accounts@evershinelimited.Com",,,Mumbai,Maharashtra,,,,,,
2117,Exalt Engineering Industries,"Nandbhuvan Industrial Estate B 31, Mahakali Caves Road, Chakala, Andheri East, Andheri East, - 400093, 022 2821 3764",,,Mumbai,Maharashtra,,,,,,
2118,Excel Impex India Pvt Ltd.(Cnb),"19-B, Dada Nagar,, Kanpur - 208022",,09AABCE5462E1ZR,kanpur,Uttar Pradesh,208022,Mr. Raju,,7786092110,scarcoshoes@gmail.com,
2119,Excellent Enterprises,,,,Chennai,Tamil Nadu,,,,,,
2120,Excellent Footwear Pvt Ltd(Hwh),"8/1 Abhinash Choudhary Lane, Kolkata",,19AADCE6796R1ZI,Kolkata,West Bengal,700046,,,9748380343,,
2121,Excelsior Leathers Pvt Ltd (Hwh),"S-9, Kasba Industrial Estate, Phase-1,, Kolkata-700107",,19AAACE6302Q1ZD,Kolkata,West Bengal,700107,,33-24420753/2120,,accounts@excelsiorleathers.com,
2122,Excel Tannery,,,,Ranipet,Tamil Nadu,,,,,,
2123,Exes Exports,,,,Chennai,Tamil Nadu,,,,,,
2124,Expanded Polymer Systems Pvt Ltd (Bom),"C-44/1, TTC Area, MIDC,Pawne Village,, Navi Mumbai-400705",,27AABCE8627R1ZX,Mumbai,Maharashtra,400705,,22-30914300,08071682889,admin@expanded.co.in,
2125,Experts Chemical( Hyb ),"H.No. 21, 18/4, Lig Plots, 3rd Phase, Kohb Colony, Kphb, -500001, 9949733534, Expertschemicls@yahoo.Co.in",,,Hyderabad,Telangana,,,,,,
2126,EXPLICIT LEATHERS,"PLOT NO-8,14/3, MATHURA ROAD, Faridabad - 121003, Haryana, India, 9811151059",,,Faridabad,Haryana,,,,,,
2127,Explicit Leathers ( Faridabad ),"Plot No 8, 14/3, Mathura Road,Opp. Havells Chowk, Faridabad. Mr Bhawani-9958320352, 01294255000, Account@explicitleathers.in",,,Faridabad,Haryana,,,,,,
2128,Expo International (Agc),"C - 13/14/15, Site - A, Upsidc Sikandra,, Agra-282007",,09ADCPK4489J2Z2,Agra,Uttar Pradesh,282007,,,,goyals@exposhoes.in,
2129,Exquisite Enterprises,Faridabad,,,Faridabad,Haryana,,,,,,
2130,Exquisite Enterprises (Faridabad),"Address: Plot No 6, Sector 15a, Faridabad, Haryana 121007",,,Faridabad,Haryana,,,,,,
2131,EYE ENN International,"Mohidden Pura, Complex, Oomer Road,, Ambur",,,Ambur,Tamil Nadu,635802,,,,,
2132,Eyes Associates,,,,Vaniyambadi,Tamil Nadu,,,,,,
2133,F2 Leather (Hwh),"81/E Topsia Road P.S Guma Ashok Nagar, Kolkata",,19AADFF8292L1ZS,Kolkata,West Bengal,700039,,,9614302383,f2leather263@gmail.com,
2134,Faaria Impex,Chennai,,,Chennai,Tamil Nadu,,,,,,
2135,Faariha Trading,,,,Chennai,Tamil Nadu,,,,,,
2136,Faaz Enterprises,,,,Chennai,Tamil Nadu,,,,,,
2137,Faaz International,,,,Delhi,Delhi,,,,,,
2138,Faaz International  ( Ndl ),"C - 1/8, Bandh Road,, Sangam Vihar,,  - 110080",,,Delhi,Delhi,,,,,,
2139,Faaz International ( Ndls ),"C-1/8,Bandh Road, Sangam Vihar,  - 110080",,,Delhi,Delhi,,,,,,
2140,FAHMSZ International,"31/a, Tank Road, Ambalal Nagar,, Vaniyambadi",,,Vaniyambadi,Tamil Nadu,,,,,,
2141,Fair Deal Leather,,,,Delhi,Delhi,,,,,,
2142,Fair Lady Exports (Ggn),"Plot No. 576, Udyog Vihar, Phase-5,, Gurgaon-122016",,,Gurgaon,Haryana,122016,,,,,
2143,Fairmount Marketing Ltd (Cnb),,,,Kanpur,Uttar Pradesh,,,,,,
2144,Faisal Enterprises (Hwh),"7/H/4  HATIBAGAN ROAD NORTH, HATIBAGAN KOLKATA, WEST BANGAL-700006",,19AETPH5723E1ZA,Kolkata,West Bengal,700014,,,,,
2145,FAITH LEATHERS LLP (Bom),"50/62, Zohra Mansion, Shop No. 6,, Sofia Zuber Road, New Nagpada, Mumbai-400008",,27AAEFF1403A1ZA,Mumbai,Maharashtra,400008,,,9819182554,faith_leathers@yahoo.com,
2146,Faizan Shoes,,,,Chennai,Tamil Nadu,,,,,,
2147,Faizan Shoes Pvt Ltd,"# 53/26, Vepery High Road, Chennai-600003",,,Chennai,Tamil Nadu,,,,,,
2148,Falah Exports,,,,Delhi,Delhi,,,,,,
2149,Falcon International (Cnb),"88/100 Prem Nagar, Kanpur -208001",,09ADTPA3985C1ZC,kanpur,Uttar Pradesh,208001,Mr. Irshad Ahmad,,9005519999,supfalcon9@gmail.com,info@ falconintl.in
2150,Falcon ( Ndls ),"598, Devili Village,, Delhi-110080",,07AAAFF5198C1ZK,Delhi,Delhi,110080,,,9811542212,rambhawan@falconleathers.in,
2151,Falhah Enterprises,,,,Delhi,Delhi,,,,,,
2152,Fam Leathers,,,,Chennai,Tamil Nadu,,,,,,
2153,Farhan International (Hwh),"1B/22, Kustia Road,, Kolkata-700039",,19AEYPA9425P1ZI,Kolkata,West Bengal,700039,,,8133007766,farhan.international.2011@gmail.com,
2154,Farida Prince Tannery,Ambur,,,Ambur,Tamil Nadu,,,,,,
2155,Farida Shoes Pvt Ltd,,,,Ambur,Tamil Nadu,,,,,,
2156,Farida Shoes Pvt Ltd - Unit 1,"No. 17, Jalal Road, Ambur",,33AAACF0496Q1ZB,Ambur,Tamil Nadu,635802,Mr. Ansar,,,mslogistics@farida.co.in,
2157,Farida Shoes Pvt Ltd - Unit A,"No. 17 Jalal Road,, Ambur - 635802",,33AAACF0496Q1ZB,Ambur,Tamil Nadu,635802,Mr. Ansar,,,mslogistics@farida.co.in,
2158,Farida Shoes Pvt Ltd - Unit B,"No. 17, Jalal Road, Ambur",,33AAACF0496Q1ZB,Ambur,Tamil Nadu,635802,Mr. Ansar,,,mslogistics@farida.co.in,
2159,Farida Shoes Pvt Ltd - Unit C,"No. 17 Jalal Road, Ambur",,33AAACF0496Q1ZB,Ambur,Tamil Nadu,635802,Mr. Ansar,,,mslogistics@farida.co.in,
2160,Farida Shoes Pvt Ltd - Unit D,"No. 17, Jalal Road,, Ambur",,33AAACF0496Q1ZB,Ambur,Tamil Nadu,635802,,,,,
2161,Farida Shoes Pvt Ltd - Unit PALMS,"No.17, Jalal Road,, Ambur",,33AAACF0496Q1ZB,Ambur,Tamil Nadu,635802,Mr.Ansar,,,mslogistics@farida.co.in,
2162,Farinni Leather Ltd (Hwh),"7 A & B, Rai Charan, Pal Lane, , Soumen@farinni.Com, 9830085834",,,Kolkata,West Bengal,,,,,,
2163,Faris Export,"33/29 (Plot Nos. 49), Gajjupurwa, Jajmau, Kanpur-208010",,09AGZPA6789K1ZB,kanpur,Uttar Pradesh,208010,Mr. Arif,,9935029920,farisexport@yahoo.co.in,
2164,Farriha Trading,,,,Ambur,Tamil Nadu,,,,,,
2165,Faseeha Naaz,,,,Delhi,Delhi,,,,,,
2166,Fashion Belt House,,,,Delhi,Delhi,,,,,,
2167,Fashion Club Global (Ggn),"Plot No. 42, Sector-18,, Gurgaon-122015",,06AAGPJ4535P1ZD,Gurgaon,Haryana,122015,,9350497788,9310545999,anil.jain@fashionclubglobal.com,
2168,Fashion Factory International(Ndls),"C-68/1 Okhla Industrial Area Phase-II, New Dehli-110020",,07AABFF5764B1ZP,Delhi,Delhi,,,,,,
2169,Fashion Factory Intl (Sbc),"47/D, Bommasandra Jigani Link Road,, Bommasandra Industrial Area,, Bengaluru-560099",,29AABFF5764B1ZJ,Bangalore,Karnataka,560099,Mr. Varyam S. Kapoor,80 4156 6088,,frontdesk@ffubtworld.in,
2170,FAshion Focus,"Tri Nagar, ",,,Delhi,Delhi,,,,,,
2171,Fashion Focus ( Ndls ),"1797/132, Shanti- Nagar, Tri Nagar, New Delhi-110035",,07AAEFF0659E2ZN,Delhi,Delhi,110035,,,7506958945,fashionfocus.narang@gmail.com,
2172,Fashion Footwear Corporation (Bom),,,,Mumbai,Maharashtra,,,,,,
2173,Fashion House ( Okhla),"#B-252, Okhla Industrial Area, Phase, - 110020",,,Delhi,Delhi,,,,,,
2174,Fashions Shoes (Agc),"19/9D, Khatehna Rd, Hanuman Nagar, Lohamandi, , Uttar Pradesh 282010, 9837095224, Licoshoes@gmail.Com",,,Agra,Uttar Pradesh,,,,,,
2175,Fashion Trends Enterprises (Hwh),"No-61-G ,3rd Floor ,Near Khan Market ,, Gj Khan Road, Kolkata - 700039",,19AADFF8420A1ZT,Kolkata,West Bengal,700039,Mr. Rijwan,,9143219955,ra7772@gmail.com,
2176,Fashion Trendz (Okhla),"S-40 Okhla  Industrial Area Phase-II, New Delhi-110020",,07AABFF2596F1ZH,Delhi,Delhi,110020,,11-49808705,,acc@fashiontrendz.in,
2177,Fashion Zone ( Noida ),"Plot No.136 Block Udhyog Kendra, Ext.11 Sec- Ecotech-111 Noida",,09ADZPA5444L1ZX,Noida,Uttar Pradesh,,,,9811744302,info@fashion-zone.in,
2178,F A Traders,"No-20, Velan Govindan Street,Kolthwal Complex,, Cutchery Road, Vaniyambadi,",,33AAHPF7427M1ZK,Vaniyambadi,Tamil Nadu,635751,,,,,
2179,Fayisal Sharif (Sbc),,,,Bangalore,Karnataka,,,,,,
2180,Faza Leathers (Faridabad),"Faridabad, Haryana",,,Faridabad,Haryana,,,,,,
2181,FBA India (Ndl),"D 91/3 Okla Industrial Area, Pahse - I ",,,Delhi,Delhi,,,,,,
2182,Federal Sales Corporation (Bom),,,,Mumbai,Maharashtra,,,,,,
2183,FEET CARE (Aga),"Krishna Kunj 42/140-N, Halwai Ki Bagichi, Near Metro And Metro, Agra",,09ABSPA3625Q1Z3,Agra,Uttar Pradesh,282005,,,,,
2184,FEET CARE (Agc),"42/140-N, Krishna Kunj, Halwai Ki Bagichi,, Mathura Road, Agra- 282002",,09ABSPA3625Q1Z3,Agra,Uttar Pradesh,282002,Mr.Mukesh Ailawadi,,9027259495/9927092993,feetcare.agra@yahoo.com,
2185,Feet Smart (Bom),"207, Om Saibaba Compound, Sital Temple,, Sakinaka, Andhery Mumbai-400072",,27AACFF8160E1ZK,Mumbai,Maharashtra,400072,Mr.Sajjad,22-25167668,9820628531,sales@feetsmart.in,
2186,Fehman Enterprise,,,,Vaniyambadi,Tamil Nadu,,,,,,
2187,Fehman Enterprises,", Tamil Nadu",,,Chennai,Tamil Nadu,,,,,,
2188,F.F International,C.68/1 I A Ph 2 N ,,,Delhi,Delhi,,,,,,
2189,Fiberhome India Pvt Ltd (Noida),"C-48, Sector-65, Noida, Uttar Pradesh",,,Noida,Uttar Pradesh,,,,,,
2190,F.I.Leather Products (Cnb),"sultan villa 372/343, sheetla bazar jajmau kanpur, Uttarpradesh",,09AACFF1055G1ZQ,kanpur,Uttar Pradesh,208010,,,,,
2191,Fine Leather Impex (Hwh),"1M, SAPGACHI 1ST LANE, PICNIC GARDEN, Kolkata, West Bengal 700039, 9903839446",,,Kolkata,West Bengal,700039,,,,,
2192,Fine Material,,,,Agra,Uttar Pradesh,,,,,,
2193,Fine Shade,Faridabad,,,Faridabad,Haryana,,,,,,
2194,Fine Tanning  Company,Chennai,,,Chennai,Tamil Nadu,,,,,,
2195,Fine Touch Exports ( Ndls ),"A-15 , Okhla Industrial Area, Puase 1  - 20",,,Delhi,Delhi,,,,,,
2196,Fineware Leather,,,,Chennai,Tamil Nadu,,,,,,
2197,Finproject India,Jaipur,,,Jaipur,Rajasthan,,,,,,
2198,Firkee Accessories Pvt Ltd (Bom),"A-1/60, Shah & Nahar Ind. Estate, Sita Ram Jadhav Marg, Lower Parel, West, Mumbai",,27AAACK6529K1Z9,Mumbai,Maharashtra,,,,8076971462,tkfj49@hotmail.com,
2199,FIRKI WHOLESALE PRIVATE LIMITED (DELHI),"D-23/405, 100 Feet Road, Chattarpur Hills  110074",,,Delhi,Delhi,,,,,,
2200,Firki Wholesale Pvt Ltd,"D-23/405, 100 Feet Road, Chattarpur Hills, -110074",,,Delhi,Delhi,,,,,,
2201,First Guide Academy (Sbc),"#24, 14th Main Road, 4th Sector, HSR Layout,, Opp. to BDA Complex, -560102, 81055 55557, 96111 11362, Info@firstguideacademy.Com",,,Bangalore,Karnataka,560102,,,,,
2202,Fitting Mart,,,,Delhi,Delhi,,,,,,
2203,Fitting Mart (New Delhi),,,,Delhi,Delhi,,,,,,
2204,Flamingo Designs Pvt Ltd (Noida),"Ground Floor E-57Sector-8 Noida, Gautam Buddha Nagar",,09AABCF7181K1Z9,Noida,Uttar Pradesh,,,9953250271,9871896506,,
2205,Flamingo Ssi,,,,Chennai,Tamil Nadu,,,,,,
2206,Flex Feet,Vaniyambadi,,,Vaniyambadi,Tamil Nadu,,,,,,
2207,Flexo Footwear (Agc),"15/43, Soran Katra, Shahgang, , U.P., Rajyyadav620@gmail.Com",,,Agra,Uttar Pradesh,,,,,,
2208,Flourish Shoes (Cnb),"88/502, shafiabad masjid,, Chaman Ganj, Kanpur-208001",,09AZMPS1515K1ZX,kanpur,Uttar Pradesh,208001,,9453024872,9838577083,flourish.shoes@rediffmail.com,
2209,Flower Shoes,Ranipet,,,Ranipet,Tamil Nadu,,,,,,
2210,Floyd Polyplast (Agc),"8.5 km stone, Near Asharam Bapu Ashram, Arga Mathura Road Sikandra, Agra-282007",,09AACFF1281C1ZU,Agra,Uttar Pradesh,282007,,,8192077775,info.floydpolyplast@gmail.com,
2211,Fob Mumbai India (Bom),,,,Mumbai,Maharashtra,,,,,,
2212,Focus Machines India (P) Ltd ( Noida ),"C-32, Sector-10, Noida. 0120-4274200, Info@focusmachines.Net",,09AAACF9958M1ZT,Noida,Uttar Pradesh,,,,,,
2213,Foil Carafts (Noida),"F-355, Sector-63,, Noida.201301.",,09ANKPK8096K1Z5,Noida,Uttar Pradesh,201301,,,09718394027,,
2214,Food Corporation India,58/1 Diamond Harbour Road Kolkata,,,Kolkata,West Bengal,700023,,,,,
2215,Footage Gala Mumbai,"No-8 Hathi Bang, ",,,Mumbai,Maharashtra,,,,,,
2216,Footcare Components (Agc),"E-109, Upsidc, Industrial Area,, Sitc-C, Sikandra, -282007 U P, 562-2642044/3200564/8979300115, Footcarecomp@hotmail.Com",,,Agra,Uttar Pradesh,282007,,2642044/3200564/8979300115,,,
2217,Foot Care India Marketing ( Ndl ),"D- 678, Madipur Colony,  -110063",,,Delhi,Delhi,,,,,,
2218,Footnode Designer (Bom),,,,Mumbai,Maharashtra,,,,,,
2219,Foot On Shoes,Noida,,,Noida,Uttar Pradesh,,,,,,
2220,Foot On Shoes ( Agc),"Bye Pass Road, Sikandra, Agra-282007",,09AAAFF3067G1ZK,Agra,Uttar Pradesh,282007,,,9719001004,account@fos.co.in,
2221,Foot Style (Agc),"59-60, Rajeev Nagar, Sheetla Road,, Agra-282005",,09AAAFF4969M1ZU,Agra,Uttar Pradesh,282005,Mr. Jagdish,,98370 50631,,
2222,Footwear Inc. (Agc),"C/19/3, Site-A, Industrial Area, Opp. Mango Hotel, Sikandra, Agra - 282007",,09AAEFF3314J1ZJ,Agra,Uttar Pradesh,282007,,,9557854444,dangbross@yahoo.co.in,
2223,Fortuna Colours & Prints LLP (Ggn),"No. 199, Udyog Vihar, Phase 6,, Sector 37, Gurgaon-122001",,06AACCF3667M1ZB,Gurgaon,Haryana,122001,,,,charu@fortunacolours.com,
2224,Fortune Exports (Hwh),"Plot No. 52, Phase-1, Kasba Industrial Estate,, Kolkata-700107",,19AAAFF6821E1ZN,Kolkata,West Bengal,700107,,,9830911576,info@fortuneexports.co.in,syed@fortuneexports.co.in
2225,Fortune Industries (Hwh),"6C, Digberia Road, Tetultala,, Kolkata",,19AACFF2506N1ZC,Kolkata,West Bengal,,,,8697540684,info@fortuneindustries.net,
2226,Four Diamonds (Ndls),"A-14/4a, 13/01 Mayapuri Phase I,, ,  110064",,,Delhi,Delhi,110064,,,,,
2227,Franco Leome Shoes Pvt Ltd,Noida,,,Noida,Uttar Pradesh,,,,,,
2228,Freedom Shoes LLP India (Agc),"B – 57, 58, 59, E.P.I.P. Shastripuram,, Sikandra, Agra, Uttar Pradesh 282007",,09AADFF2353G1ZM,Agra,Uttar Pradesh,282007,,,093583 02350,,
2229,Freuden Berg Nonores,,,,Chennai,Tamil Nadu,,,,,,
2230,Freudenberg Nonwoven India Pltd,,,,Chennai,Tamil Nadu,,,,,,
2231,F. R Leathers,,,,Ambur,Tamil Nadu,,,,,,
2232,F S Star Industries ( Ndls ),"A- 56;Gali #3. Jafrabad ( Near Chand Masjid ), New Seelampur, New Delhi - 110053",,07ACJPA0249C1Z9,Delhi,Delhi,,,,,,
2233,Fusheen Tannery ( Kolkata ),Kolkata,,,Kolkata,West Bengal,,,,9748903338,,
2234,Future Life Style Fasion Ltd (Sbc),"Soul Space Spirit Bellandur, Bangalore",,29AABCF9869N1ZM,Bangalore,Karnataka,,,,,,
2235,Fuzail Tannings,"Periamet, Chennai.",,,Chennai,Tamil Nadu,,,,,,
2236,Gabbriel India Ltd (Ggn),"38th Milestone, National Highway 8, Block A Sector 34, ,  122004",,,Gurgaon,Haryana,122004,,,,,
2237,Gagan Packers (Agc),"19/9a, Behind Police Station Loha Mandi,, Khatena Road,  -28, 9358399150, Info@graphicarts.Co.in",,,Agra,Uttar Pradesh,,,,9358399150,,
2238,Galamint / Jaypee Place,"JMD mega place, 160-A, 1st Floor,, Sohna Road, Gurgaon",,06APPPM7861P1ZV,Gurgaon,Haryana,122001,,,,,
2239,Galaxy Cargo (Jaipur),"Jaipur, Rajsthan",,,Jaipur,Rajasthan,,,,,,
2240,Galaxy Enterprises,,,,Delhi,Delhi,,,,,,
2241,Gallop Exports Corporation (Cnb),"C-622, Defence Colony, Jajmau,, - 208010 (INDIA), 512-3094399, Gallopexports@vsnl.Net, Gallopexports@gmail.Com",,,Kanpur,Uttar Pradesh,208010,,,,,
2242,Gallop International (NDLS),10/9 West Patel Nagar  110008,,,Delhi,Delhi,,,,,,
2243,Ganesh Cartons India Private Limited (Agra),,,,Agra,Uttar Pradesh,,,,,,
2244,Ganesh Milan Mechanical Compound (Bom),,,,Mumbai,Maharashtra,,,,,,
2245,Ganges Jute Pvt Ltd (Hwh),"33A, Jawahar Lal Road, Plot No. A-2 & A-4,, 6th Floor, Bld. Chattarjee International,, -700071 W B, Gangesjutepl@gmail.Com, 033-40123123",,,Kolkata,West Bengal,700071,Mr. Manoj Aggarwal,033-40123123,,gangesjutepl@gmail.com,
2246,Ganpati Enterprises (Cnb),"55-A, Dada Nagar, -208022, 07786092110, Scarcoshoes@gmail.Com",,,Kanpur,Uttar Pradesh,208022,,,,,
2247,Ganuchi Fashion Pvt Ltd (Ndls),"RZ-185, New Vishnu Garden Extension,, , 9313264815",,,Delhi,Delhi,110018,,,,,
2248,Gaoxing Sales P Ltd,,,,Agra,Uttar Pradesh,,,,,,
2249,Garima Leather Exports Pvt.Ltd (Ggn),"626, Sector - 37 - II, Pace City, Gurgaon",,06AACCG3869J1ZC,Gurgaon,Haryana,,,124-4275240-41,9711998860,gleinfo@gmail.com,
2250,Gars India (Cnb),"N-120, Rajive Gandhi Lane, Shiv Katra, Lal Bangla,, Kanpur-208007",,09BDEPC0832N1ZL,kanpur,Uttar Pradesh,208007,,,8174889570,rak_nag2006@rediffmail.com,
2251,Garv Associates (Ndls),"A-239, Gali No. 2, Kapashera,, -110037, 9891754433/9971511288",,,Delhi,Delhi,110037,Jak Group,,,,
2252,Gateway Distriparks Ltd (Bom),"Sector-6, Dronagiri, Taluka-Uran,, Raigad- District, Navi Mumbai -400707, 9930370413/9930104496/022-27246500, Gdlcfs@gateway-Distriparks.Com",,,Mumbai,Maharashtra,400707,,,,,
2253,Gaurav Associates (Noida),"B 49, Sector 60, Noida, Uttar Pradesh 201301",,,Noida,Uttar Pradesh,,,,,,
2254,Gaurav katta (Jaipur),"16,, Diggi house, Sawai Mansingh Rd,, Jaipur, Rajasthan 302001",,,Jaipur,Rajasthan,302001,,099831 44147,,,
2255,Gautam Trading,New,,,Delhi,Delhi,,,,,,
2256,Gayatree Polymer Pvt Ltd (Pune),"S No 25/6, Narhe, Tal Haveli, Narhe Ind Zone,, Narhe,  - 411041, 20 2469 0315",,,Pune,Maharashtra,411041,,,,materials@itaresshoes.com,
2257,G.D. Batra & Co (Agc),"Block S 2, Shop-13-14, Sanjay Palace,, Agra,",,09AEDPB7197J1Z6,Agra,Uttar Pradesh,282002,,,,,
2258,Gemini Corporation (Bom),,,,Mumbai,Maharashtra,,,,,,
2259,General Motor India,,,,Pune,Maharashtra,,,,,,
2260,Genesis Colors P Ltd,,,,Gurgaon,Haryana,,,,,,
2261,Genesis International (Hwh),,,,Kolkata,West Bengal,,,,,,
2262,Genius Cap Industries (Ndls),"T-513/1, Gali Dargah Wali,, Chamelian Road, Delhi-110006",,07AABPH0524P1ZT,Delhi,Delhi,110006,,,8447749995,,
2263,Genuine International,"B.O-42, SIDCO, Sipcot, Ranipet, Vellor dt,, Tamil Nadu,",,33ATDPK4397E1ZQ,Ranipet,Tamil Nadu,632403,,,,,
2264,Genuine International (Ndls),"No-D-88/3, Okhla Industrial Area,, Phase-1, New Delhi,",,07ATTDPK4397E1Z,Delhi,Delhi,110020,,,,,
2265,Genuine Leather,,,,Kolkata,West Bengal,,,,,,
2266,Genuine Leather Exports (Hwh),"31/A, Miajan Ostagar Lane,, -700017, Genuineleatherexports@gmail.Com",,,Kolkata,West Bengal,700017,,,,genuineleatherexports@gmail.com,
2267,Genx Global ( Faridabad ),"MCF 4062, Sector - 23, Sanjay Calony Faridabad, Mob No.9811096488 Mr .Dinesh Chawola",,,Faridabad,Haryana,,,,,,
2268,Genx Shoes (Bom),"Yusuf Suleman and Bros Building Petwala, CompoundB-16, 1st Floor Madanpura Mumbai 8 Land Mark, Mumbai",,27AAJFG6888R1Z6,Mumbai,Maharashtra,444408,MR Habib Ansari,022-23061289,09699226980,,
2269,Gheli International Pvt Ltd ( Ggn ),"787, Udyog Vihar Phase - V,Gurgaon - 122001",AACCR6254N,06AACCR6254N1Z0,Gurgaon,Haryana,122001,Mr. Pathak,124-4433437,9910485262,purchase@rkcomponents.com,production@rkcomponents.com
2270,Ghelli Plast,,,,Gurgaon,Haryana,,,,,,
2271,Gilberto Alvarado (Ggn),,,,Gurgaon,Haryana,,,,,,
2272,Girdhar International (Noida),"Plot No-437, UK 2nd Ecotech 3rd, Greater Noida",,09AANFG5250D1ZF,Noida,Uttar Pradesh,,,,09810135183,,
2273,Girish Sharma (Ggn),", ",,,Gurgaon,Haryana,,,,,,
2274,Gita Enterprises (Hwh),"35/2/1A, Unique Park, PO-Behala, Kolkata-34",,19BKIPS4375P1Z3,Kolkata,West Bengal,,,,9830840317,,
2275,G.K Enterprises,"No-2/5 Kattur Sadayappan Street, Periamet,, Chennai",,,Chennai,Tamil Nadu,600 003,,,,,
2276,GKS Logistic (Ndls),"A-92B, Om Vihar, Uttam Nagar, -110059, Mr. Pawan-9810719911",,,Delhi,Delhi,,,,,,
2277,G.K Winding Wires Limited (Noida),"B-20& D-15 UPSIDC Industrial Area, Site- C Surajpur Greater Noida Distt G B Nagar, (U.P) 201306, Phone NO-120-2560201/214/468, Marketing @gkwinding.Com",,,Noida,Uttar Pradesh,,,,,,
2278,Gladwin Mark (Cnb),", , 7054106444, Accounts@leatherhubcompany.Com",,,Kanpur,Uttar Pradesh,,,,,,
2279,G L Koteshwara Rao (Ggn),"B6-801, Vatika City Home, Vatika Inxt, Sector-83, Gurgaon",,,Gurgaon,Haryana,,,,9818011007,,
2280,Global Exports (Cnb),"84/07, Gazal Ganj,, Kanpur-208012 U P",,09ACQPD3380G1ZH,kanpur,Uttar Pradesh,,,512-2225253,,accounts@globalexport.net.in,
2281,Global Footwear (Agc),"No.53, Transport Nagar, Opposite, Vikassheel Bharat Compound, Agra-282002",,09AADFG6571B1ZJ,Agra,Uttar Pradesh,,,,9837059230,info@globalfootwear.in,
2282,Global Healthfit Retail India LLP (Ndls),"72/A Baba Complex Taimoor Nagar, New Friends Colony New Delhi-110025",,07AAOFG1339G1ZE,Delhi,Delhi,1100025,,0120-15661562,,accounts@healthfit.in,less 1/- per kg above 500 kg
2283,Global Impex  (Bom),"14, Bharat Coal Compound Bail Bazar,, Kurla (W), Mumbai-400072",,27AAJFG4873E1Z8,Mumbai,Maharashtra,400072,,9820770042,7021462342,ravipalshetkar16@gmail.com,
2284,Global Impex (Noida),"A-64, Sector-57, Noida, G. B. Nagar",AAMFG2605D,09AAMFG2605D1ZN,Noida,Uttar Pradesh,,Mr. Amit,,9136767777,ac.globalimpex@gmail.com,
2285,Global International,,,,Agra,Uttar Pradesh,,,,,,
2286,Global International Fmcg (Ndls),"F-89/4/1 Drin, Phase-1, Okhla Industrial Area, New Delhi-110020",,07AARFG7264M1ZM,Delhi,Delhi,110020,,"9310035791, 9818235791",,,
2287,Global International (Noida),"Noida, Uttar Pradesh",,,Noida,Uttar Pradesh,,,,,,
2288,Global Leather Co,"Perimet, Chennai",,,Chennai,Tamil Nadu,,,,,,
2289,Globall Yours,Noida,,,Noida,Uttar Pradesh,,,,,,
2290,Globall Yours ( Noida ),"E/170 Sector 7 Noida G B Nagar, Noida",,09ANYPS9504J1ZY,Noida,Uttar Pradesh,,,,,,
2291,Global Overseas (N.Delhi),"K-96 First Floor Udyog Nagar, Rohok Road New Delhi-110011",,07AGVPK6640B1ZA,Delhi,Delhi,,,,,,
2292,Global Sales (Cnb),"209, 6/25 Shivratan State, Parvati Bagla Road,, Kanpur-208001",UNREGISTER,,kanpur,Uttar Pradesh,208001,,,9839067789,globalsales.india@gmail.com,
2293,Global Threads and Accesseries (Noida),"C-50 2nd Floor Sector 8, Noida, Glbalta2015@gmail.Com",,,Noida,Uttar Pradesh,,,,,,
2294,Global Unique Leather,,,,Vaniyambadi,Tamil Nadu,,,,,,
2295,Globe Tanners (Cnb),"52-A, 150 Ft, Road, Jajmau,, Kanpur-208010, (U.P) INDIA
",,09AABPU3355R1ZX,kanpur,Uttar Pradesh,208010,,,,accessories@globegroup.co.in,
2296,Glodwin (Cnb),"277/269, Dargah Sharif Jajmau,, -208010, , India, Adnanrafe@gmail.Com, 7054106444",,,Kanpur,Uttar Pradesh,,,,,,
2297,Glory International (Agc),"Near Sekhar Residency Plot No. 1 Khata NO. 114, Khasra NO. 84 Dehtora Sikandara Bodla Road, Paschimpuri Agra Uttar Pradesh -282007",,09FGGPK6243E1ZB,Agra,Uttar Pradesh,282007,,,,,
2298,GMS Footwear,,,,Chennai,Tamil Nadu,,,,,,
2299,GNA Exports,Noida,,,Noida,Uttar Pradesh,,,,,,
2300,GNA Exports ( Noida ),"E- 82, Sec 63, Noida, Up",,09AAKFG0656Q1ZR,Noida,Uttar Pradesh,,,,,,
2301,Goel Zippers,,,,Delhi,Delhi,,,,,,
2302,Goga Enterprises (Ndls),"304 Chand Nagar, New Delhi-110018",,07AFBPB6593F1ZL,Delhi,Delhi,,,,,,
2303,Golden Enterprises,,,,Delhi,Delhi,,,,,,
2304,Golden Exports (Cnb),"Chandra Nagar 129/17, Harjinder Nagar, Lal Banglow Kanpur",,09AKUPS7226C1ZO,kanpur,Uttar Pradesh,208007,,,,,
2305,Golden Precision Products Pvt Ltd (Bom),"51, Manoj Industrial Estate, G.D. Ambekar Road,, Wadala,  - 400031, 08048601084",,,Mumbai,Maharashtra,400031,,,,,
2306,Good Leather Shoes Pvt Ltd,"#49, Goparasanallur, Pullyemedu, Noombal, Chennai",,,Chennai,Tamil Nadu,,,,,,
2307,Good Luck,,,,Delhi,Delhi,,,,,,
2308,Good Stuff Works (Ndls),"253-A/3b 3rd Floor Shahpur Jat, New Delhi-10049",,07BOGPK9035L1ZJ,Delhi,Delhi,110049,,,,pawar1982@gmail.com,
2309,Goodyear India Ltd (Ndls),"10195/1B, Desh Bandhu Gupta Road,, Near Jhande Walan Mandir, , 9811478212",,,Delhi,Delhi,110025,,,,,
2310,Googly ( Sbc ),"No.23, Judicial Officers Layout,, 2nd Cross, R.M.V. 2nd Stage,, Bangalore-560 094",,29AAMFG4727C1ZC,Bangalore,Karnataka,560094,Mr.Kamal,,98440 36023,,
2311,Gopal & Company (Cnb),"No. 55/111, Seth Market, General Ganj, Kanpur - 208001",ADGPM7129M,09ADGPM7129M1Z0,kanpur,Uttar Pradesh,208001,,8376807931,9839708040,gncfabrics@gmail.com,
2312,Gopi Reddy Syvare Auto,"No-119,Farah Icon, Bangalore.",,,Bangalore,Karnataka,,,,,,
2313,Gopsons Papers Ltd (Noida),"A-2, Sector-64, Noida, G. B. Nagar,, Uttar Pradesh, 120-2401671/9717004364",,,Noida,Uttar Pradesh,,,,,,
2314,Goutam (Hwh),"Calutta Rowing Club, ",,,Kolkata,West Bengal,,,,,,
2315,G.P.Brothers,,,,Gurgaon,Haryana,,,,,,
2316,G.P.Brothers (Ndls),"Wz-28, Manohar Park, Near Ashoka Park Main,, Metro Station, East Punjabi Bagh,, Delhi-110026, 011-28311789/32451789",,07ABNPS0570M1Z4,Delhi,Delhi,110026,,,9312243120/9811031088,,
2317,Graphic Arts,,,,Agra,Uttar Pradesh,,,,,,
2318,Graphic Arts (Agc),"19/9-A, Behind Loha Mandi Police Station, Khatena Road, Loha Mandi,, Agra-282002, 562-3256800/4000150",,09AALFG6258P1ZI,Agra,Uttar Pradesh,282002,Mr. Prabhjeet,,9358399150,,
2319,GRB Enterprises (Sbc),"1710/38, Dr. Rajkumar Road,, Rajaji Nagar, -5600021, Balajir125@gmail.Com, Grbenterp@gmail.Com",,,Bangalore,Karnataka,,,,,,
2320,Greater Arafat Tanners Pvt Ltd (Cnb),"12C New Jajmau Road, -208010, Gatanners@gmail.Com, 9839666099",,,Kanpur,Uttar Pradesh,208010,,,,,
2321,Great Shoes Exports,"B-31, EPIP Industrial Area, Shastri Puram,, Agra-282007",,09AACFG8162H1Z9,Agra,Uttar Pradesh,282007,Mr. Kuldeep Singh,,8445663512,,
2322,Green House,,,,Kanpur,Uttar Pradesh,,,,,,
2323,Green International,"St.No-36/2, 36/7, Periyavirikkem, Thutipet,, Ambur.",,,Ambur,Tamil Nadu,,,,,,
2324,Greh Saaj (Ndls),"Shop No. 3 A-89, Ground Floor, Madhu Vihar, Patparganj, Delhi-110092",,07AHGPM0942G1ZI,Delhi,Delhi,110092,,,,,
2325,Grilek Shoe Accessories,,,,Ranipet,Tamil Nadu,,,,,,
2326,G.R International (Agc),"Khasra No 1410 Mauja Baipur Agra Mathura Road, Sikandra Agra-282007",AAQPR9625L,09AAQPR9625L1ZO,Agra,Uttar Pradesh,282007,,,,,
2327,G R Leather Exports,"Janadhapuram, Vaniyambadi",,,Vaniyambadi,Tamil Nadu,,,,,,
2328,Growmore International Ltd (Cnb),"D-5, Site – 1, Panki Industrial Area,, Kanpur - 208 022,",,,kanpur,Uttar Pradesh,208 022,,512-2692444,,info@growmore.in,
2329,Growth Enterprises (Cnb),"E-60, Road No. 09, Udyog Kunj, Panki Site-5,, -208022, 9415040210, Growthenterprises@yahoo.Com",,,Kanpur,Uttar Pradesh,,,,,,
2330,G.Saila (Ggn),"H.No. 719, Sarswati Vihar Chakkar , , 9717444007",,,Gurgaon,Haryana,,,,,,
2331,G.S. Enterprises,,,,Chennai,Tamil Nadu,,,,,,
2332,G Shoe Export (Bom),"1, Hitex Industrial Estate,, S.V.Road, Dahisar (E)., Mumbai-400 068, India",AACFG5376P,27AACFG5376P1ZS,Mumbai,Maharashtra,400068,Mr. Sachin Tawade,9820323486,9833151651,purchase@gshoe.com,accountassist1@gshoe.com
2333,G S M  Exports (Agc),"Plot No. -631-632, Narayan Nagar., Agra-282200",,09AARFG0984G1ZY,Agra,Uttar Pradesh,282200,,,9927454769,twopointkanchan@gmail.com,
2334,GSS Barcode (Agc),"34/158,  Kutulpur, Agra-282001",,09AHTPJ5977H1ZH,Agra,Uttar Pradesh,282001,,,9456617229,ssbarcode1@gmail.com,
2335,G.Star Polymers,,,,Chennai,Tamil Nadu,,,,,,
2336,G S Tool Room Eng Works,"240, Lalapet Chettingal, Ranipet,",,,Ranipet,Tamil Nadu,,,,9381734067,,
2337,G Tech Splicing Pvt Ltd ( Noida ),"A-39, Hosiery Complex, Phase-Ii, Noida",,,Noida,Uttar Pradesh,,,,,,
2338,G.T.Polymers,"No.171-B, G.N.T Road, Padiyanallur, -600052",,,Chennai,Tamil Nadu,,,,,,
2339,G.T.R Engineering,,,,Delhi,Delhi,,,,,,
2340,Guide Footwear Company (Agc),"Plot 3, Site B, Upsidc,, Lakhanpur, Sikandra, Agra-282007",,09AAAFG8586H1ZZ,Agra,Uttar Pradesh,282007,,0562-2641453,,accounts@guidefootwear.com,
2341,Gujarat Machine Tools,,,,Chennai,Tamil Nadu,,,,,,
2342,Guneena Education P Ltd ( Ggn ),"ANM-96, Akashneem Marg DLF Phase-II, Sikanderpur Metro Station , , Jaywant.Borse@wonderboxx.Com",,,Gurgaon,Haryana,,,,,,
2343,Gupta H C Overseas Pvt Ltd ( Agc ),"Near Tubewell Colony, Byepass Road,, National Highway 2, Agra - 282007",,09AADCG1250E1Z1,Agra,Uttar Pradesh,282007,Mr. Rohit,562-4017900,,accounts@guptaoverseas.com,
2344,Gurbani Overseas (Noida),"G-14, Sector-63 Noida-201301",,09AASFG5166F1ZZ,Noida,Uttar Pradesh,201301,,,9560730754,,
2345,Gurditle Int P Ltd,Noida,,,Noida,Uttar Pradesh,,,,,,
2346,Gurditti International Ltd (Noida),"Plot No.-A-175, Phase-Ii, Sector-83,, Noida, Uttar Pradesh",,09AAFCG5004N1ZG,Noida,Uttar Pradesh,,,,,,
2347,Gurmat Missionary College (Bom),"Plot No. 2-B, Ravinder Silk Factory,, Sakinada Tele. Exch. Lane, Andheri Kurla, Road, Andheri East, -400072, 9930992031/9878429981, Js4900@gmail.Com",,,Mumbai,Maharashtra,400072,Mr. Jaspal Singh,"Flat No. 3, Unit No. 2,","Gr. Floor, Shri Raj Rajeshwari","Near khosla Hospital,",Ludhiana-141002
2348,Guru Amardass International Pvt Ltd ( Noida ),"Unit 11 A-30 Sector 80 Noida, Uttar Pradesh, India",,,Noida,Uttar Pradesh,,,,,,
2349,Guruji Overseas,,,,Agra,Uttar Pradesh,,,,,,
2350,Guru Ji Overseas (Agra),,,,Agra,Uttar Pradesh,,,,,,
2351,Guru Kripa Enterprises (New Delhi),"KH No106/18 Swarn Park Mundka, Industrial Area New  Delhi-110041",,07AAFPN6519C1ZV,Delhi,Delhi,110041,,07838717151,,,
2352,Guru Shoes Tech Pvt Ltd (Agc),"7, & 8, Taj Enclave, Fatehabad Road, Pushpanjali Puram, Phase 3, Tajganj, Agra-282006",,09AAECG2431L1ZK,Agra,Uttar Pradesh,282006,R K Kotha,5622234141,"8048418885, 9927702200",sanjay.sahni@valentino.in,
2353,H3 Tanning Co,Chennai,,,Chennai,Tamil Nadu,,,,,,
2354,Haans India,,,,Delhi,Delhi,,,,,,
2355,Habeeb Hides,,,,Chennai,Tamil Nadu,,,,,,
2356,Habiba International (Cnb),"89/196,Bagh Mandi,  - 208010, 9818814882, Hsmehtaleather7@gmail.Com",,,Kanpur,Uttar Pradesh,,Mr. Harpreet,,9818814882,,
2357,Hakasa India,,,,Bangalore,Karnataka,,,,,,
2358,Hamd International (Hwh),", , 9051847237, Aadikamal195@gmail.Com",,,Kolkata,West Bengal,,,,,,
2359,Hampton Shoes LLP (Cnb),"15/58(1), FRIENDS ENCLAVE CIVIL LINES, KANPUR Kanpur UP 208001",,,kanpur,Uttar Pradesh,208001,,,,"	info@sltintl.com",
2360,Hamsh Pahrics,Faridabad,,,Faridabad,Haryana,,,,,,
2361,Hannu Marketing Pvt. Ltd. (Ndls),"PLOT NO. H-27, UDHYOG NAGAR INDUSTRIAL AREA,, PEERA GARHI, ROHTAK ROAD,  - 110041, India, 9811330447, Hannu@gmail.Com",,,Delhi,Delhi,110041,,,,,
2362,Hansa Ledermann (Hyb),"12-2-709/A/19, Berbun, -500034, 40-65546621/9949998351",,,Hyderabad,Telangana,,,,,,
2363,Happy Days,,,,Gurgaon,Haryana,,,,,,
2364,Haque International  (Cnb),"94/52 Pech Bagh,, Kanpur - 208001, UP, India",,09AACPH6083J1ZI,kanpur,Uttar Pradesh,208001,,512-3278305,9839451225,info@haqueinternational.com,
2365,Harge International,,,,Kanpur,Uttar Pradesh,,,,,,
2366,Hargur Leathers (New Delhi),"339-B, WARD NO-8, MEHRAULI,(OPP. COMPETENT SERVICE STATION), NEW DELHI DELHI, 110030",,07AEKPB7950G2ZG,Delhi,Delhi,110030,MR. HARGURDEV SINGH,11-26643577,9810001412 / 989411905,hargurleathers@gmail.com,
2367,Harikesh Giri (Noida),A/10 Sec-10 Noida,,,Noida,Uttar Pradesh,,,,,,
2368,Haripada Das (HwH),,,,Kolkata,West Bengal,,,,,,
2369,Harman Leather Machines (New DelhI),"C-12 Sector-6 Noida Uttar Pardesh, Pin Cord 201301",,09AAAFH2698R1ZK,Noida,Uttar Pradesh,201301,,,,,
2370,Harmilap Traders,,,,Agra,Uttar Pradesh,,,,,,
2371,Haroon Leather (Hyb),,,,Hyderabad,Telangana,,,,,,
2372,Haroon Leathers,,,,Hyderabad,Telangana,,,,,,
2373,Harris Ahmed,,,,Kanpur,Uttar Pradesh,,,,,,
2374,Harry International (Hwh),"2H/12, New Tangra Road, Kolkata-700046",,19AUDPC2111K1Z1,Kolkata,West Bengal,700046,,,8336955965,harryinternational65@gmail.com,
2375,Harsha Leather Goods Pvt Ltd (Hwh),"52-D, G.J. Khan Road,, Kolkata-700039",,19AABCH4119F1ZT,Kolkata,West Bengal,700039,Mr. Mitra,,9831056232/9831005030,accounts@hlgpl.com,
2376,Harsha Leathers,,,,Chennai,Tamil Nadu,,,,,,
2377,Harshiv Enterprises (Agc),Sanjay Place Agra 282002 India,,09AASPH5766J1ZY,Agra,Uttar Pradesh,282002,,,,harshivhora@yahoo.com,
2378,Hartley Public School,"11/4, Sarat Bose Rd, Bhowanipore, ,  700020",,,Kolkata,West Bengal,,,,,,
2379,Haryana Leather (Ndls),"A-24, Mangolpuri Industrial Area Phase-II, , M-9350041484",,,Delhi,Delhi,,,,,,
2380,Haseen Leather (Bom),"Shop #1-A, Ground Floor,Qureshi Manzil,, 3rd Sankli Street, Byculla,, Mumbai - 400008, 022 - 23097038",,,Mumbai,Maharashtra,400008,,,,,
2381,HD Creations (New Delhi),"1797/132, Shanti Nagar,, Trinagar, -110035",,,Delhi,Delhi,110035,,,,,
2382,HDFC ERGO General Insurance Co Ltd ( N Delhi ),,,,Delhi,Delhi,,,,,,
2383,HDFC ERGO General Insurance Company,,,,Mumbai,Maharashtra,,,,,,
2384,H D M Leathers (Noida),"A-4, Sector - 8, Gautam Nagar, Noida 201301, Uttar Pradesh",,,Noida,Uttar Pradesh,,,,,,
2385,Healthgenie India Pvt Ltd (Ggn),"Plot No. 416, Phase-IV,, Udyog Vihar, Gurgaon",,06AADCH4378L1Z8,Gurgaon,Haryana,,,124-4240095,8800225543,store1@healthgenie.in,
2386,Heels & Toes Leather (P) Ltd,"20, South Usman Road, T.Nagar, ",,,Chennai,Tamil Nadu,,,,,,
2387,Heels & Toes Leathers,,,,Delhi,Delhi,,,,,,
2388,Heena Leather Company,,,,Kolkata,West Bengal,,,,,,
2389,Heera Enterprises(Bom),"Redekar Chawl Shop No-6 Link Road, Dharavi Mumbai",,27AAAFH1072P1Z8,Mumbai,Maharashtra,400017,,,,,
2390,Henkel Tereson,,,,Chennai,Tamil Nadu,,,,,,
2391,Hero Industries (Sbc),-560091,,,Bangalore,Karnataka,560091,,,,,
2392,Hesed International,"Perumbur, Chennai",,,Chennai,Tamil Nadu,,,,,,
2393,Heyat Engineering (Hwh),"60A, Tiljala, Kolkata-700039",,19ACLPH7733G1ZC,Kolkata,West Bengal,700039,,,9831452432,,
2394,HGE International Pvt Ltd (Cnb),"E-17, Panki Industrial Area, Site-1,, -208022 U P, 512- 2691101 / 2691102, Corp@hgeindia.Com",,,Kanpur,Uttar Pradesh,208022,,,,corp@hgeindia.com,
2395,H H Leathers,"39/1002, NMD Kasim Street, Neelfield,, Vaniyambadi",,,Vaniyambadi,Tamil Nadu,,,,,,
2396,Hi-Class Leather,,,,Mumbai,Maharashtra,,,,,,
2397,Hide Cide ( Cnb ),"100B, Dada Nagar, , Office@hidecide.Com, 9984000026/9936598062",,,Kanpur,Uttar Pradesh,,Mr. Kamal Shukla,,9984000026,,
2398,HIDESQUARE EXPO LLP (Noida),"B 53 IIND FLOOR SECTOR 67 NOIDA 201307, Distt .G.B Nagar (U.P)",,09AAIFH7650P1ZM,Noida,Uttar Pradesh,,,,,,
2399,Hide Style (Hwh),"88-A Topsia Road, Kolkata-700039",,19AAJFH8255R1ZD,Kolkata,West Bengal,700046,Mr. Abid Akhtar,8420324100,09903567985,hidestyle8@gmail.com,
2400,Hidetan Traders (Hwh),"23-A, Palm Avenue, Kolkata-700019",,19ALFPS4940P1ZA,Kolkata,West Bengal,700019,,8017192332,9831956825,,
2401,Hifzan International,Chennai-10,,,Chennai,Tamil Nadu,,,,,,
2402,High Growth Trade,,,,Delhi,Delhi,,,,,,
2403,Himalya  Export  (Hwh),,,,Kolkata,West Bengal,,,,,,
2404,Hind Code (Kanpur),"168/38, HIND VIHAR, BARRA6, , 208027",,,Kanpur,Uttar Pradesh,,,,,,
2405,HIND LEATHER OVERSEAS,,,,Ambur,Tamil Nadu,,,,,,
2406,Hind Leathers,,,,Vaniyambadi,Tamil Nadu,,,,,,
2407,Hind Process P Ltd,,,,Chennai,Tamil Nadu,,,,,,
2408,Hindustan Aeronautics Limited (Hyd),"Address: Avionics Division, HAL, Township, Bala Nagar, ,,  500042",,,Hyderabad,Telangana,,,,,,
2409,Hindustan Emusements Machines (Noida),"B-14 Sector-4 Noida, Uttar Pradesh",,,Noida,Uttar Pradesh,,,,,,
2410,Hindustan Industries (Hwh),,,,Kolkata,West Bengal,,,,,,
2411,Hindustan Insulating Co,"19, Polock Street, B B D Bagh,, Polock Street, ,  700001, Phone:033 2235 0554",,,Kolkata,West Bengal,700001,,,,,
2412,Hindustan Insulating Company (Hwh),"19 Pollock Street, Kolkata-700001",,19AAHFH2942K1Z3,Kolkata,West Bengal,700001,,,9883022220,uk.hico@gmail.com,
2413,Hitachi Leather Dices (Hwh),", ",,,Kolkata,West Bengal,700039,,,,hitachileatherdices@gmail.com,
2414,Hi Tech Printers (Ndls),"House No. 73, 2nd Floor, Pocket G-27,, Rohini Sector-3, New Delhi-110085",,07AMBPP9083H1ZP,Delhi,Delhi,110085,,,8447238826/9811238826,,
2415,Hi-Tech Printing & Marking,,,,Delhi,Delhi,,,,,,
2416,Hits Exports  (Agc),"1/87-A, Panchkuiyan, Bodla, Panchkuiyan Crossing, Agra - 282010",,09ADUPB2606A1ZY,Agra,Uttar Pradesh,282010,,,9997020454,hitsexportsagra@gmail.com,
2417,HKHR International (Agc),"C-4 to C-9, EPIP, Shastripuram,(UPSIDC ), -282007, 562-2856559/2856562,8755135805, Hkhr@sancharnet.in",,,Agra,Uttar Pradesh,,Mr. Rajesh Khurana,"562-2856559, 2856562",,hkhr@sancharnet.in,
2418,H K M Offset Pvt Ltd ( Ndls ),"C-50, Lawrence Road Ind Area, , Phone No.27393315 , 27396705",,,Delhi,Delhi,,,,,,
2419,H M D Impex ( Ndls ),"D-21 Chanakya Place, Part-1 C-1 Janak Puri, Delhi-110059",,07AFWPM6545D1Z1,Delhi,Delhi,,,,,,
2420,H M Enterprises (Hwh),"42, Gorichand Road, Gorichand Road,, Kolkata, West Bengal 700014",,19ACJPC1583D1ZT,Kolkata,West Bengal,700014,Mr. Fahim Alam,33-23435407,,hmenterprises@vsnl.net,
2421,H.M Footwear (AGC),"7-8 Chetak Puram Kakretha  Mathura, Byepass, , 8881548768",,,Agra,Uttar Pradesh,,,,,,
2422,H M Mehta (Ndls),,,,Delhi,Delhi,,,,,,
2423,Holy Field Overseas (Agc),"560/1/2, Bodla - Bichpuri Rd,, Narayan Vihar, Shahganj, -282007, Info@holyfieldoverseas.In/holyfieldoverseas@ Gmail.Com, 902403058/562-2962164/3277299",,,Agra,Uttar Pradesh,282007,,,,,
2424,Home Base (Ggn),"2215, Hardhyan Singh Road, Karol Bagh,, , 9818743200/7310192798",,,Delhi,Delhi,,,,,,
2425,Homera Tanning Industries Pvt Ltd (Cnb),"115/101, Sidh Nath Ghat, Jajmau, Kanpur-208010",,09AAACH3613H1ZU,kanpur,Uttar Pradesh,208010,Mr. Ashraf Rizwan,,,ashraf@homeratannery.com,
2426,Hong Kong Associates (Hwh),"No 1/B, Natorpark, 1st Road, Indira Prasph, Apartment, Block B  NO-104, Kolkata-700039",,19AFVPP3064R1Z9,Kolkata,West Bengal,700039,,,9836295898,,
2427,Horizon Paper Box,,,,Chennai,Tamil Nadu,,,,,,
2428,Horsekraft Equestrain (Cnb),"No-122/60,  Sarojini Nagar., Kanpur,, U.P",,09CCZPS9812B1ZW,kanpur,Uttar Pradesh,208012,,,9415440459,info@horsekraft.com,sales@horsekraft.com
2429,Hotel De Aura (N.Delhi),"L-10A Mahipalpur, -110037, Ph: 9810494467",,,Delhi,Delhi,,,,,,
2430,Hotel Le Sutra,,,,Mumbai,Maharashtra,,,,,,
2431,H P L Additives Pvt Ltd (Faridabad),Faridabad,,,Delhi,Delhi,,,,,,
2432,H R Enterprises,,,,Delhi,Delhi,,,,,,
2433,H R Enterprises ( Okhala),"A- 33, Okhela Phase - I, New Delhi, Arora.Hrenterprises@yahoo.Com",,07ADQPA9341K1Z8,Delhi,Delhi,,,,,arora.hrenterprises@yahoo.com,
2434,H R Enterprises ( Okhla ),"A- 33, Okhela Phase - I, New Delhi, Arora.Hrenterprises@yahoo.Com",,07ADQPA9341K1Z8,Delhi,Delhi,,,,,arora.hrenterprises@yahoo.com,
2435,H.R.Leathers,,,,Vaniyambadi,Tamil Nadu,,,,,,
2436,H R Polycast Pvt Ltd (Ggn),Gurgaon,,,Gurgaon,Delhi,,,,,,
2437,H S  Exports (Noida),"D-9 Sector -80 Phase-2 Noida-201301, Uttar Pradesh",,09AEOPG6806Q1ZQ,Noida,Uttar Pradesh,,,,,,
2438,Hsin Yeh Tannery,,,,Kolkata,West Bengal,,,,,,
2439,Hsin Yeh Tannery (Hwh),"12, Lower Range,, Kolkata - 700017",AABFH6556R,19AABFH6556R1ZL,Kolkata,West Bengal,700017,Mr. Sahid,,9331413197,cjhanji@yahoo.com,
2440,H S Mehta ( Karol Bagh),"2/41 A, Nirankari Colony, Delhi",,,Delhi,Delhi,,,,9810040253,,
2441,H S Mehta ( N Delhi ),"2/41 A, Nirankari Colony, Delhi. 9810040253",,,Delhi,Delhi,,,,,,
2442,HSR Industries (Ndl),,,,Delhi,Delhi,,,,,,
2443,Huda Exports (Cnb),"90/121, Iftikharabad,, -208001 , 8090762636 / 9336305311, Hudaexports1990@gmail.Com",,,Kanpur,Uttar Pradesh,208001,,,,hudaexports1990@gmail.com,
2444,Humera Sole Leathers,"V.Kota Road, Pernambut",,,Pernambut,Tamil Nadu,,,,,,
2445,Huzur Mehta (Agra),"No.48, Kabeer Kunj, Dayal Bagh, , -282005",,,Agra,Uttar Pradesh,,,,,,
2446,I A Leather India (Cnb),"14/19 Civil Lines, , , Account@ialeather.Com",,,Kanpur,Uttar Pradesh,,,,,,
2447,I.A.Trade Links,,,,Agra,Uttar Pradesh,,,,,,
2448,Ica International (New Delhi),", Phone No-8750179730",,,Delhi,Delhi,,,,,,
2449,I Cee Packaging,,,,Agra,Uttar Pradesh,,,,,,
2450,Icon Enterprises,,,,Agra,Uttar Pradesh,,,,,,
2451,Icra International,,,,Kolkata,West Bengal,,,,,,
2452,Idcoat Shoe Accessories Unit-2(Cnb),"C2 C-5 Site-5 Udyog Kunj Panki, Kanpur",,09AAAFI2881F1ZF,kanpur,Uttar Pradesh,208022,,,7706980184,isaunit2@indcoat.com,
2453,Ideal Fastener India Pvt Ltd,"C4&C5, Phasell, 3rd Main Road, MEPZ-SEZ,, Tambaram, Chennai,",AABC14462Q,33AABC14462Q1Z9,Chennai,Tamil Nadu,600045,,,,,
2454,Ideal Leather Products (Hwh),Kolkata-30,,19AAFFI9912E1Z9,Kolkata,West Bengal,7000030,,,7998622696,jsanyal24@gmail.com,
2455,IGT Exports Pvt Ltd (Hwh),"10, Pemental Street, -700016, 9830031236/33-40279900/40279923, Info@egtexports.Com/igtexports@aol.Com",,,Kolkata,West Bengal,700016,,,,info@igtexports.com,
2456,I H Enterprises (Hwd),"59/A, Canning Street, Ground Floor,, Canning Street, Kolkata, West Bengal 700001",,,Kolkata,West Bengal,,,,093304 62006,,
2457,IILF Fair 2016,,,,Delhi,Delhi,,,,,,
2458,I K International (Cnb),"Shamsi Villa, 15/264, Civil Lines,, Kanpur - 208001",,09AABFI6571P1ZQ,kanpur,Uttar Pradesh,208001,Mr. Musharraf Ali,,9935197483,ikmusharrafali@gmail.com,
2459,I K & Sons (Cnb),"Shamsi Villa, 15/264, Civil Lines,, -208001, 9839030585/9935197483, Ikmusharrafali@gmail.Com",,,Kanpur,Uttar Pradesh,208001,Mr. Musharraf Ali,,9935197483,ikmusharrafali@gmail.com,
2460,Ilgcrown Leathers Pvt Ltd (Cnb),"117/5, Sarvodaya Nagar,  UP 208022 IN, Csshrutiagarwal@gmail.Com",,,Kanpur,Uttar Pradesh,208022,,,,,
2461,Imaans Shoes,,,,Chennai,Tamil Nadu,,,,,,
2462,Image Marketing,Agra,,,Agra,Uttar Pradesh,,,,,,
2463,Images Accessories,,,,Delhi,Delhi,,,,,,
2464,Imbibe Footwear,,,,Agra,Uttar Pradesh,,,,,,
2465,Imc Exhibition,,,,Mumbai,Maharashtra,,,,,,
2466,IML Exhibition,,,,Mumbai,Maharashtra,,,,,,
2467,Impalse International ( Ggn ),"4l Ec Helon Institution, Area Sector-32,  ",,,Gurgaon,Haryana,,,,,,
2468,INC 5 Shoes (P) Ltd,"3rd Floor Units, Mumbai",,,Mumbai,Maharashtra,,,,,,
2469,Inc 5 Shoes Pvt Ltd (Ndls),"E-30, Block E, South Extension, II, New Delhi, Delhi 110049",,07AADCI3682G1ZJ,Delhi,Delhi,110049,,9000948361,,,
2470,Incar International (Ggn),"Plot No. 73, S-3, , ",,,Gurgaon,Haryana,,,,,,
2471,Incas International Pvt. Ltd (N.DelhI),"K-4, Green Park Main,, New Delhi, Delhi 110016",,07AAJPK4780G1ZJ,Delhi,Delhi,,,,,,
2472,Inch S Shoes Pvt Ltd,"Prem Estate  Awing, 63/64/st Floor ",,,Mumbai,Maharashtra,,,,,,
2473,Indarse Shamlal,,,,Kolkata,West Bengal,,,,,,
2474,Indcoat Footwear (Cnb),"31, Factory Area, Near Fire Brigade, Headquarters, Kanpur - 208012 U P",AAAFI2882G,09AAAFI2882G1ZC,kanpur,Uttar Pradesh,208012,Mr. Anwar,,9235663947/9839101149,anwar@indcoat.com,info@indcoat.com
2475,Indcoat Shoe Accessories Unit-2(Cnb),"C2-C5, Site-5, Udyog Kunj,, Panki, Kanpur-208022",,09AAAFI2881F1ZF,kanpur,Uttar Pradesh,208022,Mr. Sachin,,7706980184,isaunit2@incoat.com,
2476,Indcoat Shoe Components Ltd (Cnb),"23-B Dada Nagar, Kanpur-208022",AAACI6184J,09AAACI6184J1Z8,kanpur,Uttar Pradesh,208022,Mr. Kapil & Mr. Shyam Paul,512-2234657/2672144,9838005729,kapil@indcoat.com,purchase@indcoat.com
2477,Indersan,,,,Kolkata,West Bengal,,,,,,
2478,India Braids Private Limited (Cnb),"A-4, Site 1, Panki Industrial Area, Kanpur,, Uttar Pradesh 208022",,09AAACL2341Q1Z8,kanpur,Uttar Pradesh,208022,,,098398 06547,,
2479,India Brides,,,,Kanpur,Uttar Pradesh,,,,,,
2480,Indian Foam Lamination,"FMS  Feeds Road, Alamathy,, Chennai",,,Chennai,Tamil Nadu,,,,,,
2481,Indian Leather Company (Bom),"1st Floor, Gala # A 134/135, Ghatkopar Industrial Estate, LBS Marg Ghatkopar West, Mumbai - 400086",,27AABFI8954J1ZX,Mumbai,Maharashtra,400086,,22-67703947,9322856391,indianleatherco@hotmail.com,
2482,Indian  Leather Creations (Bom),"B-51, Nand Bhuvan Industrial Estate, Mahakali, Road, Andheri East, Mumbai-400093",AABFI8709D,27AABFI8709D1ZH,Mumbai,Maharashtra,400093,Mr. Hari Kumar,22-28263019,9322856563,indianleathercreations@gmail.com,
2483,Indian Leather Industries (Cnb),"150ft Road, Jajmau,, Kanpur, Uttar Pradesh 208010",,09AAAFI4105Q1Z7,kanpur,Uttar Pradesh,,,,,parvez@parvezshoes.com,
2484,Indian Leathers,,,,Delhi,Delhi,,,,,,
2485,Indian Navy Office,,,,Delhi,Delhi,,,,,,
2486,Indian Silks (Ggn),"Plot No. 58, Sector-3,, Manesar, Gurgaon",,,Gurgaon,Haryana,,,,,,
2487,Indian Tanning Industries (Cnb),"150, Feet Road,Jajmau,  - 208010, 9945200015",,,Kanpur,Uttar Pradesh,,,,,,
2488,Indian Tanning Industries (P) Ltd (Hwh),"44, Matheswartala Road, Topsia,, Kolkata-700046",,19AAACI6948Q1ZP,Kolkata,West Bengal,700046,Mr. Saurav,,9903240848,sourav@jcgroup.in,
2489,Indian Union Manufacturers Pvt. Ltd (Cnb),"123/436, Factory Area, Fazal Ganj,,  - 208 012,  , India, 9598066694/95, Indianbuckle@gmail.Com, Indian.Union@gmail.Com",,,Kanpur,Uttar Pradesh,208012,,,,,
2490,India Products,,,,Delhi,Delhi,,,,,,
2491,India Traders  (Koral Bagh),"Hardhiyan Singh Road, Koral Bagh New Delhi",,07AAAFI8753Q1ZP,Delhi,Delhi,,,,,,
2492,Indica Industries Pvt Ltd C-157 ( I-Mas ),"B-18, Sidco Industrial Complex,, Maraimalai Nagar, ",,,Chennai,Tamil Nadu,,,,,,
2493,Indica Industries Pvt Ltd C-157 ( O-Mas ),"C-157 Sector 63, Noida",,,Noida,Uttar Pradesh,,,,,,
2494,Indica Industries Pvt Ltd F-470 ( I-Mas ),"B-18, Sidco Industrial Complex,, Maraimalai Nagar, ",,,Chennai,Tamil Nadu,,,,,,
2495,Indica Industries Pvt Ltd F-470 ( I-Sbc ),"F-470, Sector-63, Noida",,,Noida,Uttar Pradesh,,,,,,
2496,Indica Industries Pvt Ltd F-470 ( O-Mas ),"F-470 Scctor 63, Noida",,,Noida,Uttar Pradesh,,,,,,
2497,Indigo Shoes,,,,Chennai,Tamil Nadu,,,,,,
2498,Indo French Leder,"No-2/9 Marimalai Adigal Street,Srinivasa Nagar, Chennai",,,Chennai,Tamil Nadu,600063,,,,,
2499,Indo-Kiwi Leather Export (Cnb),"186/5 J. K. Colony Jajmau,  - India, 9837527803",,,Kanpur,Uttar Pradesh,,,,,,
2500,Indraprastha Soles Pltd ( Noida ),"No : E-82, Sector 63,, Noida - 201 301",,,Noida,Uttar Pradesh,,,,,,
2501,Indraprastha Soles Pvt Ltd ( Noida ),"No : F-314 Sector 63,, Noida - 201 301",AACCI1362G,09AACCI1362G2ZQ,Noida,Uttar Pradesh,,,,,,
2502,Indus International,"Anna Nagar West, Chennai.",,,Chennai,Tamil Nadu,600101,,,,,
2503,Industrial Rubber,,,,Bangalore,Karnataka,,,,,,
2504,Industrial Rubber Products (Sbc),"Plot No.230, 11th Main, 3rd Phase,, Peenya Industrial Area,, Bangalore - 560 058",,29AAAFI7931G1ZA,Bangalore,Karnataka,560058,,80-28395381,,irp230@gmail.com,
2505,Industrial Supply Syndicate (Hwh),"32 & 54, Ezra Street,  - 700 001, 33-32916080, Info@industrialindia.Com, Industrialindia@gmail.Com",,,Kolkata,West Bengal,700001,,,,,
2506,Infinite Mumbai,"405/406 B Sussex Industrial Estate, Cross Marg by Colln  ",,,Mumbai,Maharashtra,,,,,,
2507,Infiniti Retail Ltd (Sbc),"No.24, Homi Mody Street,Bombay House, New, BEL Road, Bangalore - 560054",,,Bangalore,Karnataka,,,,,,
2508,I N Leather (Hwh),"56, Topsia Road,, Kolkata-700046",,19ACXPA1000F1Z1,Kolkata,West Bengal,700046,,,9903711572,,
2509,Innova Printing & Packaging,,,,Bangalore,Karnataka,,,,,,
2510,Innovative Creation(AGC),"Plot No 70 Pradeep Ram Vihar Colony Nagla, Rambal , 8006366061, Info.Innovativecreation@gmail.Com",,,Agra,Uttar Pradesh,,,,,,
2511,Innovative Leather Mart (Agc),"6B,1st Floor, Anna Icon Complex Sikandra, Bodla Road, -282007 India, 0562-2960501/9359909762, Leather@innovativeleathermart.Com",,,Agra,Uttar Pradesh,282007,Mr. Kulwant,,9359909762,,
2512,Inspire Exim Pvt Ltd (Ndls),"Office-49 B, Block-C,2ND FLOOR, MAHENDRU ENCLAVE, Near Huns Cinema, New Delhi .",,07AACCI1408F1Z2,Delhi,Delhi,,,,,,
2513,INSTINCT (Ggn),"B-28 , Infocity Sector-34, Gurgaon-122001",AABFI5213Q,06AABFI5213Q1Z9,Gurgaon,Haryana,,Mr. Dinesh,,8860590437,info@instinctleather.com,
2514,Instinct Leather,"C-201, Naraina Ind. Area, Phase – I, -110028, Ph: 011-25893495, 25796209 Fax: 011-25893432.",,,Delhi,Delhi,,,,,,
2515,Instyle Overseas Llp (Cnb),", , 07705009902, Commercial.@instyle.in",,,Kanpur,Uttar Pradesh,,,,,,
2516,Instyle Overseas Llp (Ndls),"5158/4,, Beadonpura, Krishna Nagar,, New Delhi-110005, 011 4155 7890",,07AAEFI2836GIZ1,Delhi,Delhi,110005,,,,,
2517,Insupur (Ndl),,,,Delhi,Delhi,,,,,,
2518,Intec Clothing ( Ggn ),"Plot No.466 , Phase -V, Udyog Vihar, Gurgaon - 122001",,06AAGPO3291F1ZQ,Gurgaon,Haryana,122001,,124-438453,,accounts1@intecclothing.in,
2519,Integraal Coach Factory,Chennai-38,,,Chennai,Tamil Nadu,,,070 11930973,,,
2520,Integrated Defence Products (Cnb),"D-21, Panki, ,,  208022, Jai@integrateddefence.Com, 9170472014",,,Kanpur,Uttar Pradesh,208022,,,,jai@integrateddefence.com,
2521,Intercom-Skicorp Manufacturing Pvt Ltd (Hwh),"25, Daikhnee Co-Operative Housing Socity, South Canal Road, E M Bye Pass, Metropolitan Area,, Kolkata - 700105 West Bengal",,19AADCI3704R1Z4,Kolkata,West Bengal,700105,Mr. Ajit Singh,,8336907775,accounts_ccu3@skicorp.net,
2522,Inter - Links ( Ndls ),"J 30 First Floor, Lajpat Nagar- 111,  - 110024",,,Delhi,Delhi,,,,,,
2523,Inter Mode International,"Anna Nagar,Chennai.",,,Chennai,Tamil Nadu,,,,,,
2524,International Book House  (Hyd),,,,Hyderabad,Telangana,,,,,,
2525,International Footstep (Bom),"116, United Industrial Estate, Mogul Lane Mahim, Mumbai-400016",,27AAAFI7384P1ZO,Mumbai,Maharashtra,400016,,022 2437 0776,,accounts@internationalfootstep.com,
2526,International Overseas Exporters (Hwh),"No. 31, Rabindra Sarani,,  - 700073, Vibhuti_trivedi@hotmail.Com, 9648668877/9839104636",,,Kolkata,West Bengal,700073,,,,,
2527,International Trade Organisation (Ggn),"Plot No-85, Phase-IV, Udyog Vihar,, Gurgaon, Haryana",AADPC3692B,06AADPC3692B1Z8,Gurgaon,Haryana,,,,,,
2528,International Tranding & Co,,,,Ambur,Tamil Nadu,,,,,,
2529,Inter Trade (Sbc),", ",,,Bangalore,Karnataka,,,,,,
2530,Intex ( Okhla ),"S-13 Okhla Inds Area, Phase-2 New Delhi-110020",,07AAAFI9566K1ZW,Delhi,Delhi,110020,,11-26385232,9810109901,,
2531,Intrenze,"216, Ambur High Road, Pernambut, Vellore Dist-- 635810",,,Ambur,Tamil Nadu,635810,,,,,
2532,Invixo Trading Pvt Ltd (Sbc),"NO 7, 1st Main, 2 A Cross, Muneshwara Temple Road,, Kempapura Hebbal,  - 560024, Info@invixo.in, 80-42090212",,,Bangalore,Karnataka,560024,,,,,
2533,Iqra International (Hwh),"13/1A, Matheswartana Road,, Kolkata - 700 046",,19AAEFI8940H1Z2,Kolkata,West Bengal,700046,Mr. Hamid,,9831140060/9831709241,info@iqrainternational.in,
2534,Iqra Leathers (Cnb),"11-B, Gaushala, Jajmau,, Kanpur-208007",,09AEWPA8189C1Z1,kanpur,Uttar Pradesh,208007,Mr. Naushad,,9651671919,,
2535,Iqra Leathers (Hwh),"23A, Palm Avenue, Kolkata-700019",,19AAFFI5040P1ZZ,Kolkata,West Bengal,700019,,,8017192332,iqraleather@yahoo.com,
2536,Iris International (Noida),"OFFICE NO. B-82, SECTOR- 64,, NEAR MAGORA CHOWK, Noida - 201301, Uttar Pradesh",,,Noida,Uttar Pradesh,,,,,,
2537,I.R.P,,,,Bangalore,Karnataka,,,,,,
2538,Irus International Pvt Ltd,"No-120, Village Shyampur, Kanpur",,,kanpur,Uttar Pradesh,,,,,,
2539,IRUS International Pvt Ltd (Cnb),"120 F Village Shyampur, Fatehpur Roshanai,, Rajpur Gajner Road, Kanpur.",,09AABCH1347K1ZJ,kanpur,Uttar Pradesh,209121,,,,,
2540,Iscon Rohini (NDLS),"Plot No-3 Institutional Area Sector-25, Rohini Delhi-110085",,07AAATI0017P1ZP,Delhi,Delhi,,,,8882657002,iskon.rohini@gmail.com,
2541,Ishan International (Okhla),"X-19 Okhla Industrial Area, Phase-II, -110020",,,Delhi,Delhi,,,,,,
2542,Ishita Impex,,,,Delhi,Delhi,,,,,,
2543,Isma Creation (Ndls),"D.195, POCKT 11, Jarola Vihar D DA Plat New Delhi-110025",,07ATZPD9616R1ZJ,Delhi,Delhi,110025,,,,,
2544,Isosceles (Bom),"16, Sree RadhaKrishna, Sector-42,, Navi Mumbai",,27AIPPT0046E1Z6,Mumbai,Maharashtra,,Mr. Pramod Das,,9987776664/9920301956,pramodas@isoscelesfloor.com,pramodas.isosceles@gmail.com
2545,Iswarya Enterprise,,,,Chennai,Tamil Nadu,,,,,,
2546,I T I Group (Cnb),"C- 40/41, Kalpatru, CHS Sant Rohidas Marg, Kala Kila,  - 400017 , India, 9919853771",,,Kanpur,Uttar Pradesh,,,,9919853771,,
2547,ITX Services India Pvt Ltd (Ggn),"Ambience Corporate Office Tower 2, Level 8, Plot No. 3 Unit (Office 1), Ambience Island, NH-8, Gurgaon-122002",,06AADCI6449R1ZV,Gurgaon,Haryana,122002,,124-4316900,9599054315,,
2548,ITX Trading India (Ggn),"Tower A DLF Cyber City, Phase III,  - 122002",,,Gurgaon,Haryana,,,,,,
2549,Jacks International (Agc),"12/5/15, Gher Kaley Khan Nai Ki Mandi,, Agra-282010",,09ADNPA6541J1ZD,Agra,Uttar Pradesh,282010,Mr. Izhar Ali,9528174510,9837337621,jacksintl@hotmail.com,
2550,Jaffs International (Hwh),"70, Topsia Road (South),, Kolkata-700046",,19AADPF5575A1ZY,Kolkata,West Bengal,700046,,,,jaffs@vsnl.com,jaffs786@gmail.com
2551,Jagaran Prakashan Ltd (Ndls),"B-1/c-5 B, Janakpuri, , C/o N K Advertising",,,Delhi,Delhi,,,,,,
2552,Jagran Prakashan,,,,Mumbai,Maharashtra,,,,,,
2553,Jahan Export (Hwh),82 Tiuala Road Kolkata-700046,,19ADXPJ1283G1Z3,Kolkata,West Bengal,700046,,,09331024049/8013456703,,
2554,Jahan Leather Enterprises (Hwh),"18/1D,Kustia Road,, Kolkata-700039",,19ALJPA7725Q1ZH,Kolkata,West Bengal,700039,Mr. Aftab Alam,,9025878570,,
2555,Jahan Leather Exports,Chennai,,,Chennai,Tamil Nadu,,,,,,
2556,Jai Agencies (Ndls),,,,Delhi,Delhi,,,,,,
2557,Jai Agencies ( Sbc ),"No. 38, Near Vasanth Nagar Post Office,, 7th Cross 14th Main Vasanth Nagar,, -560052, 934736514",,,Bangalore,Karnataka,,Mr. Prem Jai Singh,,934736514,jaiagencies@hotmail.com,
2558,Jai ambay etching process (new delhi),"M-132, Sector 1 Road, Bawana Industrial, Area, Sector 1, Bawana, New Delhi, Delhi 110039",,07AFXPR5671L1ZD,Delhi,Delhi,110039,Ramesh Kumar,,08800593942,,
2559,Jai Bharat Enterprises (Cnb),"328/325, 2C Bhalla Estate, Jajmau,, Kanpur-208010",,09AIOPG3807D1ZD,kanpur,Uttar Pradesh,,,,8090400732,vicky2016jbmi@gmail.com,
2560,Jaico Publishing House ( Hyb ),,,,Hyderabad,Telangana,,,,,,
2561,Jai Guruji Enterprises (Noida),"Noida, Uttar Pradesh",,,Noida,Uttar Pradesh,,,,,,
2562,Jai International,,,,Kanpur,Uttar Pradesh,,,,,,
2563,Jai International (Cnb),"123/356, Fazalganj, Kanpur-208012",,09AAKFJ1141K1ZA,kanpur,Uttar Pradesh,208012,,,9839077566,accounts@jaiinternational.biz,
2564,Jai Maa International (Agc),"No. 23 U, Nasirabad Colony Khandari, -282002, Uttar Pradesh, India, 09119000006, Jaimaainternational@gmail.Com",,,Agra,Uttar Pradesh,,,,,,
2565,Jai Maruthi Polychem LLP,"9, KP Singhee Road, Cossipore, Kolkata",,19AALFJ2767N1ZK,Kolkata,West Bengal,700002,,,,,
2566,Jai Mata Di Clothing-302,"Plot No 252,3rd Floor, Gali No-3 Kapasera, New Delhi-110037",,07AYYPJ3222B1ZJ,Delhi,Delhi,,,,,,
2567,Jain Brothers (Sbc),,,,Bangalore,Karnataka,,,,,,
2568,Jain Narrow Fabrics,,,,Delhi,Delhi,,,,,,
2569,Jain Narrow Fabrics (N.Delhi),,,,Delhi,Delhi,,,,,,
2570,Jajmau Chemical & Allied Industries (Cnb),"No. 99, Block A, Jajmau, Wajidpur,, Kanpur-208001",,09AACFJ8558Q1ZF,kanpur,Uttar Pradesh,,Mr. Mohsin Shoeib,9935173918,9935520220,allied_info786@yahoo.com,
2571,Jak Balaji (Ndl),,,,Delhi,Delhi,,,,,,
2572,Jak Group Pvt Ltd (729) (Ggn),"Plot No. 729, Pace City-2, Sector-37, Gurgaon",,06AADCJ0355P1ZD,Gurgaon,Haryana,,Mr. Suresh Awathi,,981043636396,r.murti@jakleather.com,
2573,Jak Group Pvt Ltd (Belt-704) (Ggn),"Plot No. 704, Pace City-2, Sector-37,, Gurgaon, Haryana",,06AADCJ0355P1ZD,Gurgaon,Haryana,,Mr. Suresh Awathi,,981043636396,r.murti@jakleather.com,
2574,Jak Group Pvt Ltd (Unit-356) (Ggn),"356, UV, Phase-VI, Gurgaon, Haryana",,06AADCJ0355P1ZD,Gurgaon,Haryana,,,,,,
2575,Jak Group Pvt Ltd (Wallets Divn-704) (Ggn),"Plot No. 704-P, Udyog Vihar, Phase-VI,, Sector-37, Pace City - II, Gurgaon-122001",,06AADCJ0355P1ZD,Gurgaon,Haryana,122001,Mr.Awasthi,9810436396,9313834486,,
2576,Jako Sheet Metals,,,,Agra,Uttar Pradesh,,,,,,
2577,Jako Sheet Metals (Agc),"54, Industrial Estate, Nunhai, , Uttar Pradesh, India, 9719455027/9997282055, Jakoshanks@gmail.Com",,,Agra,Uttar Pradesh,,,,,,
2578,Jama Corporation Pvt Ltd (Cnb),"8/2B, Arya Nagar, Kanpur-208002",,09AACCM1582E1ZL,kanpur,Uttar Pradesh,208002,,,9415128581,purchase@jamaoldwest.com,
2579,Jamal Leather (Hwh),"62/D, Black 2 Nd Floor, Topsia Road, Kolkata-700039",,19AOXPA7355M1Z3,Kolkata,West Bengal,700039,Md.Taoffiq,,8420847023,,
2580,Janak Leather Product (Cnb),"21- KA, Government Industrial Estate, Kalpi Roa,  - 208012, , India, 9953356271",,,Kanpur,Uttar Pradesh,208012,,,9953356271,,
2581,Janak Sons / C R Shoes,N.Delhi,,,Delhi,Tamil Nadu,,,,,,
2582,Janta Group of Companies,,,,Chennai,Tamil Nadu,,,,,,
2583,Japaan Shoe Factory,,,,Agra,Uttar Pradesh,,,,,,
2584,Jarosniv Exports Pvt Ltd ( Ndls ),"B- 70 / 37, Lawrence Road,, Delhi - 110035, Tel - 27184617",,07AAACJ0161E2Z4,Delhi,Delhi,,,,,,
2585,Jasgun Enterprises (Ndls),"2/199/1&2, Sadar Bazar, Delhi Cantt., New Delhi-110010",,07CQSPS5885B1Z5,Delhi,Delhi,110010,Mr. Harinder Singh,8130655162,8178486255,jasgunenterprises@yahoo.com,
2586,Jasmine Apparels Pvt Ltd (Sbc),"No.3 & 4, 1st Main, Dasarahalli Extension,, Hebbal Agricultural Farm Post,  - 560 024, 80 - 2363 1176 / 3253 3496, Info@jasmineapparels.Com",,,Bangalore,Karnataka,560024,,,,,
2587,Jasmin Impex (Cnb),"United Nagar 153, Rawatpur Maseanpur, Kanpur Uttar Pradesh -208019",,09AXHPA1730D1Z2,kanpur,Uttar Pradesh,208019,,,,,
2588,Jatin Enterprises,,,,Agra,Uttar Pradesh,,,,,,
2589,Jatin International (Agc),"D-10, Site-C UPSIDC Sashtri Puram Industrial, Area Sikandra , Jatinjk5@rediffmail.Com, 8439758566",,,Agra,Uttar Pradesh,,,,,,
2590,Jatin Overseas (Agc),"D-10, Site-C, UPSIDC,, Ndustrial Area Sikandra, Agra",,09AALFJ1351N1ZZ,Agra,Uttar Pradesh,,,,8439758566,jatinjk5@rediffmail.com,
2591,Javeed,,,,Agra,Uttar Pradesh,,,,,,
2592,Jawahar Tading Co.(Ndls),"603 Main Raad Sadar Bazar, New Delhi, Phone No 01123625436/01123620244",,,Delhi,Delhi,,,,,,
2593,Jawahar Trading Co,"603, Main Road Sadar Bazar, Delhi.",,,Delhi,Delhi,110006,,0112325936/23620244,,,
2594,JAx Krishna Ambuja (HWH),,,,Kolkata,West Bengal,,,,,,
2595,Jaya Shree Polymers,"IMT Manisar, ",,,Gurgaon,Haryana,,,,,,
2596,Jay International,,,,Agra,Uttar Pradesh,,,,,,
2597,Jay International (Agc),"Block S-10 Opp St Peter's College, Sanjay Place, Agra, Uttar Pradesh 282002, 652-2525521/3090884",,,Agra,Uttar Pradesh,282002,,,,,
2598,Jay Mata Di International (Hwh),"Shyan Lake Garden, S/No. 42, Block- B, Kolkata-700089",,19AENPM3928E1Z8,Kolkata,West Bengal,700089,Anil Kumar,,9830745628,jmdi.vm@gmail.com,
2599,Jay Mould,,,,Delhi,Delhi,,,,,,
2600,Jay Ushin Ltd (Ggn),"No.D 1/2, Sipcot Industrial Park, Irunglam Village, Sriperambadur Tk, Kancheepuram Dist, Chennai-602105",,33AAACJ1214A1ZM,Chennai,Tamil Nadu,602105,K.V.Prabudoss,+91-44-37105658,+91-9894330512,purchase@jayushinchennai.com,
2601,Jay Ushin Ltd ( GP-14) (Ggn),"Plot No. GP-14, HSIDC , Industrial Area,, Sector-18, Gurgaon-122001",,06AAACJ1214A1ZJ,Gurgaon,Haryana,122001,Mr. S K Jaiswal,,9818329887,purchase1@jushinindia.com,
2602,Jay Ushin Ltd (Sbc),"Plot No. 67, 68, 69 & 70 (Part) Narasapura,, Industrial Area, Narasapura, Kolar, District , Karnataka - 563133",,29AAACJ1214A1ZB,Bangalore,Karnataka,,Mr. Rakesh Mr. Deepak,8884874777,9312237907 & 7988078139,ppc3f@jushinindia.com,
2603,JBJ Technologies Ltd (Noida),"Plot No.350,351,352,, Udyog Kendra-II,Ecotech-III,, Greater Noida,Gautham Buddha Nagar,, Uttar Pradesh-201308",,09AAACJ3218L1ZI,Noida,Uttar Pradesh,,,,,,
2604,JC International,,,,Kolkata,West Bengal,,,,,,
2605,J C International Ltd (Hwh),", ",,,Kolkata,West Bengal,,,,,,
2606,JCK Leather Exports (Agc),"Block No S- 2 ,Shop No - 1,, Shoe Complex, Sanjay Palace, Agra",,09AAMFJ7651A1ZA,Agra,Uttar Pradesh,,,,,jckleatherexports@yahoo.com,jckleatherexports@gmail.com
2607,JESIA (Ndls),"D-14/7,Model Town II, Delhi-110009",,07ADSPR4968F1ZT,Delhi,Delhi,110009,Mr. Rajnish Kant,7836838396,,rajnishkant574@gmail.com,
2608,Jesus International,"16b/1, Sapgachi 1st Lane, 1st Floor,, Kolkata-700093",,19AASPH9772N1ZJ,Kolkata,West Bengal,700093,,9831124548,9163475634,mail@subhajitleathers.com,
2609,JG-RS India Pvt Ltd. (Ggn),"Plot No.8 G.F, Front Side, Ashok Marg,, South City-1, Gurgaon-122001",,06AADCJ8048D1ZO,Gurgaon,Haryana,122001,Mr. Shehnaz Jahan,124-4188155,9810085947,shehnazjahan@jgtextile.com,jyotikhurana@jgtextile.com
2610,Jhanji Exports,,,,Delhi,Delhi,,,,,,
2611,Jhanji Exports Pvt Ltd (Okhla),"C-32 Okhla Industrial Area Phase -1, New Delhi-20",AABCJ3521B,07AABCJ3521B1Z8,Delhi,Delhi,110020,Mr. Aslam,9811060827,,aslam@jhanjiexports.com,
2612,"Jhori Products Gurgoan

","Address-House # 119, Sector-17A , -122001., Phone: +91.9958699923 / 9810260075",,,Gurgaon,Haryana,,,,,,
2613,Jit Industries ( N Delhi ),"Village-Halulipur , Dodri Road G B Nagar  Noida",,,Noida,Uttar Pradesh,,,,,,
2614,Jiya Exim Pvt Ltd (Hwh),": 28, Chandra Nath Roy Rd, Picnic Garden,, Tiljala, ,  700039, 033 2345 2461, Contact@jiyaexim.Com",,,Kolkata,West Bengal,700039,Mr. Rakesh Agarwal,,,,
2615,JJ Tradelinks Private Limited (Noida),"Address: A-70 Sector-58 Noida, Uttar Pradesh 201301, +(91)-120-4265055, 4265066",,09AABCJ1950A1Z1,Noida,Uttar Pradesh,,,,,,
2616,J K Agarwal & Sons (Cnb),"78/301, Anwar Ganj, Kanpur-208001, Jkagencies@rediffmail.Com, 9936187610",,09ACOPA4873F1ZG,kanpur,Uttar Pradesh,208001,,,,,
2617,J K Enterprises (Agc),"Bham Nagar, Kotli Bagichi,, Deori Road, Agra-282001",,09CPXPK8221B1ZM,Agra,Uttar Pradesh,282001,,9457220900,9457220990,jkenterprises07860@gmail.com,
2618,J.K. Enterprises (Hwh),"12 Lower Range Kolkata-700017, 9830085672, Jkentkol@gmail.Com",,,Kolkata,West Bengal,700017,,,,,
2619,J.K.Footwear Pvt Ltd (Bom),"Plot No. 61, Marol Co-Op. Indl. Estate, Sakinaka,, Andheri (East), Mumbai - 400 059",,27AACCR8689R1Z5,Mumbai,Maharashtra,400059,Mr. Ramesh,22-28521500/2228,,accounts@leathertrendz.com,
2620,J. K. International (Cnb),"17/H-2/007, Pandu Nagar, Kanpur, Uttar Pradesh, 208005",,09AABFI6571P1ZQ,kanpur,Uttar Pradesh,,,,,,
2621,J.K.Overseas,,,,Agra,Uttar Pradesh,,,,,,
2622,J K Overseas (Agc),"D-10, Site-C, UPSIDC, Industrial Area,, Sikandra,  282007, 9837132207/562-2530063, Jatinjk5@rediffmail.Com",,,Agra,Uttar Pradesh,,,,9837132207,jatinjk5@rediffmail.com,
2623,J.M.D.International,,,,Agra,Uttar Pradesh,,,,,,
2624,J.M.D. International (Agc),"Plot No-7, Nehru Nagar, Civil Lines,, Dayal Bagh Rd, Opp. Abbulala Dargah Bypass, Road, Behind Womans Plaza, Agra, Uttar Pradesh, 282005",,,Agra,Uttar Pradesh,282005,,,,,
2625,J M D Textiles ( Hwh ),,,,Kolkata,West Bengal,,,,,,
2626,J M Enterprises (Noida),"A-52, Sector-83, Noida, Uttar Pradesh",,09AAGPM2882G1ZH,Noida,Uttar Pradesh,,,,,,
2627,J.M Footwear Exports Pvt Ltd (Agc),"C-39, Site- C, UPSIDC Industrial, Area Sikandra, -282007, 0562-4005710, Accounts@jmfootex.Com",,,Agra,Uttar Pradesh,282007,,,,,
2628,J.M Footwear Impex (Agc),"First Floor C 39 Site C Upsidc I A Sikandra, Agra",,09AAKFJ5238R1ZI,Agra,Uttar Pradesh,,,8533030069,7500708289,accounts@jmfootex.com,
2629,J.M.F Synthetics India,Faridabad,,,Faridabad,Haryana,,,,,,
2630,J.M.J Leathers,,,,Chennai,Tamil Nadu,,,,,,
2631,J.M.K.Leather (Ndls),"3017/2, Hardhain Singh Road, Koral Bagh,, New Delhi",,07AORPD6322H1ZX,Delhi,Delhi,110005,,,,,
2632,Jmm Polymicrons,,,,Delhi,Delhi,,,,,,
2633,J.Nitin Merchandising (Ggn),"Plot # 36, Sector 37, Pace City-1,, gurgaon-122001",,06ACEPJ9084F1ZI,Gurgaon,Haryana,122001,,124- 4796600 / 4796651,,info@jnitin.com,
2634,J N Leather (Hwh),"19/1A/88, Sil Lane,, Kolkata-700015",,19ARMPR4519E1ZG,Kolkata,West Bengal,700015,Mr. Navi,9163100346,9903774664,j.nleather@rediffmail.com,sreekant114@gmail.com
2635,J.N.Y Overseas,,,,Delhi,Delhi,,,,,,
2636,JNY Overseas (Ndl),"340, 3rd Floor, Pocket -6,, Sector A-10, Narela,, -110040",,,Delhi,Delhi,,,,,,
2637,JNY Overseas (Ndls ),"340, 3rd Floor, Pocket -6,, Sector A-10, Narela,, -110040",,,Delhi,Delhi,,,,,,
2638,John Snow India Pvt Ltd (Ndls),"B-6-7/19 Safdarjung Enclave, DDA Local Shopping Complex, New Delhi, 110 029
",,07AADCJ0911F1Z2,Delhi,Delhi,110029,Mr. Vikas Madaan,,,drvikasmadaan@gmail.com,
2639,Johny Enterprises (New Delhi),"CB-228, 1st Floor, Narayna Industrial Area,, Naraina, ,  110028, Phone:097111 66513",,,Delhi,Delhi,,,,,,
2640,Jordan Shoe Factory (Agc),"8, Mini Gulmohar Enclave Shaheed Nagar,, -282001 Uttar Pradesh-India, 9760591925/9368267077/9359522246, Jsf@gamil.Com, Jsf@yahoo.in",,,Agra,Uttar Pradesh,282001,,,,,
2641,Joy Shoes (Bom),"Taj Mahal Hotel, Apollo Bunder,, Mumbai 400001",,27AAAFJ4867A1ZK,Mumbai,Maharashtra,400001,,22-22028696,,info@joyshoes.net,
2642,JPC INDIA LTD. (Noida),"PLOT NO. A-29, SECTOR-59,, Noida - 201301, Uttar Pradesh",,09AAAFJ3235A1ZY,Noida,Uttar Pradesh,,,,,,
2643,JPM Automobiles Ltd (Ggn),"Gurgaon, Haryana",,06AAACJ2238E1Z1,Gurgaon,Haryana,,Mr. Manoj Gupta,Accounts-9953939001,9953939002,,
2644,J & R Exim Enterprises,,,,Kanpur,Uttar Pradesh,,,,,,
2645,J & R Exim Enterprises ( Cnb ),,,,Kanpur,Uttar Pradesh,,,,,,
2646,J.S Enterprise,,,,Chennai,Tamil Nadu,,,,,,
2647,JS Enterprises (Cnb),"406/377 Up Compound, Asarfabad Jajmau Kanpur",,09AICPA9161A1ZQ,kanpur,Uttar Pradesh,208011,,9889306781,7860786577,j.alamsaba.ja@gmail.com,
2648,J.S.P. Dies & Moulds,,,,Agra,Uttar Pradesh,,,,,,
2649,J S P Dies & Moulds (Agc),"Regd. Off : 40, Nehru Nagar, Agra-282002 (U.P.), +91-9837039418, 9837022444, Jspsoles.Agra@gmail.Com",,09AACFJ7976N1ZH,Agra,Uttar Pradesh,,,,,jspsoles.agra@gmail.com,
2650,JSP Enterprises (Agc),"165-A, Nehru Nagar, Agra-282002",,09AATPM1329F1ZI,Agra,Uttar Pradesh,282002,,,8171002286,info@jspsoles.com,
2651,JS Plastic & Leatherwear (Agc),"40 Nehru Nagar , Agra",,09AATPM1330Q1Z2,Agra,Uttar Pradesh,,,,,,
2652,JSP Soles (Agc),"Head Office 40, Nehru Nagar, -282002, Accounts@jspsoles.Com, Info@jspsoles.Com",,,Agra,Uttar Pradesh,,,,,,
2653,J Star International (Ggn),"739 B, Pace City II,Udyog Vihar VI Sector 37,  (HR)., 98761 31313, Info@jstar.Co.in",,,Gurgaon,Haryana,,,,,,
2654,J.T.International,Ambur,,,Ambur,Tamil Nadu,,,,,,
2655,JT International (A),,,,Ambur,Tamil Nadu,,,,,,
2656,Jtket India Ltd  (SBC),Banglore,,,Bangalore,Karnataka,,,,,,
2657,JTS International Pvt Ltd (Hwh),"14b/2, Shamsul Huda Kolkata-700017",,19AGOPJ2007J1ZB,Kolkata,West Bengal,700017,Mr. Pritam Singh,,09831472229,pritam.bhambra02@gmail.com,
2658,Jubilant Food Works (Sbc),"Rmz Ecospace Belandur Village No-102, 1st Floor the Bay Bangalore, Pin Code-560037",,29AABCD1821C1Z7,Bangalore,Karnataka,560037,,,,,
2659,Juhu Beach Resorts Ltd,,,,Mumbai,Maharashtra,,,,,,
2660,Juhu Beach Resorts Ltd (Bom),,,,Mumbai,Maharashtra,,,,,,
2661,Jupiter Internatioanl  (New Delhi),"NO-272 First Floor, Chattur Bhuj  Kapashera, ",,,Delhi,Delhi,,,,,,
2662,Jupiter Shoes (Bom),"Vatsalata Naik Nagar -4, Room No. 147, Cen 787-1, Chembur, Mumbai-400071",,27BIUPS7922Q3ZV,Mumbai,Maharashtra,400071,,,,,
2663,Just Leathers (NDLS),"5331/67, Reghar Pura, Karol Bagh, -110005, 9811758943",,,Delhi,Delhi,110005,,,,,
2664,Jute Wonders Unlimited (Cnb),"Site-1, H-24, Kanpur-208007",,09AERPM6185R1Z7,kanpur,Uttar Pradesh,208007,,,,,
2665,J V Enterprises (Ndls),"C-33, Dda Shed, Okhla Industrial Area Phase 1, Delhi - 110020, 9818877391",,07AARPI4133P1Z7,Delhi,Delhi,110020,,,,,
2666,JWR Logistics Pvt Ltd,"Shed -2bay 7 Toll C/o Damco Plot No-18/45, National Highway 4B  Post Kundevahal,, ",,,Mumbai,Maharashtra,,,,,,
2667,Jyoti Corporation (Bom),"Address: Mulund West, ,,  400080",,,Mumbai,Maharashtra,,,,,,
2668,Kaaj International (K B),"Kn/E-4 Anand Parabat Industrial Area, New Delhi-110005",,07AAEFN0703F1ZT,Delhi,Delhi,,,,,,
2669,Kaarav Collection Pvt. Ltd. (Ggn),"Plot No. 682, Phas City 2, Sec. 37, , Accounts@kaaraventer.Com, Ph. 01244037788, Savita",,,Gurgaon,Haryana,,,,,,
2670,K.A.Baqui Bhai,,,,Chennai,Tamil Nadu,,,,,,
2671,Kabir International (Cnb),,,,Kanpur,Uttar Pradesh,,,,,,
2672,Kabir Leathers ( Ggn ),"Plot No. 17, Sec-6, IMT Manesar,, Gurgaon - 122050",,06AAAFK7567Q1ZN,Gurgaon,Haryana,122050,,0124 - 4003891,099717 37520,ls@kabirleathers.com,
2673,KAF Footwear Industries (Agc),"Khasra No.860, Mathura Road Runkata, Agra- 282007",,09AAHPH5341N1ZE,Agra,Uttar Pradesh,282007,,562-3276429,,account@kafindia.com,
2674,K A Fung Tannery (Hwh),"105A Matheswartolla Road,, Kolkata - 700046",AIPPP1632E,19AIPPP1632E1Z5,Kolkata,West Bengal,700046,,23291625/23290969,,cti1@rediffmail.com,
2675,Kagzi Industries,Jaipur,,,Jaipur,Rajasthan,,,,,,
2676,Kahya Leather,,,,Kanpur,Uttar Pradesh,,,,,,
2677,Kailash Rubber,,,,Agra,Uttar Pradesh,,,,,,
2678,K A Leathers,,,,Vaniyambadi,Tamil Nadu,,,,,,
2679,Kaleem Leathers (Cnb),"90/197, Phool Wali Gali, , Kaleemleather@gmail.Com",,,Kanpur,Uttar Pradesh,,,,,,
2680,Kalra Impex Pvt Ltd ( Ggn ),"Plot No-388, Nr Palam Vihar Entry Gate, Udyog Vihar, Phase-IV,Gurgaon-122016",,06AADCK4495K1Z5,Gurgaon,Haryana,122016,Mr. Sanjay Rathour,,9873078600/999081994,accounts1@kalraimpex.com,
2681,Kamakshee Leather Co (Karol Bagh),Karol Bagh,,07AIGPS2384B1ZB,Delhi,Delhi,,,,,,
2682,Kamakshi Leather Co,,,,Delhi,Delhi,,,,,,
2683,Kamakshi Udyog (Ndls),"WZ-637, 2nd Floor, Madipur Village, New Delhi - 110063",,07AJUPC7765P1Z7,Delhi,Delhi,110063,,,9891771068,kamakshiudyog@hotmail.com,sunilchawla719@gmail.com
2684,Kamal Chem (Hwh),,,,Kolkata,West Bengal,,,,,,
2685,Kamal Chhabra,,,,Delhi,Delhi,,,,,,
2686,Kamal Enterprises (Noida),"D-27,Sector-63, Location- G.Buddha Nagar, Noida (Uttar Pradesh)",,09AAEPA7831K1ZN,Noida,Uttar Pradesh,,,,,,
2687,Kamal International,,,,Kanpur,Uttar Pradesh,,,,,,
2688,Kam Enterprises (Ndls),", 8802645799",,,Delhi,Delhi,,,,,,
2689,Kamero Technosys Ltd (Cnb),"C-6,Site-1,Panki Industrial Area,, Kanpur-208022 U.P (India)",AFPPG5451F,09AFPPG5451F1ZB,kanpur,Uttar Pradesh,208022,,512-2692385/2692760,7408423168,sales@kamerotech.com,
2690,Kamlesh,,,,Chennai,Tamil Nadu,,,,,,
2691,Kamps Footwear (Agc),"2, Kailash Vihar, Bypass Road,, , Uttar Pradesh 282007, 0562 232 0357, 9012200099, Info@kampsfootwear.Com/kamps_nishant@yahoo.Com",,,Agra,Uttar Pradesh,282007,,,,,
2692,Kancept India ( Karol Bagh),5383 Hardhiyan Singh Road Koral Bagh New Delhi   Ph#Mob No-7480465905,,07APVPS8607K1ZX,Delhi,Delhi,,,,,,
2693,Kancept India ( Ndls ),5383 Hardhiyan Singh Road Koral Bagh    Ph#Mob No-7480465905,,,Delhi,Delhi,,,,,,
2694,Kangaroo Leather,"Thane, Belapur,, Navi Mumbai",,,Mumbai,Maharashtra,,,,,,
2695,Kanika Leather Co. (Ndls),"3704/17 Hardhan Singh Road, Karol Bagh Delhi",,07AANPA2327B1ZC,Delhi,Delhi,,,,,klc6508@gmail.com,
2696,Kanishka Polymers,,,,Gurgaon,Haryana,,,,,,
2697,Kanishka Polymers Pvt Ltd ( Ggn ),"No. 589, Sector 8, IMT Manesar 122001, Kanishka.Polymers@gmail.Com, (124) 4239576",,,Gurgaon,Haryana,122001,,,,,
2698,Kankheria Leathers (KB),"4773, Reghar Pura, Hardhyan Singh Road,, Karol Bagh, New Delhi-110005, 9871337668, Umesh_kankheria@yahoo.Co.in",,07AVUPK8832F1Z2,Delhi,Delhi,110005,Mr. Umesh Kumar Kankheria,,9871337668,,
2699,Kanna Chemie,Ranipet,,,Ranipet,Tamil Nadu,632403,,,,,
2700,Kanpur Leathers (K B),"4764 Hardhhian Singh Rad, Raghar Pura Karol Bagh",,07AURPA9897J1ZP,Delhi,Delhi,110005,Mr. MD Shahbaz,,9718038001/9555340380,,
2701,Kanpur Logistics Park Pvt Ltd ( Cnb ),"Plat No.05 ,Bhatta Air Raniganj Panki,  - 208020, Mob No.8896066604",,,Kanpur,Uttar Pradesh,110019,,,,,
2702,Kansin Import Export Pvt Ltd. (Ndls),"S-76, Okhla, Delhi - 110020, PH-II, Behind Hero Honda Showroom",,07AADCK0513E1Z5,Delhi,Delhi,110020,,,9873631919,,
2703,Kant Leather Store (Agc),"Agra, Uttar Pradesh",,09AAVPJ6173A1ZH,Agra,Uttar Pradesh,,,,9319112123,,
2704,Kapoor Industries (Hwh),"19/1a, Darga Road, Kolkata-700017",AAAFK0984D,19AAAFK0984D1ZG,Kolkata,West Bengal,700017,Mr. Shamim Ahmed,33-22810646,,kapoorin@vsnl.net,
2705,Kapsons Overseas (Agc),"53, Surajbhan Ki Kothi Sikandra,, Agra-282007",,09AADFK6441N1ZX,Agra,Uttar Pradesh,282007,Mr. P K Upadhyay,0562-2601305,9358189014,purchase@kapsons-worldwide.com,
2706,Kapsons Worldwide (Agc),"43/499.Opp.Suraj Khan Ki Bagichi, Agra-Mathura Road, Agra-  282007 U.P.",,09AATFK1682R1Z8,Agra,Uttar Pradesh,282007,Mr. Pradeep Kapoor,,9837044951,kapsons1@sancharnet.in,
2707,Karamat Tanning,,,,Kanpur,Uttar Pradesh,,,,,,
2708,Karamat Tanning Industries (Cnb),"Greater Kailash, J K Puri,, ,  208008
, Phone: 087264 43271",,,Kanpur,Uttar Pradesh,,,,,,
2709,Karam Cargo Logistics Pvt. Ltd. (Ndls),"RZ-270/19, Tughlakabad Extn., New Delhi-110019",,07AACCK7658M1ZX,Delhi,Delhi,110019,,11-29993602,,accounts@kclpl.com,operation@kclpl.com
2710,Karam Udyog (Agc),"Nalkoop Colony, Khandar, Agra,, Uttar Pradesh 282007",,09AABFK0897L1ZV,Agra,Uttar Pradesh,282007,,562-2604040,,info@karamshoes.com,
2711,Karan Fashion (New DelhI),"D-6, D-4, Mangal Bazar Road, Tigri, Sangam Vihar, ,  110062",,,Delhi,Delhi,,,,,,
2712,Karenn International (Cnb),"26-B/21, Dadar Nagar Industrial Estate, Kanpur, Uttar Pradesh, 9792504030, Kareninternational.Leather@gmail.Com",,09AAFCK9638Q1ZI,kanpur,Uttar Pradesh,,,,,,
2713,Kartik Enterprises  (Ndls),"R-507, Nangloi,, New Delhi-110041",,07BULPM5601F1ZP,Delhi,Delhi,,,,,,
2714,Karun Fashion (New Delhi),"B-67 Suraj Park Near Mount Abu School, Rohini Sector-18 Delhi-42",,07AXYPK0450D1ZG,Delhi,Delhi,110042,,,,,
2715,Karun Fashions ( Ndls ),"58 - C Pocket  A,, Vikas Puri Extn,  - 110018",,,Delhi,Delhi,,,,,,
2716,Kasba Industrial Estate (HWH),,,,Kolkata,West Bengal,,,,,,
2717,Kas Footwear Industries (Agc),"Khasra No. 132 & 135, Runkata,  - 282007, 9837000772",,,Agra,Uttar Pradesh,,,,,,
2718,Kashimr Mahal (Srinagar),"1 St Isber Nishat, Srinagar.",,,Delhi,Delhi,,,,,,
2719,Kashmir Leather Company (Ndls),"Karol Bagh, New Delhi",,07AADFK3652M1Z4,Delhi,Delhi,,,,,,
2720,Kasin Export (Hwh),"34 Bright Street, - 700017, , 983-6660158",,,Kolkata,West Bengal,700017,,,,,
2721,Katalyst Techtex LL P (Okhla),"Unit No. 341 DLF Prime Tower, F-79-80 Okhla Phase-1, New Delhi-110020",,07AAQFK8931Q1ZB,Delhi,Delhi,110020',,,,,
2722,Kathan Exim (Cnb),"89/75 Jk Colony Masjid, Kanpur-208810",,,kanpur,Uttar Pradesh,208810,,,,,
2723,Kats Calzature,"W Z-3, Basai Darapur Road, Near Metro Piller No 322,    Ph#Kishor Singh-9899585345",,,Delhi,Delhi,,,,,,
2724,Katyal Industries (Agc),"10th Km. Stone, Mathura Road,, Agra-282007",,09AAEFK3324K1ZA,Agra,Uttar Pradesh,282002,Mr Mohit Katyal,7088200017,9897001617,mohit@katyalindustries.com,
2725,Katz Calzature,,,,Delhi,Delhi,,,,,,
2726,Kaul Shoe Components (Agc),"Opp. Bhagwati Dhaba, Mohammadpur,,  Mathura Road, Sikandara,, , Uttar Pradesh 282007, 0562 264 2150/9837066695, Kaul-@yahoo.In/kaulshoecomponents@gmai.Com",,,Agra,Uttar Pradesh,282007,Mr. Shashak Kaul,9897067775,,kaul-agra@yahoo.in,
2727,Kaurab Exports,Noida,,,Noida,Uttar Pradesh,,,,,,
2728,Kaurob Exports Ltd,"A-33 Sector 58 Noida, B-71 Sector-65 Noida, Accounts@kaurub.Com",,,Noida,Uttar Pradesh,,,,,,
2729,Kaurub Exports ( Noida ),"B-65, Sector-65, Noida-201301",,09AABCK7690L1ZW,Noida,Uttar Pradesh,201301,,,,merchandising@kaurub.com,scorpion.sales@yahoo.com
2730,Kaushtav Nandi ( Hwh ),"Munais Creations S, Biewakosh Lane, ",,,Kolkata,West Bengal,,,,,,
2731,Kaveri Exports (Noida),"F- 293 Sector -63 Noida, Mob No. 09911177986",,,Noida,Uttar Pradesh,,,,,,
2732,Kavis Fashions Pvt. Ltd. (Bom),"2nd Floor 19 Dr G Deshmukh Marg, Peddar Road, Mumbai-400026",AAACK9496R,27AAACK9496R1ZF,Mumbai,Maharashtra,400026,Mr. Sujitha Sudhakaran,,,accounts4@kfpl.eu,
2733,Kaygee Shoetech Pvt Ltd (Hwh),"106, Dr. Sundari Mohan Avenue,, A-7, -700014, 33-32575873/22865803/9830982415, Kishore@kaygee.Co.In",,,Kolkata,West Bengal,,Mr. Kishore Gupta,,9830982415,kishore@kaygee.co.in,
2734,Kay Kay Art P Ltd,,,,Mumbai,Maharashtra,,,,,,
2735,Kay Kay Art Pvt Ltd (Bom),"122, Shah & Nahar Ind. Estate (A-2),, Dhanraj Mills Compound, S. J. Marg,, Lower Parel (W), Mumbai – 400 013",,27AACCK7895C1Z9,Mumbai,Maharashtra,400013,,22-66611017/18/19-20,,accounts@print-plus.co.in,
2736,Kay Vee Enterprises (Ndls),"B- 78, B K Dutt Colony, Lodhi Road, New Delhi-110003",,07AAFPA2323M1Z1,Delhi,Delhi,110003,,,"8800332811, 9377998453",,
2737,KDG Enterprises (Del),"F2751, DSIIDC, Narela Industrial Area,, -110040, Tel: +918447567666",,,Delhi,Delhi,,,,,,
2738,Kejriwal Exports(Bom),"120, Shiv Kripa Industrial Estate,, Lal Bahadur Shastri Marg, HMPL Surya Nagar, Vikhroli, -400083, 02225772049, Info@kejriwalexports.Com",,,Mumbai,Maharashtra,400083,,,,,
2739,Kenda Farben India,Noida,,,Noida,Uttar Pradesh,,,,,,
2740,Kenda Farben India Pvt. Ltd. (Noida),"C-21  Phase-2, Near Fire Station, Noida",,,Noida,Uttar Pradesh,,,,,,
2741,Ken Eeterprises,"Perimet, Chennai",,,Chennai,Tamil Nadu,,,,,,
2742,Kewal Krishan & Sons,"Shop No-8/50-A, Main Market, Moti Nagar,, Delhi - 110015, +(91)-11-25116432, 20001570, 65264190",,07ALBPK9427HIZO,Delhi,Delhi,110015,,,,,
2743,K F Exports (Agc),"Unit - II, Runkata, Agra, Uttar Pradesh - 282 007",AAHFK8378C,09AAHFK8378C2ZZ,Agra,Uttar Pradesh,,Mr. Deenbandhu,7534000851,,purchase@kfexports.com,
2744,K G Footwear Exports Pvt Ltd ( Cnb ),Kanpur,AAACK5714C,09AAACK5714C1ZV,kanpur,Uttar Pradesh,,Mr. Srivastava,,9935530662,info@kgfootwear.com,
2745,K G Shoe Exports (Cnb),"79, Dada Nagar, Kanpur-208022",,09AAAFI7911C2ZN,kanpur,Uttar Pradesh,208022,Mr. Rajesh,,7309031641,purchase@kgshoeports.com,
2746,K.G.W. Leather Impex (Hwh),"37/1/1, Bright Street,, Kolkata-700017",,19BHUPA3937J1ZU,Kolkata,West Bengal,700017,,9831984104,8017297622/7686040339,,
2747,Khadim India Ltd (Hwh),"Kankaria Estate, 5th Floor, 6, Littel,, -700071, Debojyoti.Mukherjee@khadims.Com",,,Kolkata,West Bengal,,,,,Debojyoti.Mukherjee@khadims.com,
2748,Khaiser International,Vaniyambadi,,33AAEFK1224A1Z9,Vaniyambadi,Tamil Nadu,,,,,,
2749,Khaleel Tannings,"Malgai Thope, Ambur",,,Ambur,Tamil Nadu,,,,,,
2750,Khaleer Rahman,,,,Hyderabad,Telangana,,,,,,
2751,Khanna Exporters (Ndls),"G-5/824, Sukhdev Nagar, Kotla Mubarakpur, 3rd Floor, New Delhi-110003",,07ADJPK1407F1ZX,Delhi,Delhi,110003,,,9810583507,,
2752,Khanna Pharmaceuticals & Chemicals (Agc),"74, Niray Nikunj Colony Opp. K K Nagar,, Sikandra , U P, 7499101264",,,Agra,Uttar Pradesh,,,,,,
2753,Khanna Pharmaceuticals & Chemicals (Cnb),"123/788-A, Fazal Ganj,, Kanpur - 208012",,09AADFK8505B1ZL,kanpur,Uttar Pradesh,208012,Mr. Anup Khanna,,9839102000/9935977700,info@kpcgroupindia.com,
2754,Khateeb Harris,,,,Gurgaon,Haryana,,,,,,
2755,KH Export India Pvt Ltd - GTA,"15/2, College Road, Nungambakkam, Chennai-6",,33AAACR1714R1ZA,Chennai,Tamil Nadu,,,,,,
2756,KHL  Leathers,"41, Sipcot Ranipet.",,,Ranipet,Tamil Nadu,,,,,,
2757,K.H.S & Co,,,,Chennai,Tamil Nadu,,,,,,
2758,K H Shoe Machinery (Agc),"Super Market Shop No. 6,, Ground Floor Shashtripuram Crossing, Sikandra, Agra-242007",,09ASTPV3255D2Z6,Agra,Uttar Pradesh,242007,,,9758196156,khshoemachinery@yahoo.com,
2759,Khurana Casting & Pentography (Ggn),"Plot No. 96, Sector-37, Phase-VI, Gurgaon-122001",,06AJAPK5800F1ZQ,Gurgaon,Haryana,122001,Mr. Praveen Khurana,,9654159534,,
2760,Khurana & Khurana ( Ndl ),,,,Delhi,Delhi,,,,,,
2761,Khurshid Alam,,,,Kolkata,West Bengal,,,,,,
2762,Khushi Leather (Hwh),,,,Kolkata,West Bengal,,,,,,
2763,Kinetic Engineering Limited,"D-1, Block, Plot No 18/2, M I D C, Chinchwad, ,  411019, 27730246460, 020-27478543",,,Pune,Maharashtra,,,,,,
2764,Kinetic Engineering Limited (Pune),"D-1, Block, Plot No 18/2, M I D C, Chinchwad, ,  411019, 27730246460, 020-27478543",,,Pune,Maharashtra,,,,,,
2765,King Furnishings & Safe Co (Ndls),"53-B Rani Jhanshi Road -110055, 011- 23529235  M-09312980542, Kingfurnishing@yahoo.Com",,,Delhi,Delhi,,,,,,
2766,Kings Furnishing & Safe,,,,Delhi,Delhi,,,,,,
2767,Kiranti Exports,,,,Delhi,Delhi,,,,,,
2768,Kirlosker Oil Engine Limited,"Laxman Rao Kirlosker Road, Khadki -4111003, Mr Rahulgadade, 096570-02734",,,Pune,Maharashtra,,,,,,
2769,Kite Industries (Bom),"122, Ground Floor, Patil Compound,, Sec-24, Rabale, Navi Mumbai-400701",,27AARFK1867A1Z8,Mumbai,Maharashtra,400701,Mr. Vikas,9833200137,7506980075,kiteindustries17@gmail.com,
2770,Kiwi Enterprises,,,,Gurgaon,Haryana,,,,,,
2771,Kiwi Enterprises Pvt Ltd (423) (Ggn),"Plot No. 423, Pace City-2,, Sector-37, Gurgaon",,06AACCK5336L1ZE,Gurgaon,Haryana,,,,,bagproduction@kiwiindia.in,SBC-1200 less than 500 kg
2772,Kiwi Enterprises Pvt Ltd (Ggn),"Plot 734,Pace City- 2,Sector 37,, Gurgaon - 122001",,06AACCK5336L1ZE,Gurgaon,Haryana,,mr. Virender Sharma,0124-4594500,,accounts@kiwiindia.in,
2773,KJ Traders (Cnb),"80/88-E, Lautouche Road,, Kanpur-208001",AAAPQ2042C,09AAAPQ2042C1Z7,kanpur,Uttar Pradesh,208001,,,8400442599,kjtradersknp@gmail.com,
2774,KK Arts (Bom),"122 A/2 Shah and Nahar Industrial Estate, Dharam Raj Mill Compound Sj Marg Lower, Parel West Mumbai",,27AACCK7895C1Z9,Mumbai,Maharashtra,400013,,,,,
2775,K.K Impex (Ndl),,,,Delhi,Delhi,,,,,,
2776,K K Leather Impe,"Rz - 2802,  Gali No.31, First Floor,, Tuglkabad Extn., Delhi, Mr. Sumit -09654944515",,,Delhi,Delhi,,,,,,
2777,K K Leather Impex,,,,Chennai,Tamil Nadu,,,,,,
2778,K. K. Leather Mart (Agc),"C-73-77, EPIP, Shastripuram, Agra-282010",,09ABRPK3483B1ZH,Agra,Uttar Pradesh,282010,,,9917201999,kkleathermart@gmail.com,
2779,KLEARON (Sbc),"27, Subbalahna Playa,, 7th Cross Subbalahna Playa,, Banaswadi-560043, , Admin@klearon.Com",,,Bangalore,Karnataka,560043,,,,,
2780,KLENE PAKS LTD (Sbc),"7th Mile, Bannerghatta Road,, Near Arkere Gate, L&T South City Road, Bangalore - 560076",,29AAACK9426D1Z1,Bangalore,Karnataka,560076,Ms. Kamalavathi,8023148512,,info@klenepaks.com,exports@klenepaks.com
2781,K.L Enterprise,,,,Chennai,Tamil Nadu,,,,,,
2782,Klj Polymers & Chemical Pvt Ltd(Ndls),"Plot No. 63/19-20 Rama Marg, New Delhi, Sunitas@kljindia.Com",,07AAACK1314Q1ZI,Delhi,Delhi,,,,Sunitas@kljindia.Com,,
2783,K.L.J Polymers - Unit II,Silvassa,,,Delhi,Delhi,,,,,,
2784,KLODENNEX (Cnb),"133/111-112, Transport Nagar, Kanpur",,09AGXPA2312G1ZJ,kanpur,Uttar Pradesh,,,,7309639953,developments@klodennex.com,
2785,K Mohan & Company (Exports) Pvt Ltd (Sab),"NEW KHATA NO 53, SY NO 16/3 SHED A B and C, VEERASANDRA VILLAGE, HEBBAGODI POST HOSUR ROAD, BANGALORE 560100",,29AAACL9811H2ZB,Bangalore,Karnataka,560100,,,,,
2786,K Mohan & Company Exports Pvt Ltd (Sbc),"B1, 62/5, Begur Road,, Bengaluru, Karnataka 560 068,, 80-41967110, Info@kmohan.Com",,29AAACL9811H2ZB,Bangalore,Karnataka,560068,,,,,
2787,KMZ Impex,"No-225,K.K.Street,Basheerabad,, Muslimpur, Vaniyambadi.",,,Vaniyambadi,Tamil Nadu,635751,,,,,
2788,Kohli Leather Store (Ndls),"46/4771  -B Hardhiyan Singh Road, Karol Bagh New Delhi-110005",,07AAFFK8100N1Z7,Delhi,Delhi,,,,9811023242,kohli.leather.store@gmail.com,
2789,Kohli Trading Company (K B ),"46/4771-B H S Road, Karol Bagh New Delhi-110005",,07AAFFK8100N1Z7,Delhi,Delhi,,,,,,
2790,Kolkata Hide &Tanning Enterprises (Hwh),"Kolkata, Mr. Kamran-9836177058/9804032024/9836362871, Sumanaaman786@gmail.Com, Abescreation@outlook.Com",,,Kolkata,West Bengal,,,,,,
2791,Kon Cept India,,,,Delhi,Delhi,,,,,,
2792,Konez Leather Pvt Ltd (Hwh),"54, Bright Street,, Kolkata-700017",,,Kolkata,West Bengal,700017,,,9831440804,konez@in.com,
2793,Kotty in Lifestyle Pvt Ltd (Ndls),New Delhi,,07AAGCK0951K1ZF,Delhi,Delhi,,,,,,
2794,K P Enterprises,,,,Delhi,Delhi,,,,,,
2795,K P Enterprises (Agc),"38/204, Gopal Pura, Gawallor Road,, Agra-282001",,09ANYPK0056B1ZY,Agra,Uttar Pradesh,282001,,,9760691318,,
2796,K.P.K Enterprises,,,,Chennai,Tamil Nadu,,,,,,
2797,K.P.M Enterprise,,,,Chennai,Tamil Nadu,,,,,,
2798,K P N Industries (Sbc),"D 32 & D 31, Industrial Estate Bh Road, Bh Road, Tumkur - 572101, Opp. SIT",,,Bangalore,Karnataka,,Mr Mohamed Fazlulla,,"9008274777, 8162284730",,
2799,K.P.S Associates,,,,Agra,Uttar Pradesh,,,,,,
2800,Krafti Leather Trading Pvt Ltd (Hwh),"Plot-483, Zone-7,  Leather Complex, 9831279316, Leatherwiz@hotmail.Com",,,Kolkata,West Bengal,,Mr. Shakil Ahmed Proprietor,,9831279316,,
2801,Kraft International (N Delhi),"A-25, Mangeram Park, Budh Vihar, Phase-1, New Delhi",,07AAQFK9382H1ZN,Delhi,Delhi,,,,,,
2802,K.Ramesh Chand,,,,Agra,Uttar Pradesh,,,,,,
2803,Kranti Exports,,,,Delhi,Delhi,,,,,,
2804,"Krati Home Product, Faridabad","Plot Number 20, Galui No. 2, Pyala Road, Sikri, Ballabgarh
Faridabad - 121004, Haryana",,,Faridabad,Haryana,,,,,,
2805,K.Rayees Ahmed & Co,,,,Ranipet,Tamil Nadu,,,,,,
2806,Krishan Lal & Co,"1116/2, Hing Ki Mandi  Fort,, , Uttar Pradesh - 282003, 97601 33382/9897633382, Rickydhupar5@yahoo.Com",,,Agra,Uttar Pradesh,282003,,,,,
2807,Krish Enterprises,"77 C, Vasant Kunj,  - 110070, +(91)-11-26122310  +(91)-9313090159",,,Delhi,Delhi,,,,,,
2808,Krish Fashion Accessories,N ,,,Delhi,Delhi,,,,,,
2809,Krish Fashion Accessories ( Ndl ),N Delhi,,,Delhi,Delhi,,,,,,
2810,Krish Fashion Accessories ( Okhala),N ,,,Delhi,Delhi,,,,,,
2811,Krishiv Enterprises (NDLS),"No-B-68Sector 57, Noida-201301, Uttar Pradesh",,,Noida,Uttar Pradesh,,,,,,
2812,Krishiv International(Noida),"B-68 Sector -57 Noida, PH-4541799",,07AUIPM7033M1Z8,Noida,Uttar Pradesh,,,,,,
2813,Krishna Beads Industries (Bom),"Unit No-149, A-1, 1st Floor, Shah & Nahar, Industrial Estate, S J Marg, Lower Parel West,, Mumbai-400013",,27AABFK0881C1ZO,Mumbai,Maharashtra,400013,,,9110961426/7506756545,sourcing@krishnabeads.com,
2814,Krishna Beads Industries LLP (Noida),"Shop No-C-7,Industrial Area,, Lohia Road, C Block, Sector 63, Noida,, Uttar Pradesh 201301",,09AASFK3395C1ZY,Noida,Uttar Pradesh,,,,,stores@krishnabeads.com,
2815,Krishna Enterprise (Hwh),"7, Rabindra Sarani, Room No. 601(Top Floor), -700001, 9830217402/9874705540/22343631",,,Kolkata,West Bengal,700001,,,,,
2816,Krishna Industries  (N.Delhi),"Khasra No 7/12 -7/13, Nangloi Kirari Fatak , M-9871322778",,,Delhi,Delhi,,,,,,
2817,Krishna Leathers House ( Ndls ),"5266/8 Krishna Nagar, Karol Bagh  New Delhi-110005",,07ACZPA0468P1ZX,Delhi,Delhi,,,,,,
2818,Krishna Packaging (Ggn),"Palam Udyog B-26,, Gurgaon-122001",,06AAUPS4953N1ZO,Gurgaon,Haryana,122001,,,,,
2819,Krishna Printers (Ndls),"3517/7 1st Floor Qutab Rd, Sadar Bazar, Narain, Market, Sadar Bazaar, New Delhi, Delhi 110006",,07AMCPK0920B1ZT,Delhi,Delhi,110006,,,09810148996,krishnaprinter1986@gmail.com,
2820,Krishna Quinette Seats Pvt Ltd (Ggn),"Plot No. 424, Pace City-II, Sector-37  -122001 , 0124-3252041/43, Info@krishnaquinette.Com",,,Gurgaon,Haryana,122001,,0124-3252041/43,,info@krishnaquinette.com,
2821,Krishna Textiles,,,,Agra,Uttar Pradesh,,,,,,
2822,Krisshiv International (Noida),"B-69 Sector-60 Noida  U P 201301, PH NO-01204541799/800 M-09650598404  & 9910001788, WWW.Krisshiv.in",,09AFXPB1457N1ZT,Noida,Uttar Pradesh,,,,,,
2823,Krivi Clothing (Ndls),"A-30 Ganesh Nagar Near Tilak Nagar, Pillor Nagar No-537 New Delhi-110018, Ph-No-08920515353",,07BOEPS0274R1ZA,Delhi,Delhi,110018,,,,,
2824,Krone Corporation,,,,Delhi,Delhi,,,,,,
2825,Kross Leather Industries (Sbc),"Plot No.26, KIADB Indl. Area, Dasarahosahali, Bangarpet-563114",,29AAQFK6345N1ZF,Bangalore,Karnataka,563114,Mr. Santosh,,08296608466/9686788142,santosh@krossleather.com,
2826,Kross Marketing (Sbc),"Site No. 3, Maria Street, 3rd Cross,, Amrutha Layout, Marianpalya, Bangalore-24",,29AAQFK6345N1ZF,Bangalore,Karnataka,560024,Mr. Santosh,,08296608466/9686788142,aloysiussantosh@kamillo.in,
2827,Krrish Fashion Accessories,,,,Delhi,Delhi,,,,,,
2828,Krypton Industries Ltd Footwear Division (Hwh),"410, Vardaan Building, 25A Camac Street,  – 700 016, 33 2287-1367/1366, Krypton@vsnl.Com",,,Kolkata,West Bengal,700016,,,,,
2829,KSA International,Ambur,,,Ambur,Tamil Nadu,635802,,,,,
2830,Kshitis Maheshwari,"UM Lohia Two Wheelers Pvt Ltd, A-79, Okala, Dda Shed, Ind Aera, Phase-2, New Delhi-110020",,,Delhi,Delhi,110020,,,,,
2831,K.S International(Cnb),"Plot No.48, Gangapur, -208011, 9839638082, Mailme_ksinternational@rediffmail.Com",,,Kanpur,Uttar Pradesh,,,,,,
2832,KTA Leathers,"Periamet, Chennai.",,,Chennai,Tamil Nadu,,,,,,
2833,K.T.S.Polymers,N.Delhi,,,Delhi,Delhi,,,,,,
2834,KTS Polymers (Ndls),"J-288, Pocket-O, Sector-03,, DSSIIDC Bawana Industrial Area,, Bawana, New Delhi-110039",,07AAJPG2725K1ZP,Delhi,Delhi,110039,,,9911228884,ktspolymers@gmail.com,
2835,Kumar Exports (Ndls),"824/3/1 C Sukdev Nagar, Kotla Mubarakpur, New Delhi-110003, PH-9810103974",,07AAXPK4897Q1ZA,Delhi,Delhi,,,,,,
2836,Kumar Foot Joys,,,,Delhi,Delhi,,,,,,
2837,Kumar Foot Joyti Pvt Ltd (Ndls),"Plot No-118 Pocket-J Sector-03, Bawana Industrial Area",,07AACCK6952C2ZM,Delhi,Delhi,110039,,,9810658598,stepjoyshoes@gmail.com,
2838,Kumar Leather Corporation (Agc),", Uttar Pradesh",,,Agra,Uttar Pradesh,,,,,,
2839,Kunal Fabrics,,,,Hyderabad,Telangana,,,,,,
2840,Kunal Kumar,Mumbai,,,Mumbai,Maharashtra,,,,,,
2841,Kundan Leathers Pvt. Ltd (Agc),"Agra, Uttar Pradesh",,09AACCK7893E1Z5,Agra,Uttar Pradesh,,Mr. Manoj,,7088101079,accounts@kundanleathers.com,
2842,Kunvar Overseas,,,,Delhi,Delhi,,,,,,
2843,Kunvar Overseas (Ndl),"No-3/18 Kirti Nagar, Industrial Area, New Delhi-15",,07AAAFK6189Q1ZL,Delhi,Delhi,,,,,,
2844,Kunver Overseas (Ggn),"Plot No. 515, Phase-III, Udyog Vihar,, Gurgaon-122016",,06AAAFK6189Q1ZN,Gurgaon,Haryana,122016,,,,,
2845,Kunz Shoes,,,,Chennai,Tamil Nadu,,,,,,
2846,KVS Exim India Private Limited (Cnb),"HS-2, Krishna Puram,, Kanpur, Uttar Pradesh 208007",,,kanpur,Uttar Pradesh,208007,,,099199 77248,,
2847,K.V.T. Leathers,"No- 13, 3rd Cross Street, Chrompet,, Chennai",,33AAIFK7279H1ZO,Chennai,Tamil Nadu,600044,,,,,
2848,Labbaik International (Hwh),"11, E Topsia Rd, Mirania, Gardens, East Topsia, Topsia, Kolkata,, West Bengal 700046",,19AABFL3014G1ZP,Kolkata,West Bengal,700046,,033 2285 3502,,sales@labbaikint.com,
2849,LA Bella Bags ( Bom),,,,Mumbai,Maharashtra,,,,,,
2850,Labels & Accessories,,,,Agra,Uttar Pradesh,,,,,,
2851,Labour Craft Ltd ( Hwh ),"55/1/2, Sastitala Road,,  700011, INDIA., 33 23521206/23526517/9433010950, Sales@labourcraft.Com/services@labourcraft.Com",,,Kolkata,West Bengal,700011,,,9433010950,,
2852,Lace India,Noida,,,Noida,Uttar Pradesh,,,,,,
2853,Lakshmi Global Impex Inc (Ndls),"11nd Floor Novelty Chamber,T-564 Chamellan Road, Sader Bazar Delhi-110006",,07AAUPS9674A1Z1,Delhi,Delhi,110006,,,,,
2854,Lakshmi Handicrafts,"37 B, Udyog Vihar Phave VI,, Gurgaon-122001",,06AAAFL2749P1ZY,Gurgaon,Haryana,122001,,"124-4284000, 4284021",,upiplani@vsnl.com,upiplani@crewelleather.com
2855,Lala And Sons,Jaipur,,,Jaipur,Rajasthan,,,,,,
2856,Lamba Footwear Industries (Agc),"Khasra No. 238-239, 11 Km. Milestone,, Artoni, Sikandra, Agra-282007",AADFL0726D,09AADFL0726D2ZO,Agra,Uttar Pradesh,282007,Mr. Umakant Verma,9927464093,9837154978,purchase@lamba-group.com,
2857,LA MERE SHOES PVT LTD (BOM),"B-701, BLDG - 2, N.G. SUNCITY LAYOUT, PHASE 1 CHS LTD., KANDIVALI - EAST,  - 400101, Lamere@live.Com",,,Mumbai,Maharashtra,,,,,,
2858,Lari Tanners (Cnb),"D-15, Defence Colony,, Jajmau, Kanpur-208010",,09AFWPA2930E2ZH,kanpur,Uttar Pradesh,208010,,9237538305,,laritanners@gmail.com,
2859,Lartisan Products (Ggn),"Plot No. 365, Phase-6, Udyog Vihar Sector-37, Gurgaon",,06AFAPM5726L1ZB,Gurgaon,Haryana,,Mr. Yogesh,,9871099788,yogesh.porwal@lartisanproducts.com,admin@lartisanproducts.com
2860,L Artison Design ( Ggn ),"242, Phase-II, ",,,Gurgaon,Haryana,,,,,,
2861,Lasya Footwear (Bom),"8,Desai Colony,Ganesh Nager,Nr.Rawalpada, Nr W.E.Highway, Dahisar(East) , 400068, 9987088838, Lasyafootwear@gmail.Com",,,Mumbai,Maharashtra,,,,,,
2862,Laxman Parmar (New Delhi),"E-51Street No-17A Sadh Nagar, Palam Colony -110045, Email Prmrlxmn@gmail.Com, Mob.888238004",,,Delhi,Delhi,,,,,,
2863,Laxman Singh Leather (Ndls),"Karol Bagh, New Delhi",,07BJIPR2621A1ZL,Delhi,Delhi,,,,,,
2864,Laxmi Apparels (Ggn),"Sector 14 -NCR - Sondhi And Sons Modern City, Gurgaon Sector 14, TNG Station Gurgaon, 7296905306",,,Gurgaon,Delhi,,,,,,
2865,Laxmi Global Impex Inc,"Novelty Chember Office, No-3 Sader Bazar Old Delhi-110006",,07AAUPS9674A1Z1,Delhi,Delhi,110006,,,,,
2866,Laxmi Traders,,,,Agra,Uttar Pradesh,,,,,,
2867,L C Enterprises (Noida),"C-120, Sector 65, Noida, Uttar Pradesh-201301",,09AACCL1803D1Z0,Noida,Uttar Pradesh,201301,,,09650899496,,
2868,L.C Leather Tex Corp.(Ndls),255 Okhla Industrial Estate Phase -110020,,,Delhi,Delhi,110020,,,,,
2869,L D Chemicals Pvt Ltd (Cnb),"417-D, Defence Colony,, Jajmau, -208010, 9839609403, Dcshukla@hotmail.Com",,,Kanpur,Uttar Pradesh,,,,,,
2870,Leapro Inc,"No-13/56,  J S S Street, Chennampet,, Vaniyambadi",,,Vaniyambadi,Tamil Nadu,635751,,,,,
2871,Leather 'N' Leather (Hwh),,,,Kolkata,West Bengal,,,,,,
2872,Leather Adjo (Hwh),Kolkata,,,Kolkata,West Bengal,,,,,,
2873,Leather Age (HWH),"Address: Paddapukur Rd, Bhowanipore,, Kolkata, West Bengal 700025",,,Kolkata,West Bengal,,,,,,
2874,Leather and Co (Hwh),"61G, Golam Jilani Khan Road,, Kolkata-700039",,19BPOPA4850C1Z0,Kolkata,West Bengal,700039,,,9143219955,,
2875,Leather Byte,"Chrompet, Chennai",,,Chennai,Tamil Nadu,,,,,,
2876,Leather Club (Bom),"Plot No 21, Kamruddin Industrial Estate, Andheri, Kurla Road, Andheri East,  - 400072, 9867952915, 7045584007, Rahulpote931@gmail.Com",,,Mumbai,Maharashtra,,,,,,
2877,Leather Craft International  (Cnb),"158 Tiwaripur 1st Opp Majdoor Kissan, Jajmau, Kanpur-208010",,,kanpur,Uttar Pradesh,208010,Mr. Kunal Bhai,,9839651476,,
2878,Leather Creations (Hwh),"232/1, Tiljala Road,, Kolkata-700046",,19ADMPA3319D1ZW,Kolkata,West Bengal,700046,,,9831034453,leathercreation232@gmail.com,
2879,Leather Deals (Ggn),"Plot No-712 I, Sector 37,  - 122001, +(91)-124-3263545, 09557281116",,,Gurgaon,Haryana,,,,,,
2880,Leather Ebsc,Noida,,,Noida,Uttar Pradesh,,,,,,
2881,Leather Edge,Noida,,,Noida,Uttar Pradesh,,,,,,
2882,Leather Edge ( Noida ),E-22 Sector -63 Noida 201301,,09AATCS4232J1ZU,Noida,Uttar Pradesh,,,,,,
2883,Leather Exim (Cnb),"63-A, 150, Feet Road Jajmau,, Kanpur - 208010 U P",,09AACFL6006B1ZT,kanpur,Uttar Pradesh,208010,,7976739594,7678894012,leather_exim@yahoo.com,
2884,Leather & Fashion Technology ( Ndls ),"458/1, Chirag , Near Hanuman Mandir, ",,,Delhi,Delhi,,,,,,
2885,Leather House,,,,Chennai,Tamil Nadu,,,,,,
2886,Leather Hub (Cnb) Prop. Assad Rafe,"277/269, Dargah Sharif Jajmau,, Kanpur-208010, Uttar Pradesh, India",,09AHLPR6235N1ZJ,kanpur,Uttar Pradesh,208010,,,7054106444,accounts@leatherhubcompany.com,
2887,Leather Hub (Hwh),,,,Kolkata,West Bengal,,,,,,
2888,Leather Image (Hwh),"61X, Topsia Road,, -700039, 9831036486, Leatherimage1@yahoo.Co.in",,,Kolkata,West Bengal,700039,,,,Leatherimage1@yahoo.Co.in,
2889,Leather Karft (Cnb),,,,Kanpur,Uttar Pradesh,,,,,,
2890,Leather King ( Hwh ),"69, Topsia Road, Topsia,  – 700 035, 0-33 2524 1124",,,Kolkata,West Bengal,,,,,,
2891,Leather Kraft International (Cnb),"102/88 Wazidpur Jajmau, -208007, 09839651476\0512-2514475, Kunal51jaiswal@gmail.Com",,,Kanpur,Uttar Pradesh,208007,Mr. Kunal Jaiswal,,09839651476,kunal51jaiswal@gmail.com,
2892,Leather Land (Hwh),"8, Kustia Road, Kolkata-700039, 9674494929,9804864405",,19AQQPA1539G1ZT,Kolkata,West Bengal,700039,,,,,
2893,Leather Line,,,,Chennai,Tamil Nadu,,,,,,
2894,Leather Linkers Footwear Pvt. Ltd. (Agc),"D-30, UPSIDC, Industrial Area,, Site-C, Sikandra, Agra - 282 007",AAACL6746P,09AAACL6746P1ZT,Agra,Uttar Pradesh,282007,Mr. Lalit Arora,0562-6454999,9997722871,linkersacct@gmail.com,
2895,Leather Link Inc (Ggn),"FF - 302 E, Sushant Arcade,, Sushant Lok I, Gurgaon - 122002, Haryana Near Park Plaza Hotel",,,Gurgaon,Haryana,122002,,,7838384408,,
2896,Leather Mart(Hwh),"B/14h/4,Bib, Bagan Lane, Kolkata-700015",,19AFYPA2912G1ZD,Kolkata,West Bengal,700015,,,,,
2897,Leather Online Private Limited (Cnb),"Commerce Center 402-403, 4th Floor 14/145, Chunni Ganj Kanpur, Uttar Pradesh",,09AABCL1700E1Z3,kanpur,Uttar Pradesh,208001,,,,,
2898,Leather Pavilion (Cnb),"J 2/52  Vijay Nagar, Kanpur",,09AFFPB4974C2ZL,kanpur,Uttar Pradesh,208005,,,,,
2899,Leather & Shoes  India Pvt Ltd  ( Hwh ),,,,Kolkata,West Bengal,,,,,,
2900,Leather Talks (Hwh),"D-5, A.C. Market, 1, Shakespeare Sarani,, Kolkata-700071",,19ACHPJ2536M1ZA,Kolkata,West Bengal,700071,Mr. Rakesh Talwar,33-40085411/8910080894,9871211330,accounts@leathertalks.com,
2901,Leather Talks ( Ndls ),"Shop No. 169, Palika Bazar, New Delhi - 110001",,07ACHPJ2536M1ZF,Delhi,Delhi,110001,Mr.  Rakesh Talwar,,9871211330,,
2902,Leather Tech Associates (Cnb),"601, Ashray Apartments, 7/115, Swaroop Nagar,, -208002, 9336348668, Raviraina53@gmail.Com",,,Kanpur,Uttar Pradesh,,Mr. Ravi Raina,,9336348668,raviraina53@gmail.com,
2903,Leather Tech Exports,"No;44, Kattur Sadayapan Street, Periamet,, Chennai-600003",,33ARQPA8193D1ZR,Chennai,Tamil Nadu,600003,,,,,
2904,Leather Tech Fashions,,,,Vaniyambadi,Tamil Nadu,,,,,,
2905,Leather Tech (Ndls),"F-50, Okhla Industrial Area,, Phase-I, New Delhi-110020",,07AAAFL1041J1ZP,Delhi,Delhi,110020,,,,,
2906,Leather Techno Industries (Bom),"No. 14, Om Dutta Co - Operative Housing Society,, Sion Bandra Link Road,, Kalakilla,Dharavi Mumbai - 400 017",,27AEOPG4836L1Z0,Mumbai,Maharashtra,400017,Mr. Vishal,22-24090845,9773187335/9820239016,leathertechno@yahoo.co.in,vishal@leathertechno.com
2907,Leather Technology - International (Ndls ),New Delhi,,,Delhi,Delhi,,,,,,
2908,Leather Trend (Agc),"Khasra No. 550, Artoni Agra Mathura Road,, NH-2, Agra, Uttar Pradesh",AAGFL0992C,09AAGFL0992C1ZC,Agra,Uttar Pradesh,,Mr. Amit Yadav,562 4017900,9808385835,purchase@leathertrend.net,
2909,Leather Ultimate (Hwh),"Kolkata, West Bengal",,,Kolkata,West Bengal,,,,,,
2910,Leatherware (Cnb),Kanpur,,09ACGPH2748Q1Z0,kanpur,Uttar Pradesh,208010,,,,,
2911,Leatherways India (Ndls),"5515/74, Regharpura, Karol Bagh,, -110005, 9810095616",,,Delhi,Delhi,110005,,,,,
2912,Leather World Wide (Ggn),"Plot No.18 VI, Udyog Vihar, Sector-37, ,  122002, 0124-4283957/958",,,Gurgaon,Haryana,122002,,,,,
2913,Leatherz International (Agc),"U G-6 Ganesh Tower Near Bhawna Hotel,, Kailash Vihar Road -282007, 9897091883",,,Agra,Uttar Pradesh,,,,,,
2914,L.Eau.Bleue Ltd,Chennai,,,Chennai,Tamil Nadu,,,,,,
2915,Leayan Global Pvt Ltd (Cnb),"198-B & 183-B/1, Dada Nagar,, Kanpur, U P",,09AABCL8692B1ZC,kanpur,Uttar Pradesh,,,,,rajesh.dwivedi@redchief.co.in,
2916,Leder Concepts (Noida),"C-40 ISt Floor Sec-65, Noida-201301",,09AACFL9032B1ZL,Noida,Uttar Pradesh,,,,,,
2917,Lederman Exports Pvt Ltd (Hwh),"71/1A/H/8/1 , Tiljala Road,, Kolkata - 700076",,19AAACL8606L1Z5,Kolkata,West Bengal,,Mr. Asad,,9007571688,lederman_exportspvt@yahoo.com,
2918,Leder N Sole,,,,Ambur,Tamil Nadu,,,,,,
2919,Ledertech (Hwh),"33B, Hindusthan Road,, Kolkata-700029",,19BHAPD7128Q1ZY,Kolkata,West Bengal,700029,,,9051280914,ledertechin@gmail.com,
2920,Leeza Lifestyle Pvt. Ltd. (Ggn),"B-62, Surya Vihar, Near Sec-4, Police Station, Gurgaon-122001",,06AADCL4067A1ZX,Gurgaon,Haryana,122001,Mr. Sanchit,,7988756630,,
2921,L & E India Pvt Ltd (Agc),"Plot No-518 Opposite Sherganj Dargah, Next to Emco Exports Mathura Highway, Agra",,09AABCL2721P1Z9,Agra,Uttar Pradesh,600040,Mr. Vipin,,8630755196,deepak@le-intl.com,
2922,Leiner Shoes,,,,Delhi,Delhi,,,,,,
2923,Leiner Shoes P Ltd,Noida,,,Noida,Uttar Pradesh,,,,,,
2924,Leiner Shoes Pvt Ltd (Agc),"A-7,8,9, EPIP, Shastripuram, Sikandra,, Agra-282007",AAACL7599L,09AAACL7599L1ZO,Agra,Uttar Pradesh,282007,Mr. Sandeep Agarwal,"9927793236, 0562-2640512",,accounts.agra@leinershoes.com,admin.agra@leinershoes.com
2925,Leiner Shoes Pvt Ltd ( Noida ),"B-19, Hosiery Complex, Noida Extension, Noida-201305",,09AAACL7599L1ZO,Noida,Uttar Pradesh,201305,,120-2461494,,accounts@leinershoes.com,
2926,Le Mak Exports Pvt Ltd (Cnb),"Kanpur-017, Uttar Pradesh",,09AADCL0855C1ZP,kanpur,Uttar Pradesh,,,,9637538876,kushaldodwani34@gmail.com,
2927,Levi Strauss (India) Pvt Ltd (Sbc),"Sjr Cyber, 22, Hosur Road,, Bangalore, Karnataka-562107, MSunder@LEVI.Com",,,Bangalore,Karnataka,562107,Mr. Sunder,,9342132634,msunder@levi.com,
2928,Lewo Impex Pvt Ltd (Ggn),"43, Pace City -1, Sector-37,, Gurgaon-122001",,06AABCL0234F1Z4,Gurgaon,Haryana,122001,,124 428 3957 /58,,lww@lewogroup.com,shreya.s@lewogroup.com
2929,Lex Boots (Cnb),"113/36-A, Swaroop Nagar,, Kanpur - 208002, U. P.",AAACL9654N,09AAACL9654N1ZS,kanpur,Uttar Pradesh,,512-2214602,9839085454,,lexintnl@sancharnet.com,
2930,Lex International Pvt Ltd (Cnb),"113/36-A, Swaroop Nagar,, Ashok Motors Petrop Pump, Kanpur-208002",AAACL9654N,09AAACL9654N1ZS,kanpur,Uttar Pradesh,208002,512-2520186,,,lexintnl@sancharnet.in,
2931,LexisNexis (A Business Vertical of RELX India Pvt Ltd),"14th Floor, Tower B, Building # 10,, DLF Cyber City, Phase-II,, Gurgaon-122002, Haryana (India)",AAACR4727J,06AAACR4727J2ZB,Gurgaon,Haryana,122002,Mr.Vikas Kadam,124-4774462/4444,9971799313,vikas.kadam@lexisnexis.com,
2932,Lexten International,,,,Kolkata,West Bengal,,,,,,
2933,Lexten International (Hwh),"22/3/B, Bright Street,,  - 700017, 9674488480/9831267665/9810040253",,,Kolkata,West Bengal,,"Mr. Mehta, Mr. Anwar, Mr. Zaifer",9674488480/9831267665,9810040253,,
2934,L G Balakrishan & Bros Ltd (Ggn),"Plot No. 17, Sector-3 IMT Manesar, Gurgaon-122050",,06AAACL3740P1ZB,Gurgaon,Haryana,122050,,,,,
2935,Lifestyle 360 Degree Pvt. Ltd. (Ggn),"LG-11, Grandmall M.G. Road  - 122001, , Bouajeechoudhary@gmail.Com",,,Gurgaon,Haryana,122001,,,,,
2936,Liffa Exports,,,,Chennai,Tamil Nadu,,,,,,
2937,Linkwell Enterprises (Ggn),"Plat No.-547.G, Phase City - 2 Sector - 37, ",,,Gurgaon,Haryana,,,,,,
2938,Lintex Agencies,Chennai,,,Chennai,Tamil Nadu,,,,,,
2939,Lion Polymers LLP,"No. 20, Jigani Link Road, Bommasandga Jigani,, Industrial Area, Hulimangala Hulimangala , 	kandoi@vsnl.Com",,,Bangalore,Karnataka,,,,,,
2940,Lippy Shoes,,,,Agra,Uttar Pradesh,,,,,,
2941,Lippy Shoes (Aug),,,,Agra,Uttar Pradesh,,,,,,
2942,Li Wei Seong & Brothers (Hwh),"12 Lower Range , Kolkata-700017",,19AAAFL9714E1ZB,Kolkata,West Bengal,700017,,033-22870775,,lwbros@gmail.com,
2943,LMS Gani & Co,Chennai,,,Chennai,Tamil Nadu,,,,,,
2944,L M S Gani Mohd & Co,,,,Chennai,Tamil Nadu,,,,,,
2945,Logwell Forge Ltd (Ggn),", ",,,Gurgaon,Haryana,,,,,,
2946,Lords Plastics Industries,Chennai,,,Chennai,Tamil Nadu,,,,,,
2947,L P S Bossard Pvt Ltd ( Rohatak ),"Nh - 10  Kharawar By Pass, Rohatak ( Haryana )",,,Delhi,Delhi,,,,,,
2948,LR Artisan Desing,,,,Gurgaon,Haryana,,,,,,
2949,L R Moulds Pvt Ltd ( Cnb ),"D-3/B, Site-V, Panki Industrial Area,, Kanpur - 208002",,09AAACL6422G1ZN,kanpur,Uttar Pradesh,208002,,512-2230833,9918003175/87,accounts@lrmoulds.com,
2950,L.S.Engg Works,,,,Delhi,Delhi,,,,,,
2951,Lubna Enterprises,,,,Chennai,Tamil Nadu,,,,,,
2952,Lucky Industries (Ndls),"C-1243, Street No. 5-3, Rishi Kardam Marg,, Chuhan Banger, -110053, 9312701082/9311013777",,,Delhi,Delhi,,,,,,
2953,Lucky Plastic (Ndls ),,,,Delhi,Delhi,,,,,,
2954,Lupine Designs (Sbc),"No.171  5th Cross,2nd Main,RHB Colony,Mahadevapura Extn, White Field Road,Bangalore",,29AFUPK7934G1ZQ,Bangalore,Karnataka,560048,,,,,
2955,Luthra Overseas  (Agc),"B-25, EPIP Shatripuram UPSIDE, Agra-282007",AAOPL0860H,09AAOPL0860H1ZI,Agra,Uttar Pradesh,282007,,,,sourceing@gmail.com,
2956,Luxor Writing Instruments Pvt Ltd ( Noida ),"Plot No 40, Phase II, Hsoiery Complex, Noida",,,Noida,Uttar Pradesh,,,,,,
2957,M3 International (Hwh),"10B, Tiljala Shibtala Lane,, Kolkata-700039",,19AJLPA7103Q1ZV,Kolkata,West Bengal,700039,,,8420222470,moshirahmed786@gmail.com,
2958,Maa Sarswati Enterprises (Cnb),"Kanpur, Uttar Pradesh",,,kanpur,Uttar Pradesh,,,,,,
2959,Maas Creations,,,,Chennai,Tamil Nadu,,,,,,
2960,Maawa Leathers,"No. 7, Alangayam Road Cross, Perumalpet,, Vaniyambadi",,,Vaniyambadi,Tamil Nadu,635753,,,,,
2961,Mac International (Cnb),"88/486 Coclus Compound, Dalez Purwa Chamanganj, -208010, 9810225953",,,Kanpur,Uttar Pradesh,,,,,,
2962,M A C Pari Shoes,,,,Ambur,Tamil Nadu,,,,,,
2963,Mac Printing Solutions (Ndls),"D-36 DSIDC Packaging Complex, Kirti Nagar, Delhi - 110015, M-9911127408/ 9910424380, Mac Printing Solotions@Yohoo.in",,07AAKCM4334L1Z6,Delhi,Delhi,,,,99983059/7838473211,,
2964,Mac Printings Solutions,,,,Delhi,Delhi,,,,,,
2965,Madhavi Wadkar Pvt Ltd (Bom),,,,Mumbai,Maharashtra,,,,,,
2966,Madhu Jain,"No- 801, Beach Wood Towers, Yari Road', Versova, Andheri West, Mumbai",,,Mumbai,Maharashtra,400061,,,,,
2967,Madhukar Fashion,,,,Delhi,Delhi,,,,,,
2968,Madhukav Fashions Pvt Ltd ( N Delhi ),"66 B-C 1, Mayur Vihar, Phase-III,, New Delhi-110096",,07AAFCM3093F1ZI,Delhi,Delhi,110096,,,,,
2969,Madhus Dresses (Sbc),"4th Block, 9th Cross, Jaya Nagar,, Bangalore-560041",,29ACGPM5627H1ZC,Bangalore,Karnataka,560041,,,8073710966,,
2970,Madras Leather (Delhi),5331/67 Dev Nagar  Karol Bagh New Delhi-110005,,07AAAFM5269K1Z0,Delhi,Delhi,110005,,28726430-28721676,09811034195,madrasleather@yahoo.com,
2971,Madura Garments,"Gopalan Innovation Mall, Bannerghatta Road, Bangalore,, Main Rd, 3rd Phase, JP Nagar, Bengaluru, Karnataka 560078, Phone: 076767 61010",,,Bangalore,Karnataka,,,,,,
2972,Madura Insole Sheet,,,,Agra,Uttar Pradesh,,,,,,
2973,M.A.EXPORTS (Hwh),"1st Floor,59 J, G.J.Khan Road,Topsia, -700039 ,, 33-2345 7585/9831082045, Admin@ma-Exports.in",,,Kolkata,West Bengal,700039,,,,,
2974,Maf Clothing Pvt Ltd (Sbc),"Adakamaranahalli, Makali Post,, 21st KM of Tumkur Road, Bangalore-562123",,29AAFCM8114M1Z1,Bangalore,Karnataka,562123,,,9538148513,faizal@mafclothing.com,
2975,Mag International,,,,Chennai,Tamil Nadu,,,,,,
2976,Magma Leathers (Noida),"B-129, Sector-67, Noida, U.P., M 7834923191 7838176087",,09AFYPA6738C1Z6,Noida,Uttar Pradesh,,,,,,
2977,Magnacool Engineers (Sbc),"366, 3rd Floor, KMP Arcade,, R.T. Nagar Main Road, Above Sangeetha, Showroom, Bangalore-560032",,29ANJPD9569K1Z7,Bangalore,Karnataka,560032,Mr. Venkat,,7022035207,layeequa@magnacool.net,
2978,Magnum Footwear,,,,Agra,Uttar Pradesh,,,,,,
2979,Magnum Footwear Pvt Ltd (Agc),"11th Km, Agra Mathura Road, Sikandra,, Agra - 282007 U P",,09AAGCM8057J1ZY,Agra,Uttar Pradesh,282007,Mr. Ashok Sharma & Mr. Ahuja,9720105777,9927100056,accounts@magnumfootwear.in,
2980,Magnum Products (Agc),"207/A, Nehru Nagar, Behind Bhagwan Talkies,, -282002, 9557251236/562-2362221/2269229",,,Agra,Uttar Pradesh,282002,,,,,
2981,Magppie Liwing Pvt Ltd (Ggn),"Plot No-215 Sector -4 Imt Manesar, Gurgaon-122050",,06AAICM7073L1Z0,Gurgaon,Haryana,122050,,,9711008768,,
2982,Mahalaxmi,,,,Mumbai,Maharashtra,,,,,,
2983,Maha Leathers,,,,Chennai,Tamil Nadu,,,,,,
2984,Maha Maya Moulded,,,,Delhi,Delhi,,,,,,
2985,Mahamaya Moulded Counters ( Noida),"C 299,  Ground Floor,  Sector  - 10,  Noida",,,Noida,Uttar Pradesh,,,,,,
2986,Mahavir Fashion Pvt Ltd (Bom),"408, Chintamani CHS, Kulkarni Marg, Mulund East, Mumbai-400081",AAGCM4807J,27AAGCM4807J1ZA,Mumbai,Maharashtra,400081,Mr. Sanjay Shah,,8049471370,adeshwarexport@gmail.com,
2987,Mahavir Spinfab Pvt Ltd ( Cnb ),"Plot No. 5 & 6, 14/75, 2nd Floor,, Opposite United Public School,,  - 208001 U P, 512 3051748, Info@msfgroup.in",,,Kanpur,Uttar Pradesh,208001,,,,info@msfgroup.in,
2988,Mahavir Traders (Agc),"11/48H/P/1B/A,Nagla Chandra,Trans Yamuna Colony,, Agra-282006",,09ADSPT3839R1Z6,Agra,Uttar Pradesh,282006,,,9837161477,srivastava2119@gmail.com,
2989,Maher Soft Technologies Pvt Ltd (Bom),"Gala No.35, 2nd Floor, Rocky Co-Operative, Industrial Estate Ltd.,, Building No.1,, I. B. Patel Road, Goregaon East,, Mumbai, Maharashtra 400063",,27AAJCM1930D1ZQ,Mumbai,Maharashtra,400063,,,,,
2990,Mahmood Creation (Hwh),"Flat No. 2nd & 3 Rd,, Floor Block-B, Ashiyana Appts. 59-B,, G.J. Khan Road, Kolkata-700039",,19BJPPK9785B1ZJ,Kolkata,West Bengal,700039,Mr.M A Khan,,7044480786,khanbani@rediffmail.com,
2991,Maideen Leathers,"No- 146, M.B.T. Road, First Cross, V.C Mottur,, Ranipet",,33AAOFM3006E1ZP,Ranipet,Tamil Nadu,632401,,,,,
2992,Majestic Leather Exports,"101, 112, Sidco, Sipcot,, Ranipet,",,,Ranipet,Tamil Nadu,,,,,,
2993,Malhotra Leather Export Pvt Ltd (Noida),A24 Sector-67 Noida,,09AAHCM8876A1Z5,Noida,Uttar Pradesh,,,,,,
2994,Malika International (Ndls),"E - 578, Greater Kailash - II, Savitri Marg,, -110048, 9311155195",,,Delhi,Delhi,110048,,,,,
2995,Malik Bhai (Hyb),,,,Hyderabad,Telangana,,,,,,
2996,Malik Company (Cnb),"133/241 Transport Nagar Transport Nagar, Cooperganj ,  208023, 512 253 0861",,,Kanpur,Uttar Pradesh,208023,,,,,
2997,Malik International (Ndls),"2147, 3rd Floor,, Sadar Bazar, New Delhi-110006",,07AYQPM2426A1ZM,Delhi,Delhi,110006,,,,,
2998,MALIK LEATHER CRAFTS P LTD,PONDICHERY,,,Puducherry,Puducherry,,,,,,
2999,Malik Leather House  (Karol Bagh),"4733/1 Hardian Singh Road, Ragerpura Karol Bagh, New Delgi-110005",,07AOMPM4842G1ZQ,Delhi,Delhi,110005,,,,,
3000,Maliks Export Pvt Ltd (Bom),"Marwah Complex 4, Krishanal Marwah Marg,, Opp. Tata Power, Andheri East,, Mumbai-400072",,27AAACM7248K1Z5,Mumbai,Maharashtra,400072,,22-66924643,,cs@maliksexport.com,
3001,Maliks Traders (Bom),"Plot No. 98, Marol Co-Operative Industrial Estate, Andheri East, Kurla Road, Mumbai-400059",,27AAEFM4126H1ZF,Mumbai,Maharashtra,400059,,22-28503526/27,,maliks@bom5.vsnl.net.in,
3002,Maliks Traders (Cnb),"123/383, Fazal Ganj, Kanpur-208005",,09AAEFM4126H1ZD,kanpur,Uttar Pradesh,208005,Mr. Amit Shukla,9935863235,9956218897,kanpur@malikstraders.com,
3003,Malik Tanning Industries (Ndls),"Wz-114B, Todapur, New Delhi-110012, 9810337946/11-25844780",,07AFPPK0642C1ZQ,Delhi,Delhi,110012,,,,,
3004,Malik Tanning Industries (Noida),"B-47 Sector-57 Noida, Uttar Pradesh",,09AFPPK0642C1ZM,Noida,Uttar Pradesh,201301,,,,,
3005,Mallcom India Ltd. (Hwh),"EN-12, Sector-V,, Salt Lake,  700 091, 09836061663/9830974300, Sales@mallcom.in",,,Kolkata,West Bengal,700091,,,,,
3006,Mallick Mill Enterprises  ( Hwh ),"6A, Raja Subodh Mullick Square, 7th - Floor, -700013, 033-2221-5294.",,,Kolkata,West Bengal,,,,,,
3007,Mall of India,"Shop No-A-- 128, Grount Floor, Noida",,,Noida,Delhi,,,,,,
3008,Malwa Footwear,,,,Ambur,Tamil Nadu,,,,,,
3009,Malwa Footwear Components (New Delhi),"C-299 Sec-10, Noida",,,Noida,Uttar Pradesh,,,,,,
3010,Manav Leather Corporation (Karolbagh),"Hardhyan Singh Road Beadon  Pura, Karol Bagh New Delhi-100005",,07AAWFM0776B1Z3,Delhi,Delhi,110005,,,,,
3011,Manav Leather Corporation (K B),"3017/38, Hardhyan Singh Road, Karol Bagh, New Delhi-110005",,07AAWFM0776B1Z3,Delhi,Delhi,110005,,,,,
3012,Manav Leather Corporation ( Ndls ),"3017/38 H S Singh Road Koral Bagh, New Delhi-1110005",,07AAWFM0776B1Z3,Delhi,Delhi,,,,,,
3013,Mandeep Singh,,,,Hyderabad,Telangana,,,,,,
3014,Mane Pally Jewellers,,,,Hyderabad,Telangana,,,,,,
3015,Manglam Arts (Jaipur),"3-14, Fci Godown, Durgapura Station Road, Opposite, Dalda Factory, Durgapura, Jaipur, Rajasthan 302018",,08AABFM9591K1ZO,Jaipur,Rajasthan,302018,Mr. Rupender Goyal,,9887261061,rupendra@manglam.com,
3016,Mani Leather,,,,Vaniyambadi,Tamil Nadu,,,,,,
3017,Manish,,,,Delhi,Delhi,,,,,,
3018,Manish Ashdir,,,,Chennai,Tamil Nadu,,,,,,
3019,Manish Bhai (Sbc),"No.9, Mrs Lane, Bale Pet Cross,, Opp. Malabar Hotel, , 9341066900/9535885532",,,Bangalore,Karnataka,,,,,,
3020,Manish Gupta ( Ndl ),,,,Delhi,Delhi,,,,,,
3021,Manish Mehra,Delhi,,,Delhi,Delhi,,,,,,
3022,Manish Vinyls Pvt Ltd,Chennai Trade Center,,,Chennai,Tamil Nadu,,,,,,
3023,Manjushree Technopack Limited (Sbc),"60E &F, Bommasandra Industrial Area, Hosur Road,, Bengaluru, Karnataka 560099",,29AAACM9418K1Z1,Bangalore,Karnataka,560099,Mr. Vijay,9379913008,9379192199,info@manjushreeindia.com,vijaygogte81@gmail.com
3024,Manohar Filaments Pvt Ltd (Ndls),", 011-47030300",,,Delhi,Delhi,,,,,,
3025,Manoj Kumar,,,,Delhi,Delhi,,,,,,
3026,Manoj Kumar Mal (Ndl),,,,Delhi,Delhi,,,,,,
3027,Mantra Fashion (Noida),"C-166 Sector-63, Noida",,,Noida,Uttar Pradesh,,,,,,
3028,Manufex India,,,,Agra,Uttar Pradesh,,,,,,
3029,Manufex (India) (Agc),"S B Industries Compound Kailash Road,, Near Sikandra, Agra-282007",,09AAGFM8875K2ZF,Agra,Uttar Pradesh,282007,,,,accounts@manufexindia.com,
3030,Manvi Exports  (Hwh),"40, Syed Amir Ali Avenue,  - 700017, Gautam.Manviexports@gmail.Com, Sangeet@manviexports.Com",,,Kolkata,West Bengal,700017,,,,,
3031,Maple Accessories Pvt Ltd (Hwh),"Village & Post - Islampur,, Kolkata, West Bengal",,19AAECM9127F1ZB,Kolkata,West Bengal,,,,9331270360,accounts@maple-accessories.com,
3032,Maple Exports Pvt Ltd (Hwh),"83/2/1 Topsia Road (South) 9th Floor, Continental Building Kolkata",AABCM7804J,19AABCM7804J1Z9,Kolkata,West Bengal,700046,,,9831020052,bs@mapleexports.net,
3033,Mapsko Shoes Pvt Ltd (Ggn),"Plot No-141, Sector -4,IMT, Manesar,, Gurgaon-122050",,06AAECM7315F1ZO,Gurgaon,Haryana,122050,,,9911644053,,
3034,Maps Overseas ( Noida ),"D - 15/  Sector 3,  Noida, Mapsoverseas@yahoo.Co.in",,,Noida,Uttar Pradesh,,,,,,
3035,Marc Books (Noida),"E-155 Ground Floor, Sector-63, Noida",,,Noida,Uttar Pradesh,,,,,,
3036,Marchers International,"48-Sab Mall, Sec-27,Noida, 9990961007",,,Noida,Uttar Pradesh,,,,,,
3037,Marchers International Ltd,"48-Sab Mall Sec-27, Noida, M-9990961007",,,Noida,Uttar Pradesh,,,,,,
3038,Marcstory Venture Ltd (Hwh),", ",,,Kolkata,West Bengal,,,,,,
3039,MAR Enterprises (Agc),"6/ 281, Rani Walaghera, Beleganj,, Agra--282004",,09ABFPM3778B1ZL,Agra,Uttar Pradesh,282004,,9847031171,9997371171,amanmittal.mar@gmail.com,
3040,Maria International (Cnb),"19   jajmau Kanpur, 208010",,09AASFM6717G1ZS,kanpur,Uttar Pradesh,208010,,,,,
3041,Mariam Exports,,,,Kolkata,West Bengal,,,,,,
3042,Mariam Trading Company (Hwh),"Kolkata, West Bengal",,19ABBPH6894F1ZE,Kolkata,West Bengal,,,,9804567064,hakimbhai998@gmail.com,
3043,Mari Leather,,,,Chennai,Tamil Nadu,,,,,,
3044,Mark Technologies (Sbc),"No 27/2,27/4 C,1st Floor,Block C Building,, Yarandanhalli Village,Bommasandra Jigri Link Road,, Bangalore - 560099",,29AAYFM5783C1ZK,Bangalore,Karnataka,560099,Mr. Shiva Kumar,,8867783947,marktechnology123@gmail.com,
3045,Mark Up Shoes (Bom),"Nav Durga Bldg., 80/b Baroda Street,, Near Golul Bildg., Sant Tukaram Rd,, Masjid Bunder East, -400009, Markupshoes@hotmail.Com, 9819547712, 9594560001",,,Mumbai,Maharashtra,400009,,,,,
3046,Marnusha Marrow Fabs,,,,Delhi,Delhi,,,,,,
3047,Marudhar Tanchem,,,,Chennai,Tamil Nadu,,,,,,
3048,Maruti Suzuki India Ltd,,,,Mumbai,Maharashtra,,,,,,
3049,Mascot International (Cnb),"87/110, Bhannana Purwa, Kalpi Road,, Kirshna Oil Mill Compound, -208003, 512-2520598/2523645, Mascot761@gmail.Com",,,Kanpur,Uttar Pradesh,208003,,,,mascot761@gmail.com,
3050,MASOMEX (Noida),"B-11, Sector 60, Noida - 201301",,09AGBPM6910G1ZH,Noida,Uttar Pradesh,201301,,1204132121,"9899018855, 9910119065",info@masomex.com,
3051,Massarat Leathers,,,,Chennai,Tamil Nadu,,,,,,
3052,Mass International (Ndls),"21/2-A, IInd Floor, Naraina Industrial, Area, Phase-II, -110028, 9312346764/9312404179",,,Delhi,Delhi,110028,,,,,
3053,Mass Screens,Chennai,,,Chennai,Tamil Nadu,,,,,,
3054,Master Sons & Co,,,,Agra,Uttar Pradesh,,,,,,
3055,Master Tech India (Cnb),"No. 128/350, K-Block, Kidwai Nagar,,  H O,  - 208001, 9506516311",,,Kanpur,Uttar Pradesh,208001,,,,,
3056,Material Distributors (Hwh),"26-A Abdul Halim Lane, Kolkata-700016",,19AGOPD1731B1ZT,Kolkata,West Bengal,700016,,,,mamd92@hotmail.com,
3057,Matra Fashion (Noida),"G-163, Sector-63 Noida-201301",,09AFTPR8790J1Z7,Noida,Uttar Pradesh,201301,,,,,
3058,Matrix Clothing Pvt Ltd (Ggn),"Village Mohammadpur Khandsa Rd Sector 36 ,  122004",,,Gurgaon,Haryana,122004,,,,,
3059,Matt Global (NDLS),"B-71 Sector-65 Noida-201301, Merchandising@kaurub.Com, Scorpion.Scales@yahoo.Com",,,Noida,Delhi,,,,,,
3060,Maurya Leather Impex (Karol Bagh),"477/46 Raiger Pura Hardhyan Singh Road, Koral Bagh -110005, E-Mail : Maurya4777@gmail.Com",,,Delhi,Delhi,,,,,,
3061,Max Industries (Hwh),"Rajaghat, Tangra (North), Kolkata-700105",,19ACWPR7604R1ZA,Kolkata,West Bengal,700105,,7533007153,9007007883,gmsrathi@gmail.com,
3062,Mayur Enterprises (Bom),"A Wing Gala No. 209, Synthofine, Estate, Near Virwani Industrial Estate,, Goregaon (E), Mumbai-400063",,27ACOPT8353K1ZP,Mumbai,Maharashtra,400063,,,7001196144,,
3063,Mayur Uniquoters Ltd,"28 Lakshmi Complex, M I Road Jaipur 302001, Satish@mayur.Biz, M-08800374455",,,Jaipur,Rajasthan,,,,,,
3064,Mayvi Marketing,,,,Kolkata,West Bengal,,,,,,
3065,M&B Footwear P Ltd,,,,Kolkata,West Bengal,,,,,,
3066,M & B Footwear Pvt Ltd ( Noida ),"C 33-34 , Sectore-58, Noida",,09AAACM6383R1ZN,Noida,Uttar Pradesh,,Mr. Ranjit Brahma,120-2581829/2583751,,leather@mbfootwear.com,
3067,M B Leather (KB),"Karol Bagh, New Delhi",,07AGEPN3491L1Z0,Delhi,Delhi,,,,,,
3068,M C Leather Trading ( Hwh ),"12B, Netaji Subhas Road, 2nd Floor,, Kolkata-700001",,19ABYPC7696K1ZJ,Kolkata,West Bengal,700001,,33-22434411,,,
3069,MD Enterprises(Hwh),"6/11 Kustia Road, Kolkata",,19AATP1679Q1ZB,Kolkata,West Bengal,,,,,,
3070,"MD, Harris (Agc)","Sikandra, Agra",,,Agra,Uttar Pradesh,,,,,,
3071,M D Irsad (Cnb),"Kanpur, Uttar Pradesh",,,kanpur,Uttar Pradesh,,,9696886627,8858808681,,
3072,M D Javed (Hwh),"111/A Topsia Road, ",,,Kolkata,West Bengal,,,,,,
3073,Md Kashif (N.Delhi),"L-40-A Opp Saifi Public School, Abul Razal Enclave Jamia Nagar -110025, Zainul-Arefina7@yanoo.Com",,,Delhi,Delhi,,,,,,
3074,Md Overseas (Agc),176-B Baluganj Agra,,09AAZFM4982A1ZQ,Agra,Uttar Pradesh,,,,9837461789,saurabhgupta2009@live.in,
3075,Md Saud (Hwh),"1st.Floor, 23/2a, Miajan Ostagar Lane,, Kolkata-700017",AAOFM5343C,19AAOFM5343C1Z7,Kolkata,West Bengal,700017,,,,saudmd07@yahoo.in,
3076,Mealicom Leather (Sbc),", ",,,Bangalore,Karnataka,,,,,,
3077,Meat Sales Corp,,,,Agra,Uttar Pradesh,,,,,,
3078,Meat Sales Corporation (Agc),"Block No. 1, Shop No. 16, Shoe Market,, Sanjay Place, ",,,Agra,Uttar Pradesh,,,,,,
3079,Medico Life Science Kerala,"AD Life Sciences, 5-67/1, Pedda Amberpet,, R.R.Dist, -A.P",,,Hyderabad,Telangana,,,,,,
3080,Medicon Leather Pvt Ltd (Sbc),"35/3 Bommanahalli, Begur  Hobli, Bangalore- 560068",,29AABCM3807B1ZU,Bangalore,Karnataka,560068,,,,kk@bulchee.co.in,
3081,Meena Gupta,,,,Delhi,Delhi,,,,,,
3082,Meena Gupta (Ndls),"107.Sainik Farm.Central Avenue,  Mob.No.9833195264",,,Delhi,Delhi,,,,,,
3083,Meet at,,,,Agra,Uttar Pradesh,,,,,,
3084,Meet Pvt Ltd,,,,Delhi,Delhi,,,,,,
3085,Meet Pvt Ltd ( Okhla),"Z - 38, Okhla Industrial Area, Phase - I I ,, New Delhi- 110020",,07AAACM8456B1ZM,Delhi,Delhi,110020,Mr. Ranjan,,9717800146,,
3086,Meet Sales Corporation (Agc),"Block No. S-1, Shop No.-16, Shoe Market,, Sanjay Place, Agra-282002",,09ABEPG8556E1ZK,Agra,Uttar Pradesh,282002,,,9410830060,meetscorp@gmail.com,
3087,Megatack (Cnb),"83/69, Hindustan Tannery Compound,, Jajmau, Kanpur - 208010, India",AANFM0277E,09AANFM0277E1Z6,kanpur,Uttar Pradesh,208010,,,,info@megatackonline.com,
3088,Mega Vick Wear (NDLS),"A-102/3, Okhala Estate Marg, Okhla Phase II,, Delhi 110020",,07ALJPS4766P1Z3,Delhi,Delhi,110020,,,,,
3089,Megawin Leather,,,,Ranipet,Tamil Nadu,,,,,,
3090,Megawin Leather India Pvt Ltd,,,,Chennai,Tamil Nadu,,,,,,
3091,Megha Exim (Hwd),"SAGAR COURT 7,GARSTIN PLACE, 1ST 7,GARSTIN PLACE, KOLKATA  WEST BANGAL",,19AJDPP2387D1Z3,Kolkata,West Bengal,700001,,,9831374513,glitterati.world@hotmail.com,
3092,Mehar Footwear Pvt Ltd (Ndls),"202-B Nangloi Extn 2 C, -41",,,Delhi,Delhi,,,,,,
3093,Mehra Shoes (Cnb),"123/768, 76A/B, Fazal Ganj,, Kanpur-208012",,09AARFM1849G1ZU,kanpur,Uttar Pradesh,208012,,,9935247624,piyushexports@gmail.com,
3094,Mehtab Products (Cnb),"Mishari House, 912 K Wajipur,, Jajmau, -U.P., 9839373955, Mehtabpro786@gmail.Com",,,Kanpur,Uttar Pradesh,,,,,,
3095,Mehtab Traders Delhi,,,,Delhi,Delhi,,,,,,
3096,Mehta Stone Consortium (Ggn),"G-1 J-28 Satanal Induestrial Area, Gurgaon, Haryana, 9999152233/9643785254",,,Gurgaon,Haryana,,,,,,
3097,Mehta Traders,,,,Delhi,Delhi,,,,,,
3098,Mehta Trading Co (Hwh),"66.A, Dr Suresh Sarkar Road,, Kolkata-700014",,19AARPM9731H1Z1,Kolkata,West Bengal,700014,,,9748930904,moshirahmed786@gmail.com,
3099,M E  Leather (Cnb),"407/377  Asharfabad Jajmau, Kanpur Utttar Pardesh",,,kanpur,Uttar Pradesh,,,,,,
3100,Mercilord Leather Fashions (Hwh),"I2t/8, Moulana Abul Kalam Azad Sarani, Kolkata-700054",,19AFPPM9355J1ZK,Kolkata,West Bengal,700054,,,9748188612,alimuddinmondal786@gmail.com,
3101,Merha Pal,D-303-24k Glitterati Apartments ,,,Pune,Maharashtra,,,,,,
3102,Merit Exim (Cnb),"572-C,Defence Colony, Jajmau,, Kanpur",AFXPA9497F,09AFXPA9497F1ZN,kanpur,Uttar Pradesh,,,,7860147147,meritexim@gmail.com,
3103,Metafab India,,,,Delhi,Delhi,,,,,,
3104,METAL MA MODE (Ggn),"Plot No. 70, Sector-34, Gurgaon-122001",,06AAGHD3469N1ZX,Gurgaon,Haryana,122001,,,,accounts@metalma.in,
3105,Metaltech Design Pvt Ltd (Noida),"7-D, Udyog Kendra, Ecoteach-111, Greater Noida, Gautam Budh, Uttar Pradesh-India - 201306",,09AACCM2241G1ZR,Noida,Uttar Pradesh,201306,,,"9818847289,9971069901.9811526745",metaltech@vsnl.net,
3106,MetalWare Corporation ( Noida ),"C/49-50 Sector -63 Noida, 09871028666 Mr. Dhirender",,09AAEFM9886C1ZU,Noida,Uttar Pradesh,,,,,,
3107,Metro & Metro (Agc),"Office No. 5/170, Halwai Ki Bagichi,, Mathura Road, Agra-282002",,09AACFM1909J1Z9,Agra,Uttar Pradesh,282002,,562-2601679/2601678,,mmagra@metronmetroindia.com,
3108,Metropoli Fashions Pvt Ltd (Hwh),"5, Tiljala Road, Tiljala,, Kolkata-700039",,19AABCM7510R1ZY,Kolkata,West Bengal,700039,,,9830044994,hr@metropolifashions.com,
3109,Metro Shoes Ltd ( Bom),"Metro House, Colaba Causeway,, Colaba, Mumbai – 400070",,27AAACM4754E1ZL,Mumbai,Maharashtra,400070,,22-66560444,,metroshoes@vsnl.com,
3110,Metro Shoes Ltd (Noida),"2nd Floor,Sec-18,Dlf Mall of India, C Block, Pocket C,Sector 19, Sector 20, Noida",,,Noida,Uttar Pradesh,,,,,,
3111,MFC Eram Liaison Office,,,,Chennai,Tamil Nadu,,,,,,
3112,M.Fw.Soles,,,,Agra,Uttar Pradesh,,,,,,
3113,Mibog India P Ltd,,,,Kanpur,Uttar Pradesh,,,,,,
3114,Mibor India P Ltd,,,,Kanpur,Uttar Pradesh,,,,,,
3115,Micro Industrial Corporation (Ndls ),"Unit-11  D10, Udyog Nagar, Main Rohtak, Road, Udyog Nagar, , , 110041, Phone No-011-42888201 09540788219",,,Delhi,Delhi,110041,,,,,
3116,Micro Pak Ltd,Chennai,,,Chennai,Tamil Nadu,,,,,,
3117,Midas Fashion,,,,Kanpur,Uttar Pradesh,,,,,,
3118,Midas International (Cnb),"MIG 159 K.D.A. Colony Jajmau -208010, 9335666006, Midas_@yahoo.Co.in, Info@midasleathers.Com",,,Kanpur,Uttar Pradesh,208010,,,,,
3119,Midas Leather (Cnb),"MIG-159, K D A  Colony, Jajmau, Kanpur-208010",,09AATFM3892K1ZC,kanpur,Uttar Pradesh,,Mr. Abid Ehtesham,512  3020696,9956121566,midas_kanpur@yahoo.co.in,
3120,Midaz Technologies (Sbc),"Peenya 2nd Stage, ",,,Bangalore,Karnataka,,,,,,
3121,MIG International (Noida),"A-18, Sector-4, Noida",,09AAMPM7464Q1ZM,Noida,Uttar Pradesh,,,,,,
3122,Miisa Creation ( Ndls ),"No:166, New Mangla Puri, -30, Tin No. # 07026923416",,,Delhi,Delhi,,Kailash Joshi,01141406607,09818712106,kailash@miisacreation,
3123,Mikaasa International (Agc),"393, Sadar Bazaar, -282001, Ajayyadav0793@gmail.Com",,,Agra,Uttar Pradesh,,,,,,
3124,Milan Foils Pvt Ltd,,,,Delhi,Delhi,,,,,,
3125,Milan India,,,,Delhi,Delhi,,,,,,
3126,Milan India (Ndls),"8/2 Kamruddin Nagar  Marg, Najafgarh Road, Nagloi -41, Mob. 9868759758",,,Delhi,Delhi,110041,,,,,
3127,MILANO EXPORTS (Agc),"2/9 NAGLA MOHAN,, SHANTI NAGAR, SHAHGANJ, Agra., Mr. Rakesh Shivhare, Mr. J.K. Lamba, 562-2217517/ 2217613, Milano@sancharnet.in",,,Agra,Uttar Pradesh,,,,,,
3128,Miles Shoes,,,,Chennai,Tamil Nadu,,,,,,
3129,Millenmium Exports (Hwh),"23/2A, Mia Jan Ostagar Lane, Kolkata",,19ABOPA4911B1Z2,Kolkata,West Bengal,,,,8601224786,millennium_1304@yahoo.co.in,
3130,Millennium Leather Store (Cnb),", , 9837529265",,,Kanpur,Uttar Pradesh,,,,,,
3131,Milspeed India P Ltd,,,,Delhi,Delhi,,,,,,
3132,Milspeed India Pvt Ltd (Ndls),"Address: 104, Gupta Plaza, Plot No. 13,, Site No. 37-38, Kalkaji, , 110019, Phone:011 2644 7544  09313601081",,,Delhi,Delhi,,,,,,
3133,Minda Stoneridge Instruments Ltd,"Address: ,  410501, Phone:02135 662 000",,,Pune,Maharashtra,,,,,,
3134,Mir Organic ( Noida ),"No: B-53, Sector - 6, Noida, Up- 201301",,,Noida,Uttar Pradesh,,,,,,
3135,Mirza International Limited (Cnb),"14/6, Civil Lines,  – 208001, 512-2530 775 / 844 / 676, Mkgupta@redtateindia.Com",,,Kanpur,Uttar Pradesh,208001,,,,,
3136,Mirza International Ltd ( Noida ),"C 4/ C 5,  36 & 37,  Sector 59  Noida - 201301",,09AAECM3626M1Z5,Noida,Uttar Pradesh,,,,,,
3137,Misa Creations (Ndl),"No:166, New Mangla Puri, ",,,Delhi,Delhi,,,,,,
3138,Misha Creation,Noida,,,Noida,Uttar Pradesh,,,,,,
3139,Misha Creations (Noida),"A-15 Sector-8, Noida",,,Noida,Uttar Pradesh,,,,,,
3140,M. I. Shoe Exports (Cnb),"Plot No.105/251, Chamanganj, Kanpur, Uttar Pradesh, 208001",,,kanpur,Uttar Pradesh,20801,,,,,
3141,Mishquat Impex (Hwh),"B, Mijan Ostagar Lane, Park Circus,, Kolkata-700017",,19AAMFM3324K1ZZ,Kolkata,West Bengal,700017,Mr. Hassan,,8100264899,,
3142,Mi Vindchy International (Ndls),"B - 99, II Floor, Hari Nagar, Clock Towar, New Delhi",AAFPC3690P,07AAFPC3690P1ZD,Delhi,Delhi,,,,9971733201,,
3143,Mizi Footwear,,,,Ambur,Tamil Nadu,,,,,,
3144,M J SINGH (NDLS),"174 GROUND FLOOR, DEFANCE COLONY, -110024, M-9811129704",,,Delhi,Delhi,,,,,,
3145,M.K Footwear (Bom),,,,Mumbai,Maharashtra,,,,,,
3146,M.K. Products (Hwh),"26, Pollock Street, Near Tea Board,, Kolkata-700001",,19AARFM5180C1Z1,Kolkata,West Bengal,,,,9831138700,mkproducts7@gmail.com,
3147,M.K.S,,,,Chennai,Tamil Nadu,,,,,,
3148,M.K Traders,,,,Agra,Uttar Pradesh,,,,,,
3149,MMA Design PVT LTD (Ndls),"137, Saidulajab, Mehrauli, Badarpur, Road, Saket, -110030, 9810 639 640, Admin@mmadesign.in",,,Delhi,Delhi,,,,,,
3150,M.M. International (Hwh),"2, Tarak Dutta Road,, Kolkata - 700019.",,19AENPM6074K1ZS,Kolkata,West Bengal,700019,Mr. Shyamal Pramanik,9831446076,9331295492,mminternational88@gmail.com,
3151,M.M.International (Jaipur),"D-94/95, Dhaura Daski, Bagichi, Near Mecca Masjid, Adaesh Nagar, Jaipur",,,Jaipur,Rajasthan,,,,,,
3152,MNG International (Ndls),"Plot No. 185/186, 2nd Floor, Pkt-D-14,, Sector-7, Rohini, -11085",,,Delhi,Delhi,110085,,,,,
3153,M N International (Hwh),"Block A, 15A/1, Gulam Jilani Road,, 2nd Floor, -700039, 8820930933",,,Kolkata,West Bengal,700039,,,,,
3154,Moda Suole (India) Pvt Ltd (Sbc),"No. SB-37, 1st Cross, 1st Stage,, Peenya Industrial Estate,, Bangalore - 560058",,29AAFCM6350B1ZM,Bangalore,Karnataka,560058,V P Gururajane,90082 99591,9448505028,guru@modasuole.com,
3155,Model Footwears Private Limited (Noida),"Address: Shop No.A-34, Industrial Area,, Block A, Sector 64, Noida, Uttar Pradesh, 201301, Phone:0120 240 3235",,,Noida,Uttar Pradesh,,,,,,
3156,Model Footwears Pvt Ltd/Scarco Shoes,"Address: Shop No.A-34, Industrial Area,, Block A, Sector 64, Noida, Uttar Pradesh, 201301, Phone:0120 240 3235",,,Noida,Uttar Pradesh,,,,,,
3157,Modern Exports,,,,Agra,Uttar Pradesh,,,,,,
3158,Moderno Ventures (Agc),"53, Transport Nagar, Vikas Sheel Bharat, Compound, Agra-282002",,09APHPS6832E1ZL,Agra,Uttar Pradesh,282002,,,,,
3159,Modern Tanning Co,,,,Delhi,Delhi,,,,,,
3160,Modern Trading Co ( Ndls ),"No.11075 Jhande Walan Road,, Motia Khan -110055, Tin No: 07900199118",,,Delhi,Delhi,,,,,,
3161,Modish Leathers,,,,Ambur,Tamil Nadu,,,,,,
3162,Mohammed Rashid,,,,Chennai,Tamil Nadu,,,,,,
3163,Mohan Clothing Campany Pvt Ltd (Ggn),"Plot No:-76, Phase-1, Udyog Vihar,, Gurgaon-122050.",,,Gurgaon,Haryana,,,,,,
3164,Mohan Clothing Co. Pvt Ltd (Noida),"Safexpress Pvt Ltd.20 KM Stone Delhi Meerut, Road Ghaziabad",,,Delhi,Uttar Pradesh,,,,,,
3165,Mohd Ashfaq,,,,Chennai,Tamil Nadu,,,,,,
3166,Mohit Industries,,,,Delhi,Delhi,,,,,,
3167,Mohit Industries (Ndl),,,,Delhi,Delhi,,,,,,
3168,Mole Chem Industries (Hwh),"1/1 Canal South Road, -15",,,Kolkata,West Bengal,700015,,,,,
3169,Monika (Bom),", Monika@digitalmailers.Co.in",,,Mumbai,Maharashtra,,,,,monika@digitalmailers.co.in,
3170,Moni Leather Industries (Hwh),Kolkata,,,Kolkata,West Bengal,,,,9038358845,,
3171,Moonstar Display,,,,Mumbai,Maharashtra,,,,,,
3172,M P Creation (Ndls),"155/B-5, Sector-8, Rohini,, ",,,Delhi,Delhi,,,,,,
3173,M P LEATHER,,,,Chennai,Tamil Nadu,,,,,,
3174,MQ Enterprese (Hyb),"18-2, 594/1, Near Risala Ground, Jangammet,, Falaknuma, -600053, 8897740795/9000002218, Mqenterprises16@gmail.Com",,,Hyderabad,Telangana,,,,,,
3175,MQ Enterprises,,,,Hyderabad,Telangana,,,,,,
3176,Mr Aman,"225 Flat No-306, Hauzrani Malviya Nagar, -10017",,,Delhi,Delhi,,,,,,
3177,Mr.Anil (Ndls),New Delhi,,,Delhi,Delhi,,,,,,
3178,Mr Arun  (Bangalore),,,,Bangalore,Karnataka,,,,,,
3179,Mr. Aswani,"7B Navsena Appartments, West Enclave Pitmpura , M-9811141676",,,Delhi,Delhi,,,,,,
3180,Mr. Ayush Makar,,,,Delhi,Delhi,,,,,,
3181,Mr.Bijoy Dhara (Hwh),"Subash Road, Sodhpur, Kolkata",,,Kolkata,West Bengal,,,8981214364,9903423285,,
3182,Mr. Dharmendra Khatri (Ggn),"Smart Printer, ",,,Gurgaon,Haryana,,,,,,
3183,"Mr, Ganesh Singh",New Delhi,,,Delhi,Delhi,,,,,,
3184,Mr.Hemant Minocha,"7th, Floor, Peninsula App., 9th RD, Jvpd, Sohene Juhu, Mumbai",,,Mumbai,Maharashtra,400049,,,,,
3185,Mridul International Pvt Ltd (Noida),"C- 124 , Sector - 63, Noida U P, 9873631313, Arvindersingh@mridul.Com",,,Noida,Uttar Pradesh,,,,,,
3186,Mr.Ifan,"Kashmir Mahel,  Srinagar.",,,Delhi,Delhi,,,,,,
3187,Mr.Kamal (Ndls),"Ac-119 B Shalimar Bagh, ",,,Delhi,Delhi,,,,,,
3188,Mr. Kanishk Chauhan,"House No. C-124, Sector-52, Noida-201101",,,Noida,Uttar Pradesh,201101,Mr. Kanishk Chauhan,,9717888524,,
3189,Mr. Karim Bhai (Bom),", ",,,Mumbai,Maharashtra,,,,,,
3190,Mr.Lala,,,,Delhi,Delhi,,,,,,
3191,Mr.Lala (Ndls),"No. R-728, New Rajendar Nagar,, ",,,Delhi,Delhi,,,,,,
3192,Mr.Layeeque Ahmed,,,,Ambur,Tamil Nadu,,,,,,
3193,M R Leathers (Agc) (Prop. Manish Dhawan),"Opp. Shoe Chamber, 48 Hing Ki Mandi,, Agra-282003",ADHPD1966E,09ADHPD1966E1ZO,Agra,Uttar Pradesh,282003,Mr. Tarun Agrawal,,8923339062,mr.shailly@yahoo.com,
3194,Mr.Mohammeid (Trade Center),Chennai,,,Chennai,Tamil Nadu,,,,,,
3195,Mr. Navodit (Hwh),"Ertcc 1st Floor, Pgcil, CF Block Action Area, 1C Rajrhat New Town -700156, 9434740008",,,Kolkata,West Bengal,,,,,,
3196,Mr. Pulkit Magan,"36, Surya Nagar, Agra",,,Agra,Uttar Pradesh,,,,,,
3197,Mr.Ramprit,Chennai,,,Chennai,Tamil Nadu,,,,9958792768,,
3198,Mr.Randeep (Noida),"Leiner Shoes, B-19,Hosiery Complex, Phase 2,, Extn, Noida-",,,Noida,Uttar Pradesh,201305,,,,,
3199,Mr.Razak,,,,Mumbai,Maharashtra,,,,,,
3200,Mr. Rohit Kapur (Ggn),", , 9811014171",,,Gurgaon,Haryana,,,,,,
3201,Mr. Saksham Dhawan (Ggn),"Gurgaon, Haryana",,,Gurgaon,Haryana,,,124-4670124,,,
3202,MRS. AMRIT TALWAR,"B-138 SETHI COLONY,, JAIPUR-302004, RAJASTHAN, 9214089000/9928806606",,,Jaipur,Rajasthan,,,,,,
3203,Mr.Sanjeev (Faridabad),"HOUSE-2220, Near Sector -16, Subzi Mandi Near Police Station, Faridabad  (Haryana)",,,Faridabad,Haryana,,,,,,
3204,Mr. Shadab Ahmed (Hwh),"Kolkata, West Bengal, 9051847237, Shadab@grupalam.Com",,,Kolkata,West Bengal,,Mr. Shadab,,9051847237,,
3205,Mr. Sharad Dingra (Ndls),"45C, Pocket SG, Dilshad Garden,, New Delhi-110095",,,Delhi,Delhi,110095,,,8285257333,,
3206,M.R. Shyam ( Ndl ),"H. No. 37, Block-C-2, Harsh Vihar, ",,,Delhi,Delhi,,,,,,
3207,Mr. Tanzeel Ahmed (Ndls),"P302, Palam Appartment, Brijwasan,, -110061, 9962394725",,,Delhi,Delhi,,,,,,
3208,Mr Vijay Singh (Cnb),D-486 Defence Colony Kanpur,,,kanpur,Uttar Pradesh,,,,,,
3209,M.R. Vinod Ji (Mumbai ),"Malad East,  - 97, Ph: 09324801922",,,Mumbai,Maharashtra,,,,,,
3210,Mr.Viswanath Gaitonde,"101, Abhar 5th Road, Khar West, Mumbai",,,Mumbai,Maharashtra,400049,,,,,
3211,M/s Ajeet Leather Store,"E-66, Site-""c"" UPSIDC Sikandra,Agra-282007",,,Agra,Uttar Pradesh,,,,,,
3212,M.S.Engineering Works,Noida,,,Noida,Uttar Pradesh,,,,,,
3213,M. S. Engineering Works Limited (Noida),"C-44  Industrial Area, C Block, Sector 10, Noida, Uttar Pradesh 201301, 09811966789",,,Noida,Uttar Pradesh,,,,,,
3214,M/S KAMAL ENTERPRISES,"D 27  SECTOR 63, NOIDA UTTAR PRADESH",,09AAEPA7831K1ZN,Noida,Uttar Pradesh,201301,,,,,
3215,M/S Kashif (Ndls),"H.No;-2199, Mehar Pawar Street, Darya Ganj,, New Delhi",,,Delhi,Delhi,,,,990778866,,
3216,M/S KATYAL INDUSTRIES,"STONE 10 KM, SIKANDRA MATHURA ROAD, AGRA",,09AAEFK3324K1ZA,Agra,Uttar Pradesh,282010,,,,,
3217,M.S. Leather (Bom),"194/C, Kala Killa Dharavi Road,, Opp. Shani Mandir Near Municipal School,, Sion Bandra Link Road Dharavi,, -400017, Rajkumarkhandare@gmail.Com, 9820189901",,,Mumbai,Maharashtra,400017,,,,,
3218,MSME Technology,,,,Agra,Uttar Pradesh,,,,,,
3219,MSN Exports,"No-44, Sidco Indusrial Complex,, Sipcot, Ranipet.",,,Ranipet,Tamil Nadu,,,,,,
3220,M.S. Overseas (Agc),"No;-865,/2, 1st Floor, Sheelta Road,, Agra",,09APAPK8562N1ZA,Agra,Uttar Pradesh,282005,,,9412270504,,
3221,M/S P 3 India (Ggn),"Olot No 612, Phase-5, Udhyog Vihar,, Gurgaon, Hariyana.",,06AAUFP8075C1ZU,Gurgaon,Haryana,122016,,,9717361410,,
3222,M/s Seating World (Hyb),"8-2-700, 1st Floor, Sridha Anushka Pride Road, No. 12 Banjarahills, - 500034, ",,,Hyderabad,Telangana,500034,Mr. Prasad,,9959758822,,
3223,M/S Supreme Leather,"No-111-118, B-DEEP Plaza,Ist Floor, M.N.Road, Kurla West, Mumbai.",,,Mumbai,Maharashtra,400070,,,,,
3224,M. S. Trading Co. (Hwh),"40/4, Stand Road, Dalhousie,, Fairley Place, BBD Bagh, Kolkata, West, Bengal 700001",,19AARPH7132D1ZN,Kolkata,West Bengal,,,8617253219,,mdsarosh01@gmail.com,
3225,Mudra International (Ggn),"544 H, Pace City II, Sector 37, ,  122001, 93102 44500",,,Gurgaon,Haryana,122001,,,,,
3226,Mukund Swaroop (Ggn), ,,,Gurgaon,Haryana,,,,,,
3227,Multiplast Polymer,,,,Mumbai,Maharashtra,,,,,,
3228,Multiply Paper Pack,Noida,,,Noida,Uttar Pradesh,,,,,,
3229,Multy Leather,,,,Delhi,Delhi,,,,,,
3230,Multy Leather (Ndls),"Karol Bagh, ",,,Delhi,Delhi,,,,,,
3231,Multy Leathers,,,,Delhi,Delhi,,,,,,
3232,Mundi Westport Ind (Ggn),"Unit-317, ILD Trade Centre, Sec - 47, Sohna Road, Gurgaon-122001",,,Gurgaon,Haryana,122001,,124-2219317,,rmalladi@mundiwestportind.com,asuryadevara@mundiwestportind.com
3233,Munna Basbagan,Kolkata,,,Kolkata,West Bengal,,,,,,
3234,Munna Leathers (Ndls),"Darya Ganj, ",,,Delhi,Delhi,,,,,,
3235,Munshee Overseas (Ndls),"PLOT NO-A-42, MAYAPURI INDUSTRIAL AREA, , PHASE II.  - 110064, India",,,Delhi,Delhi,,,,,,
3236,Munshi Overseas,,,,Delhi,Delhi,,,,,,
3237,Murtaza Exim,Ambur,,,Ambur,Tamil Nadu,635751,,,,,
3238,Murya Leathers ( Ndls ),H S Road ,,,Delhi,Delhi,,,,,,
3239,Mushfique,Ambur,,,Ambur,Tamil Nadu,,,,9999303878,,
3240,Musho (Ggn),"House No. 108/9, Shivpuri, Seema Pahuja, Road, Near Shiv Mandir,, Gurgaon-122001",,,Gurgaon,Haryana,122001,,,,,
3241,Muskaan Enterprises (Cnb),"8/084 Hasrat Mohani Camplex, Chamanganj -208001, 9956117243/9336100353, Muskaanent2007@yahoo.Com",,,Kanpur,Uttar Pradesh,,,,,,
3242,Muskan Enterprises(Sbc),"No-4 2nd Cross Vishwakarma Krupa P.C Road Jm Lane, Shop No-2 1st Floor Balepet Bangalore",,29AAUPA5880E1ZD,Bangalore,Karnataka,560053,Vishal,,9886180483/9741104234,vishal12fittings@gmail.com,muskan_ent@yahoo.co.in
3243,Muskan International (New Delhi),"A-2/O Phase -1 Mayapuri Industrial Area, -110064, Muskaninternational6@gmail.Com",,,Delhi,Delhi,,,,,,
3244,Mustafa Traders (Hwd),"59C  GOLAM JELANI KHAN ROAD, KOLKATA  WEST BANGAL",,19BZYPS4745Q1ZT,Kolkata,West Bengal,700039,,,,,
3245,M.V.Shoe Care Pvt Ltd,Noida,,,Noida,Delhi,,,,,,
3246,M V Shoe Care Pvt Ltd (Noida),"B-32, 1st Floor, Sector 6, Noida - 201301",,09AAFCM8351G1Z9,Noida,Uttar Pradesh,201301,,9868052879/9999400127,9900689295/9810057344,purchase@mvscindia.com,
3247,M & W Soles,,,,Agra,Uttar Pradesh,,,,,,
3248,Myntra Designs,,,,Bangalore,Karnataka,,,,,,
3249,Naaz Leather Exports (Ndls),,,,Delhi,Delhi,,,,,,
3250,Naaz Leather Finishers (Agc),"67, Ahmad Bukhari Rd, Taj Ganj,,  - 282001, 562-2331082",,,Agra,Uttar Pradesh,282001,,,,,
3251,Naaz Leather Finishers (Cnb),"14-A, 150 Feet Road, Jajmau,, , 208010, 512-2462330/2462332, Naazexportinc@gmail.Com",,,Kanpur,Uttar Pradesh,208010,,,,,
3252,Nabisha Leather,,,,Chennai,Tamil Nadu,,,,,,
3253,Nadeem Akhtar,,,,Kanpur,Uttar Pradesh,,,,,,
3254,Nadeem Impex (Hwh),"8-1  Topsia Road, Kolkata-700039",,19ALNPS6953L1Z1,Kolkata,West Bengal,700039,,,8232016216,fazlealam82@gmail.com,
3255,Nafisa Overseas,,,,Vaniyambadi,Tamil Nadu,,,,,,
3256,Nafis Tanning Industries (Hwh),,,,Kolkata,West Bengal,,,,,,
3257,Nag Leather India Pvt Ltd,"#46-A, Sipcot Industrial Estate,  - 632401",,,Ranipet,Tamil Nadu,,,,,vlr_nlplnag@sancharnet.in,vlr_nagyang@yahoo.com
3258,Nalson,Noida,,,Noida,Uttar Pradesh,,,,,,
3259,Namo Namah Exim Private Limited (Cnb),"E-78, Road No.10, Udyog Kunj,, Panki Industrial Area Site V,, ,,  208022",,,Kanpur,Uttar Pradesh,,,,,,
3260,Namraa Overseas,,,,Chennai,Tamil Nadu,,,,,,
3261,Nand Leather Co ( Karol Bagh),"3016A/38 Beadanpura Koral Bagh, New Delhi-110005",,07AALFN7847H1ZR,Delhi,Delhi,,,,,,
3262,Nano Overseas (Noida),"B-62 Sector-6 Noida-201301, Moblie-0991380001",,09ADRPG5249H1Z5,Noida,Uttar Pradesh,,,,,,
3263,Nans International,,,,Chennai,Tamil Nadu,,,,,,
3264,Naps India,,,,Ambur,Tamil Nadu,,,,,,
3265,Narmada Sons (Cnb),"382 B/A, Ompurwa Lal Bungla, Kanpur-208007",,09BXSPS5248A1Z1,kanpur,Uttar Pradesh,208007,,,9235599565,dheeraj.shukla@gmail.com,
3266,Narula Footwear (N Delhi),"202 B Nangloi Extension 2, Block C,, Nangloi New Delhi-110041, M-7100410485, M7835717151",,07AACPN0613N1ZS,Delhi,Delhi,,,,,,
3267,Naseem & Co,"43/3, Oomer Road, Ambur",,,Ambur,Tamil Nadu,,,,,,
3268,Nasim Tanning Enterprise,,,,Kolkata,West Bengal,,,,,,
3269,Nasim Tanning Enterprise ( Hwh ),"I/T, Sapgachi 1st Lane, Topsia,, Kolkata-700039",,,Kolkata,West Bengal,700039,Mr. Jamal,,9331041553,nasimtanning@gmail.com,
3270,Nasra International,,,,Kanpur,Uttar Pradesh,,,,,,
3271,Nath Brothers,Noida,,,Noida,Uttar Pradesh,,,,,,
3272,Nath Brothers Exim Intl Pvt Ltd ( Noida ),"C-51 Secter-58, Noida",,09AAACN0495R1ZT,Noida,Uttar Pradesh,,,,,,
3273,Nath Brothers (Ndls),Noida,,,Noida,Uttar Pradesh,,,,,,
3274,National Institute of Industrial Engineering (Bom),"Vihar Lake,  - 400087, 9820842496",,,Mumbai,Maharashtra,,,,,,
3275,National Packaging Industries,Agra,,09AAJFN0997L1ZJ,Agra,Uttar Pradesh,,,,,,
3276,National Packaging Industries (Agc),"32, Shiv Vihar , Kailash Mandir Road,, Sikandra, Agra, U. P.",,09AAJFN0997L1ZJ,Agra,Uttar Pradesh,,,,9897422959/9760008277,national.pdb@gmail.com,
3277,National Shoes,,,,Agra,Uttar Pradesh,,,,,,
3278,Naturalle Leather ( Ndl )-----------,,,,Delhi,Delhi,,,,,,
3279,Naturelle Leather ( N Delhi ),"A - 43, Mangol Puri , New Delhi",,07AAAFN2903R1Z2,Delhi,Delhi,,Mr. Nikhil,11-27011185,,,
3280,Navab Bhai ( Ndl ),"Rk Puram, No: 44 Mohammed Pura,  - 66",,,Delhi,Delhi,,,,,,
3281,Naveen Enterprises,Jaipur,,,Jaipur,Rajasthan,,,,,,
3282,Nav International,,,,Ranipet,Tamil Nadu,,,,,,
3283,Navkar Techtex,,,,Delhi,Delhi,,,,,,
3284,Navkar Tech Tex Pvt Ltd (Ndls),"4866/24, Sheeltara House, Daryaganj,, New Delhi-110002",,07AADCN0518L1ZI,Delhi,Delhi,110002,,,9873884300,navkar_accounts@outlook.com,
3285,Navodaya Trading Company (Ndls),"R-22 1st Floor Khaneja Complex  Vikas Marg, Shakarpur Delhi-110092, Ph-22523304 22413078",,07AAAFN4842M1Z2,Delhi,Delhi,110092,Mr. Pradeep Aggarwal,"22523304, 22413078",,aggarwa@gmail.com,
3286,Navrang Corporation (Bom),,,,Mumbai,Maharashtra,,,,,,
3287,Navratan Industry (Cnb),"No.532, 150 Feet Road, Jajmau, Kanpur-208010",,09AAAFN9317K1ZY,kanpur,Uttar Pradesh,208010,,,9307577601,shahzad_993@yahoo.co.in,
3288,Navvya Enterprises ( Ggn ),"B-19, Sarswati Enclave,, Sector-10A, Gurgaon",,06AFRBC8548P1ZM,Gurgaon,Haryana,,Mr. Arun Choudhary,,9811137455,navvyaenterprises@gmail.com,
3289,Navyug Laminates (Ndls),"214, Pratap Chambers, Gurudwara Road,, Karol Bagh, Delhi - 110005",,,Delhi,Delhi,110005,,11-25752124,,,
3290,Navyug Lamination,,,,Delhi,Delhi,,,,,,
3291,Navyug Laminations (Ndls),"Karol Bag, ",,,Delhi,Delhi,,,,,,
3292,Nazeem Enterprises,,,,Chennai,Tamil Nadu,,,,,,
3293,Naz Leather Export (New Delhi),"D-6/3, Ground Floor, Sadar Bazar,, Near Eidgah Road, Delhi-110006, 9810841095, Info@nazleatherexport.Com",,07AGXPK0652P1ZN,Delhi,Delhi,110006,,,,,
3294,Nazras International,"No-19/7,  Mohammed Pura 2nd Street, Ambur,",,33AHBPNO173F1ZU,Ambur,Tamil Nadu,635802,,,,accounts@nazras.com,
3295,NBS ENTERPRISE (Hwh),"32 Jta Pally, DP Nagar, Belghariya,, Kolkata - 700056, West Bengal , India, 9088015009, Somanth_dutta@yahoo.Com",,,Agra,Uttar Pradesh,700056,,,,,
3296,NCR Packers & Movers (Ggn),"Gurgaon, Haryana",,06BJPPK0212D1ZQ,Gurgaon,Haryana,,,,9540038508,,
3297,Nd. Sha Shor,,,,Mumbai,Maharashtra,,,,,,
3298,Neelam Plastics (Karol Bagh),,,,Delhi,Delhi,,,,,,
3299,Neelson Overseas (Agc),"UNIT-I. 55, Transport Nagar, Agra. 282002",,09AABFN1977E1Z8,Agra,Uttar Pradesh,282002,,562-2600117,,accounts@neelsonoverseas.in,
3300,Neetu Sales Place,,,,Chennai,Tamil Nadu,,,,,,
3301,Neha Incurd,,,,Delhi,Delhi,,,,,,
3302,Nekks Industries P Ltd,,,,Chennai,Tamil Nadu,,,,,,
3303,Neu World Resources Pvt Ltd (Bom),"31, Vaswani Mansion, 6th Floor, Dinshaw Wachha Road,, Churchgate Mumbai-400020, Info@nwr.Co.in, 9702066294/22-66104204",,,Mumbai,Maharashtra,400020,,,,,
3304,Newage Leather,,,,Delhi,Delhi,,,,,,
3305,New Age Leathers,Noida,,,Noida,Uttar Pradesh,,,,,,
3306,New Age Leathers  (Ndl),"9/12, Nr Postoffice Pant Ngr, Jangpura,  - 110014, +(91)-9650220456",,,Delhi,Delhi,,,,,,
3307,New Age Leathers Pvt Ltd (Noida),"C-125 Hosiery Complex,, Phase II Noida 201305 UP",,09AACCN3848A1ZN,Noida,Uttar Pradesh,201305,,,,natasha@newageleathers.com,ishanluthra@gmail.com
3308,New Auto General Engineering Company Pvt Ltd (Ggn),"Rajiv Nagar, Udyog Vihar Phase - 1, Sector 20 ,  122008, 9717305513",,,Gurgaon,Haryana,122008,,,,,
3309,New Bollywood Shoes,"No.56, 8th Cross Street, Pulla Avenue, Shenoy Nagar, -600030",,,Chennai,Tamil Nadu,,,,,,
3310,New Cheap Army Store (Ndls),"2/67, Sadar Bazar, Delhi Cantt,, New Delhi-110010",,07AAWPS6294G1ZT,Delhi,Delhi,110010,Mr. Harminder,8130655162,8178486255,jasgunenterprises@yahoo.com,
3311,New Concept Shoes,,,,Delhi,Delhi,,,,,,
3312,New Decent Footwear Industries (Agc),"Khasra No. 148, Village-Tora, Fatehabad Road,, Taj Ganj, -282006, Newdecent@gmail.Com",,,Agra,Uttar Pradesh,282006,,,,,
3313,New Diamond Engg Works,,,,Kanpur,Uttar Pradesh,,,,,,
3314,New Diamond Leather Finishers (Cnb),"Ganga Vihar, Jajmau
, Kanpur - 208010, (UP) India",,09ANVPA1655M1ZH,kanpur,Uttar Pradesh,208010,,,9336045668/9336045466,iftikhar.ahmednewdiamond@gmail.com,
3315,New Edge Leather,,,,Delhi,Delhi,,,,,,
3316,New Era Exports (Cnb),"PLOT NO-16 - C Gajjupura, Jajmau, Kanpur, Uttar Pradesh, 208010",,09AAJPI1374C1ZX,kanpur,Uttar Pradesh,,Amir Ashab,,9506740038,newerafootwear@outlook.com,
3317,New Era International (Cnb),"16-C, 3, Gajjupurwa, Jajmau,Kanpur 208010, 512 2465786, Info@neweragroup.Co.in",,,kanpur,Uttar Pradesh,,,,,,
3318,New Kolkata Leather (Ndls),"3693/16, Reghar Pura, Hardhian Sing Road,, Karol Bagh, New Delhi-110005",,07AXVPJ7812K1ZT,Delhi,Delhi,110005,Mr. Haji Furqan & Mr. Juned,8881486199,9319805592/8923304081,newkolkataleather4@gmail.com,
3319,New Link Enterprise,,,,Chennai,Tamil Nadu,,,,,,
3320,New Link Enterprises,,,,Vaniyambadi,Tamil Nadu,,,,,,
3321,New Ombre Fashion,"F-351 Sector-63, Noida, Uttar Pardesh",,,Noida,Uttar Pradesh,,,,,,
3322,New Ombre Fashion (Noida),B-121 Sector-63 Noida,,,Noida,Uttar Pradesh,,,,,,
3323,New Ombre Fashions,Noida,,,Noida,Uttar Pradesh,,,,,,
3324,New Pack Plastics,Noida,,,Noida,Uttar Pradesh,,,,,,
3325,New Perfect Choice,"96,1st Floor Maruthi Plaza, Opp. Khaleel Building, , 80-41516558",,,Bangalore,Karnataka,,,,,,
3326,New Saravana Stores,"No.128-130, North Usman Road, T.Nagar, -600 017",,,Chennai,Tamil Nadu,,,,,,
3327,New Star Goods Carrier  (Bom),,,,Delhi,Delhi,,,,,,
3328,New Star Goods Carrier(Ndls),"8/119, Mehram Nagar, Palam Airport, -110037, 9911108222, 9311108222, 01125673222, Nsgcraman@yahoo.Com, Nsgcarrier@gmail.Com",,,Delhi,Delhi,,,,,,
3329,New-Way India Company (Agc),"2/60 House No-36 Ram Nagar Colony, Civil Lines Agra",,09ALMPG9008K1ZP,Agra,Uttar Pradesh,,,,9837461789,saurabhgupta2009@live.in,
3330,N G Leather (Ndls),"20/306 New Moti Nagar, -.100015",,,Delhi,Delhi,,,,,,
3331,Nidhi Bhandari,,,,Pune,Maharashtra,,,,,,
3332,Nihal Ahmad (Cnb),"90/177, Iftikharabad, Kanpur,, 9369839666",,,kanpur,Uttar Pradesh,,,,,,
3333,Nikhil Singh,,,,Delhi,Delhi,,,,,,
3334,Nikhil Singh (NDLS),"5J/B Dada Jungi House Shahpur Jat, , M-9599251125",,,Delhi,Delhi,,,,,,
3335,Nili Creation,Kolkata,,,Kolkata,West Bengal,,,,,,
3336,NiLi Creation(Hwh),"Ground Sambhu Nath Pandi, Bhawanipore Kolkata",,19AGFPK5539D1ZD,Kolkata,West Bengal,700025,,,,,
3337,Nimah Leather,,,,Vaniyambadi,Tamil Nadu,,,,,,
3338,Nimra Creations,"No- 27, 1st Floor, Kailasagiri Road,, Vaniyambadi",,,Vaniyambadi,Tamil Nadu,635754,,,,,
3339,Nine Packaging (Ndls),"A-2/4, 2nd Floor, Phase-I,, Mayapuri, -110064, 9643815970/9556601018",,,Delhi,Delhi,110064,,,,,
3340,Nisha Textiles (Cnb),"19B, Dada Nagar, -208002, 9935062485, Chandughagharia@gmail.Com",,,Kanpur,Uttar Pradesh,208002,,,,,
3341,Nitin Enterprises,,,,Delhi,Delhi,,,,,,
3342,Nit International (Agc),"E-71, Upsidc Industrial Area, Sikandra,, , Uttar Pradesh, 9837045335, Nitinternational004@hotmail.Com",,,Agra,Uttar Pradesh,,,,,,
3343,Nitya Enterprises (Cnb),,,,Kanpur,Uttar Pradesh,,,,,,
3344,Nitya Industries (Cnb),"F-3 Panki-3, Industrial Area, -208001, 0512-2690001, Nityaf3@gmail.Com",,,Kanpur,Uttar Pradesh,208001,,,,,
3345,Niwas Overseas,,,,Agra,Uttar Pradesh,,,,,srisaiinternationals@yahoo.com,chennai@graciousexpress.com
3346,Niwas Overseas (Agc),"Sector-68/173, Mig Avas Colony, Sikandra, Agra",,09ETLPS0747G1Z7,Agra,Uttar Pradesh,,,,875561790,,
3347,N J Leather (Hwh),"Kolkata, West Bengal",,19AALFN2796D1ZW,Kolkata,West Bengal,,,,9831772496,,
3348,NLBC India Pvt Ltd (Bom),"No. 47-B, Walchand Terraces, Tardeo Road,, Mumbai-400034",,27AACCN0564F1ZO,Mumbai,Maharashtra,400034,Keyur Mehta,23533912/23519770,,keyur@newleatherbelts.com,
3349,NMI Traders,Vaniyambadi,,,Vaniyambadi,Tamil Nadu,,,,,,
3350,N M Zackriah & Co,"#67, E.V.K Sampath Road, Vepery, Chennai-600003, Ph: 044-26618037",,,Chennai,Tamil Nadu,,,,,,
3351,N N & Co. (Ambur),,,,Chennai,Tamil Nadu,,,,,,
3352,N.N. Enterprise (Hwh),"Amin House, No. 15A/1, 1st Floor, G.J. Khan Road,, Topsia, Topsia,, Kolkata-700039, West Bengal",,,Kolkata,West Bengal,700039,,,,,
3353,Nobel International (Cnb),"90A/A Wajidpur Jajmau, Kanpur",AABPZ2411R,09AABPZ2411R1Z5,kanpur,Uttar Pradesh,,,,,,
3354,Noble Enterprises (Hwh),"No B 92, M G Road, Haridevpur,, Kolkata-700082",,19BDHPP8353G1Z3,Kolkata,West Bengal,700082,,9831277020,,noblekolkata@gmail.com,
3355,Noble International,Chennai,,,Chennai,Tamil Nadu,,,,,,
3356,Noble Leather Stores ( Bom ),"91, Dhaboo Street Bori Mohalla, Bhendi Bazar, -400003, 9867722821/22-23460952, Noblennoble@yahoo.Com",,,Mumbai,Maharashtra,,Mr. Amanullah,,9867722821,,
3357,Noida Shoes (Hwh),,,,Kolkata,West Bengal,,,,,,
3358,Nonio Overseas (Noida),"B-62Sector-6 Noida-201301, Mobile-09911380001",,09ADRPG5249H1Z5,Noida,Uttar Pradesh,,,,,,
3359,Noor Enterprises,"67, Wuthu Cattan Street, Periamet,, Chennai,",,,Chennai,Tamil Nadu,,,,,,
3360,Norma D N D Product ( Ndl ),,,,Delhi,Delhi,,,,,,
3361,Northern Tannery (Cnb),"150 Feet, Jajmau Road,, Kanpur - 208010. U.P. India, 512-2461143/2461217, Info@northerntannery.Com",,09AAAFN6778L1ZL,kanpur,Uttar Pradesh,208010,,,,,
3362,North India Trading,,,,Delhi,Delhi,,,,,,
3363,Novodaya Trading (Ndl),,,,Delhi,Delhi,,,,,,
3364,Now (New Delhi),"69/2A Najafgarh Road Industrial Area, Moti Nagar New Delhi-110015",,07AADPT1979N1ZY,Delhi,Delhi,,,,,,
3365,N R Enterprises,,,,Chennai,Tamil Nadu,,,,,,
3366,N.R Packaging,,,,Agra,Uttar Pradesh,,,,,,
3367,N S Express,,,,Delhi,Delhi,,,,,,
3368,N S Impex ( Hwh ),"17/7, Toposia Road, 1st Floor,,  - 700039, 9007992162",,,Kolkata,West Bengal,700039,,,,,
3369,N S Leather Products Pvt Ltd (Hwh),"Flat-1C, Mani Vatika, 40/1, Dharamatala Road,, -700042, 33 4000 7249, Info@nsleather.Com	",,,Kolkata,West Bengal,700042,,,,,
3370,NSR Leather,"Perimet, Chennai.",,,Chennai,Tamil Nadu,,,,,,
3371,N.S.T Leather,,,,Chennai,Tamil Nadu,,,,,,
3372,Nudrat Tanning Syndicate ( Hwh ),"C/o Mr. Yusuf Suleman], 31, Mirja Galib Street, Kolkata-700016",,19AAFFN4560K1ZX,Kolkata,West Bengal,743502,,,983240032/9674863898,nudrattanningsyndicate@gmail.com,
3373,Nugen Agrotech Pvt Ltd (Agc),"A-626, Kamla Nagar,, Agra-282004",,09AABCN5350Q1ZY,Agra,Uttar Pradesh,282004,,,7454836668,,
3374,Nuova International (Agra),,,,Agra,Uttar Pradesh,,,,,,
3375,Nuova Shoes (Agc),"Khasra No. 432, Mauza Gailana,, Asopa Hospital Road, -282007, 9319102007/9897720077, Nuovaintl@yahoo.Co.In/nuovashoes@yahoo.Com",,,Agra,Uttar Pradesh,282007,,,,,
3376,Nuova Shoes (Noida),"Plot No-23 Block-8, Sector-83 Noida PH-11",,09AADFN2293D1ZD,Noida,Uttar Pradesh,,,,,,
3377,Nutan Art Printers (Hyb),"Unit-S4, Phase 2, Bala Nagar,, Industrial Estate,  - 500037, 9246881503/40-23073157, 23073158, 23073159",,,Hyderabad,Telangana,,,,,,
3378,Oberai Enterprises (Koral Bagh),"5/8 Wfa Ajmal Khan Road, Koral Bagh New Delhi-10005",,07AABFO5745K1Z0,Delhi,Delhi,,,,,,
3379,Oberoi sons R S Watches (new delhI),"17A/9 3rd Flore Ajmal Khan Road, Near Karol Bagh Metro Sation Bank of Baroda, New Delhi",,07ACFPS2139D1ZS,Delhi,Delhi,,,,09711196732,,
3380,Oceanic Dophin Apparels,,,,Delhi,Delhi,,,,,,
3381,Office System & Service (Bom),,,,Mumbai,Maharashtra,,,,,,
3382,Oig (Central Medical Stores),,,,Pune,Maharashtra,,,,,,
3383,Oiles India Pvt Ltd,,,,Delhi,Delhi,,,,,,
3384,Okado Exports Pvt Ltd ( N Delhi ),"No-223 Dhaka Near Mukerjee Nagar, New Delhi-100009",,07AAACO1711H1ZW,Delhi,Delhi,,,,,,
3385,Ok Play India Limited  (Ndls),"124,New Manglapuri Mehrauli, -30, Phone No-91 1146190000",,,Delhi,Delhi,,,,,,
3386,Old RR Leather Products Pvt Ltd,"136, SIDCO Industrial Estate, Ambattur, -600098",,,Chennai,Tamil Nadu,,,,,kanchana@rrleathersindia.com,ramesh@rrleathersindia.com
3387,Old Zahonero India,Noida,,,Noida,Uttar Pradesh,,,,,,
3388,Omaa Overseas,"Plot No- 44,  Ahmed Nagar,Opp- Naveen Sabji Mandi, Sikandra- Agra-7",,09AABFO5746L1ZT,Agra,Uttar Pradesh,,,,,,
3389,Omaa Overseas (Agc),"44,Ahmad Nagar, Opp. Naveen, Sabzi Mandi,Agra Mathura, Bye Pass Road Agra",AABFO5746L,09AABFO5746L1ZT,Agra,Uttar Pradesh,282007,,9319104542,9837000366,omaaoverseas@gmail.com,
3390,Om Cargo (Ndls),"A-250, Road No. 06, Near Overnight Express,, Mahipalpur Ext. -110037, 9958262134",,,Delhi,Delhi,,Mr. Amit,,9958262134,,
3391,Om Fabrics,Chennai,,,Chennai,Tamil Nadu,,,,,,
3392,Om Fabrics (AGC),"Shop No.14, Block No.8, Wazirpura Rd, B.G., Cloth Market, Sanjay Place, Civil Lines,, -282002, 9319074200",,,Agra,Uttar Pradesh,,,,,,
3393,OM Fabrics (Cnb),"No-310/D, Defence Colony, Near Jain Plastic Door,, Jajmau, Kanpur",,09AKUPG8919Q1ZX,kanpur,Uttar Pradesh,208010,,,,,
3394,OM International (Noida),"G-197, Sector-63, Noida, Uttar Pradesh",,09AOEPS3537A1Z2,Noida,Uttar Pradesh,,,,,,
3395,Om  Sai Exports (Noida),"Plot No G-11 Industral Area, Surajpur Site 4 Kasna,Greater Noida-201308",,09AAAPS6702K1ZH,Noida,Uttar Pradesh,201308,,,,omsaiexports2016@gmail.com,
3396,Om Sakthi Leather,Vaniyambadi,,,Vaniyambadi,Tamil Nadu,,,,,,
3397,Oom Exports (Agc),"160/2, Mauza Magtai, Bodla - Bichpuri Road,, Agra-282002 U P",,09AAAFO5147Q1ZP,Agra,Uttar Pradesh,282007,,,8859501715,account@oomexports.com,
3398,OOM Shoes Components (Agc),"Mauja Maghtai 160/2,, Bichpuri, Agra-283105",,09AADFO8233G1Z6,Agra,Uttar Pradesh,283105,Mr. Ashish,,78301 22222,,
3399,O Pad Shoes ( Noida ),"B - 9 Sector 60, Noida 201301 ( U.P ), PH.NO : 09212299449",,09AABFO7234K1Z0,Noida,Uttar Pradesh,,,,,,
3400,Orbit Industries,,,,Delhi,Delhi,,,,,,
3401,Orchid Overseas (Ndls),"4/5935, Ground Floor, Hardhyan Singh Road, Dev Nagar, Karol Bagh Delhi-110005",,07AQGPP8439A1ZS,Delhi,Delhi,110005,,,,,
3402,Orchid Shoes (Bom),"Unit No.401; Retiwala Industrial, Premises Co-Op.Soc.Ltd.,H.A.Palav Marg., Mumbai- 400 027.",,,Mumbai,Maharashtra,400027,,,,,
3403,Orient Craft Limited (80-P) (Ggn),"Plot No. 80P, Sector-34,, Hero Honda Chowk, Gurgaon-122001",,06AAACO0068M3ZD,Gurgaon,Haryana,122001,Mr. Ved Prakash,,9717731505,,
3404,Orient Craft Ltd (Ggn),"7d, Maruti Industrial Area., Sector 18, Gurgaon-122015",AAACO0068M,06AAACO0068M5ZB,Gurgaon,Haryana,122015,,0124-4090800,,dk.mishra@orientcraft.com,
3405,Orient Craft Ltd (Noida),"D-247, Sector-63, Noida,, Gautam Bhudh Nagar, U. P.",,,Noida,Uttar Pradesh,,,,,,
3406,Orient Enterprises (Noida),"C-331 Ground Floor, Sector-10,, Noida-201301, 9990216642",,,Noida,Uttar Pradesh,,,,,,
3407,Origins (Hyb),"Road No. 4, Merchant Towers,, Banjara Hills, , , 500034, 40 2335 9221",,,Hyderabad,Telangana,500034,,,,,
3408,Orion Conmerx (P) Ltd. ( Ggn ),"90,  Udyog Vihar,  Phase - I, Gurgaon",,06AAACO1432D1Z4,Gurgaon,Haryana,,Mr. Pawan Kumar,01244216060,9958286328,pawan_kumar@orionfashion.com,
3409,Orion Tradecom Pvt Ltd (Noida),"A38E\F, Sector- 64, Noida -201301, Uttar Pradesh",,,Noida,Uttar Pradesh,201301,,,,,
3410,Ormi Carvans ( Ndl ),,,,Delhi,Delhi,,,,,,
3411,Oscar Global Ltd ( Noida ),"C-76, Sector-8, Noida",,09AAACO1219J2ZJ,Noida,Uttar Pradesh,,,,,,
3412,Overseas Fabricators (Cnb),"105/398, Chaman Ganj, Kuryana,, Plot No. 2, Kanpur-208001",,09AGQPK8288C1ZT,kanpur,Uttar Pradesh,208001,,,9999735293,overfab@hotmail.com,
3413,Overseas Leather Goods Co Pvt Ltd (Hwh),"3/1, Khodaganj Road,-700010, 33-64563463/64561216, Olgc2004@gmail.Com",,,Kolkata,West Bengal,700014,Mr. Anup Kumar Chatterjee (MD),,9830552321,olgc2004@gmail.com,
3414,Oxalis Enterprises (Cnb),"A-51/A, Nai Basti, Pokharpur,Kanpur-208010",,09AIFPA5782Q1ZN,kanpur,Uttar Pradesh,208010,,,9935327679,oxalisinfo@gmail.com,
3415,Oxford Shoes Pvt Ltd ( Che ),,,,Vaniyambadi,Tamil Nadu,,,,,,
3416,Oxford Tanners ( Hwh),"93/4, Karaya Road, Kolkata-700019, West Bengal, 33-2287-5981/9643, Oxfordtanners@rediffmail.Com",,19AAAFO6018N1ZY,Kolkata,West Bengal,700019,,,,,
3417,Pacific Footwear Co (Bom),"Room no 34/35, Pada no 2, Thakkar Bappa Colony,, Near Shell Colony, S.G.Barve Marg, Chembur,, Mumbai-400071",,27AAAFP2554J1Z7,Mumbai,Maharashtra,400071,,,,pacific_mumbai@rediffmail.com,
3418,Pacific International,"A N T Complex, Nethaji Road,Ambur.",,,Ambur,Tamil Nadu,,,,,,
3419,Padser Logistics,,,,Chennai,Tamil Nadu,,,,,,
3420,Paigam Leather Exports,"41/B, Wuthucoton Street, Periamet, Chennai",,,Chennai,Tamil Nadu,600003,,,,,
3421,Palanpur Engineering,Navi ,,,Mumbai,Maharashtra,,,,,,
3422,Pal Enterprises (Okhla),"A-265/266, Okhla Industrial Area, Phase-1, New Delhi-20",,07AAAFP6080D1ZH,Delhi,Delhi,,,11-40527100,,accounts@palenter.in,
3423,Panache Petting Products (Cnb),"Flat- 206, Plot No.- 327/304, Darul Hasna, Ehsan, Enclave, Jajmau, Kanpur - 208010",,09AAMFP8170C2ZZ,kanpur,Uttar Pradesh,208010,,9565282509,,ahmad@panachepetpro.com,
3424,Panchal Manufacturing Co Private Limited (Fardabad),"36a, Industrial Area, N I T, Faridabad, Haryana 121005",,,Faridabad,Haryana,,,,,,
3425,Pan East Exim Pvt Ltd,"503, City Centre,, The Mall, Kanpur-208001",,09AABCP7019G1ZF,kanpur,Uttar Pradesh,208001,,0512-2-330156,9918 333 342,office@paneastexim.com,
3426,Pan East Exim Pvt. Ltd. (Cnb),"503, City Centre,, The Mall, Kanpur-208001",AABCP7019G,09AABCP7019G1ZF,kanpur,Uttar Pradesh,208001,,0512-2-330156,9918 333 342,office@paneastexim.com,
3427,Pankaj Gupta,"B 940 Anand Vihar, 3rd Floor ",,,Delhi,Delhi,,,,,,
3428,Pankaj International (Hwh),"9, Heyshyam Row, Kolkata-700020",,19ADDPB4626R1Z7,Kolkata,West Bengal,700020,,33-40034964,,finance.bohemianbags@gmail.com,
3429,Panorama Exports Pvt Ltd (Faridabad),"NO-8 Dlf Ind Area Phase-1, Faridabad Haryana-121006",,,Faridabad,Haryana,,,,,,
3430,Panorama Plastics,"D-6, Udyog Sadan No.2, Near Kamagar, Hospital, Midc Road, Andheri East, Chakala,, , 02266935106",,,Mumbai,Maharashtra,,,,,,
3431,Panorama Plastics Pvt Ltd (Bom),"D - 6, Udyog Sadan No. 2,, Midc Central Road, Andheri East,, -400093, 9820075885, Rajiv@rsprakash.Com",,,Mumbai,Maharashtra,400093,,,,,
3432,Paradigm Leather Accessories Pvt Ltd (Ggn),"P.No-194, Sector-6, Imt Manesar,, Gurgaon-122050",,06AAECP1086C1ZR,Gurgaon,Haryana,122050,Mr. Anil Modi,0124-2291656/657,,,
3433,Paragon Polymer Products Pvt Ltd IV (Hyb),"PLOT NO. 3-A,MALLAPUR, ,, Ph:+91 402 7178782",,,Hyderabad,Telangana,,,,,,
3434,Paragon Polymer Products Pvt Ltd (Sbc),"PB No.5801, 45A, 2nd Phase, Peenya Industrial Area, Bangalore – 560058",,29AABCP3052F1ZM,Bangalore,Karnataka,560058,Mr. Jaganathan P,080-42611111,,purchase3@paragongroup.in,
3435,PARAGON PUBLICATIONS PVT LTD.,,,,Hyderabad,Telangana,,,,,,
3436,Param Lakshya,,,,Delhi,Delhi,,,,,,
3437,Paramount International ( N Delhi ),"B-10 Sangam Vihar, . Phone -90158882235",,,Delhi,Delhi,,,,,,
3438,Paramount International ( Okhla),"F-32/5, 1st Floor, Okhla Fase-2, ",,,Delhi,Delhi,,,,,,
3439,Paras Exports ( Ggn ),"Plot No. 718, Sector-37,  Pace City -2,, Gurgaon, Haryana 122001",AAFFP0493D,06AAFFP0493D1ZH,Gurgaon,Haryana,122001,Mr. Abhishek Pandey,,9891666600,accounts@parasexports.co.in,abhishek@parasexports.co.in
3440,Parashar Associates (Agc),"No: 154 Sf Parsvanath Panchati,, Taj Nagari, Phase-2,, -282001, 9927663359",,,Agra,Uttar Pradesh,282001,,,,,
3441,Parim Enterprises,,,,Mumbai,Maharashtra,,,,,,
3442,Parkash Leather Company (Ndls),"3717/17, Reghar Pura, Hardhiyan Singh Road,, Beadonpura, Karol Bagh, New Delhi",,07BBYPA5613D1ZR,Delhi,Delhi,110005,,11-42430726,,sumitbajaj3@gmail.com,
3443,PARK EXPORTS (Agc),"42/141, Krishna Kunj, Billochpura, Mathura Road, Agra-282002",,09ACZPA1769M1ZT,Agra,Uttar Pradesh,282002,Mr. D. K. Singh,"562 2601829, 2601664",,admin@abraazmalaspina.com,
3444,Park Inc (Karol Bagh),"5315/74 Rehgar Pura Karol Bagh, New Delhi-110005",,07AWOPA5500F1ZX,Delhi,Delhi,,,,,,
3445,Park Leather (New Delhi),,,,Delhi,Delhi,,,,,,
3446,Park Tanning Industries (Cnb),"279-D, Defence Colony, Jajmau, -208010, Park.Tanning@gmail.Com",,,Kanpur,Uttar Pradesh,,,,,,
3447,Parma Impex----------,,,,Delhi,Delhi,,,,,,
3448,Parma Impex ( N Delhi ),"9 Printing Press Aear, Behind Punjab Kesri  News Paper, Wazirpur New Delhi",,07AAGCP1282Q1ZW,Delhi,Delhi,110035,,011-27190952,08588846851/7827528588,parmavelcro@gmail.com,Parmavelcro@Hotmail.com
3449,Parma Impex P Ltd,,,,Delhi,Delhi,,,,,,
3450,Parma International,,,,Chennai,Tamil Nadu,,,,,,
3451,Parma International ( N Delhi ),"Wazirpur, . Mob : 07827528588, 09811028588",,,Delhi,Delhi,,,,,,
3452,Parmar Brothers (Bom),"Near City Light Cinema, Lady Jamshedji Rd,, Mahim West, ,  400016",,,Mumbai,Maharashtra,,,,,,
3453,Parnami Pump,,,,Chennai,Tamil Nadu,,,,,,
3454,Parnami Pump & Project,"SP-101, Sidco, Industrial Estate, Ambattur, -600 058",,,Chennai,Tamil Nadu,,,,,,
3455,Parnami Pump & Project Pvt Ltd (Fbd),"1e - 1, Opposite Geeta Mandir, Nit, Faridabad Nit, Faridabad",,,Faridabad,Haryana,,,,,,
3456,Parragon Publishing Pvt Ltd,Noida,,,Noida,Uttar Pradesh,,,,,,
3457,Parragon Publishing Pvt Ltd (Noida),"A-32, Sector - 59, Noida -201301, 9958096504",,,Noida,Uttar Pradesh,,,,9958096504,,
3458,Parrot Enterprises (Sbc),"#21/2, Suncity Layout, 5th Cross,, Kothanur Dinne Main Road,, J P Nagar 7th Phase, Bangalore-560078",,29ACTPL8648N1ZC,Bangalore,Karnataka,560078,Mr.Lokesh,,95904 55999,lokeshraju1979@gmail.com,
3459,Parthika Sales,,,,Agra,Uttar Pradesh,,,,,,
3460,Partk Tanning,,,,Kanpur,Uttar Pradesh,,,,,,
3461,Parul Leather (NDLS),"D-115 B Sitapuri, -110045, 9810883085-9837956952",,,Delhi,Delhi,,,,,,
3462,Parvez Shoes,,,,Kanpur,Uttar Pradesh,,,,,,
3463,Parvez Shoes Pvt. Ltd.(Cnb),"150 Ft. Road, Jajmau,, Kanpur - 209810, (UP) India",AAACP8108M,09AAACP8108M1Z3,kanpur,Uttar Pradesh,209810,,,9621122677,accounts@parvezshoes.com,nooriti@parvezshoes.com
3464,Pashupati Udyog (Hwh),"P-23, Dakshinee Co-Op Housing, Society Ltd, Kolkata-700105",,19AGUPB0429Q1ZT,Kolkata,West Bengal,700105,,,,pashupateeudyog@gmail.com,
3465,Passi Leather Products Pvt Ltd ( Ndls ),"B - 21, Mansa Ram Park,, Near Metro Pillar No.750, Uttam Nagar",,07AADCP0097J1ZA,Delhi,Delhi,110059,,,9971118912/15,,
3466,Passion (Bom),"702, Jms Business Center,, Behrambag, Jogeshwari West,, Mumbai-400102",,27AALFP4192K1ZO,Mumbai,Maharashtra,400061,Ms. Mamta Malhotra,,9821011268,info@glossitaly.com,
3467,Passion Impex,"17, First Street, Salamabad,, Vaniyambadi",,,Vaniyambadi,Tamil Nadu,,,,,,
3468,Passion Star ( Ndl ),"Fact Bawana Industrial Area, Wz - 39, Dass Ghara Aravalli School, Tadapur, - 110012",,,Delhi,Delhi,,,,,,
3469,Patrina Overseas LLP (Ggn),"297, Udyog Vihar, Phase-VI, Sector-37, Gurgaon",,06AAUFP0137D1ZD,Gurgaon,Haryana,,,,,kapil@patrinaoverseas.com,sanjeev@patrinaoverseas.com
3470,Pats Impex,Chennai,,,Chennai,Tamil Nadu,,,,,,
3471,Paul Enterprises (N.Delhi),,,,Delhi,Delhi,,,,,,
3472,Pavers England Ltd (Bom),"Unit No.4 to 10,Ground Floor,, Bldg No.D/2, Shree Arihant Compound,, Kalher Village, Bhiwandi,Dist Thane – 421302., Wecare@paversengland.Com, 9167146542",,,Bhiwandi,Maharashtra,,,,,,
3473,Pawan Cargo (Ndls),,,,Delhi,Delhi,,,,,,
3474,Pcc Interlinings,,,,Chennai,Tamil Nadu,,,,,,
3475,PCC Interlinings Pvt. Ltd.,"#75C, 2nd Floor Sector-18    
, Udyog Vihar,      
",,,Gurgaon,Haryana,,,,,,
3476,PCC Interlinings Pvt Ltd (Ggn),"Unit 326 To 331, III Floor,Paras Trade Centre,, Sector 2, Gawal Pahari, Faridabad Road,, Gurgaon-122009",,06AAECP3767A1ZN,Gurgaon,Haryana,122009,Mr. Arvinder Singh,124 4044808,,arvinder.co@gmail.com,
3477,PDS Enterprises,,,,Agra,Uttar Pradesh,,,,,,
3478,PEE AAA IMPEX (Ggn),"T 1/6 Ground Floor, DLF City, Phase -3,  - 122002, #0124 4055 455, Puvi@peeaaaimpex.Com, Adminggn@peeaaaimpex.Com",,,Gurgaon,Haryana,,,,,,
3479,Pelle Italia,Jaipur,,,Jaipur,Rajasthan,,,,,,
3480,Peoples Exports Pvt. Ltd (Agc),"C-36, Site-C, UPSIDC, Industrial Area,, Sikandra, Agra – 282007, Info@harrykson.Com, 0562-3100040 , 9359673454",,,Agra,Uttar Pradesh,282007,,,,,
3481,Perfect Creations,,,,Chennai,Tamil Nadu,,,,,,
3482,Perfect Footwear ( Agc ),"76, Kailash Vihar Bye Pass Road,, Agra, Uttar Pradesh",,09AARFP0237F1Z5,Agra,Uttar Pradesh,,,,,perfectact76@gmail.com,
3483,Perfect Packer (Agc),"438, 11 Km Agra Mathura Road, Poultry, Farm Street, Artoni,, Agra-282007",,09AAUFP0358A1Z6,Agra,Uttar Pradesh,282007,Mr. Vikas Mahajan,,9760006528,vikasperfectindia@gmail.com,
3484,Perfect Shoes Fabric,,,,Ambur,Tamil Nadu,,,,,,
3485,Perk Footwear (Ndls),"WZ-13 Hind Nagar, Tilak Nagar, New Delhi-110018",,07AFBPB4776L1ZB,Delhi,Delhi,110018,,,9818528633,,
3486,Persic  Laces Factory (Agc),"44 B/206/ I C, Sarai Navi Karim Bodla,, Agra, Uttar Pradesh 282007",,09ALDPK8130F1Z8,Agra,Uttar Pradesh,282007,,,9837119437,persiclace@gmail.com,
3487,P  G Enterprises Pvt Ltd,"D-135 Okhla Ind. Area Phase-1, -110020",,,Delhi,Delhi,,,,,,
3488,P&G Enterprises Pvt Ltd (Ggn),"Plot No. 9, Sector-6, IMT Manesar,Gurgaon-122050",,06AAACP3697H1Z8,Gurgaon,Haryana,122050,,124-2290666/944,,info@pgleather.com,
3489,P  G Shoes (Bom),,,,Mumbai,Maharashtra,,,,,,
3490,Philips Cargo (Jaipur),"Jaipur, Rajsthan",,,Jaipur,Rajasthan,,,,,,
3491,Phoenix International (Cnb),"14/106, Civil Lines, Kanpur-208001",,09AABFP8574B1Z5,kanpur,Uttar Pradesh,208001,,,9839105631,anil_phoenint@yahoo.com,asinhas@sancharnet.in
3492,P.H Saju Sawary ( Sbc ),,,,Bangalore,Karnataka,,,,,,
3493,Pinkcity Logistics Limited (Cnb),,,,Kanpur,Uttar Pradesh,,,,,,
3494,Pinnacle Enterprises (Bom),"202, Deep Apartment, Opp Millat Nagar, Andheri West, Mumbai-400027",,27AGDPK0850D1ZU,Mumbai,Maharashtra,400027,Mr. Farid Khan,,9820282696,faridkh2004@yahoo.co.in,
3495,Pinnacle Overseas (Hwh),"42 Dilkhusa Street,  700 017, 33 2290 4913, Info@pinnacleoverseas.Com",,,Kolkata,West Bengal,700017,,,,info@pinnacleoverseas.com,
3496,Pinza Footwear,"943, Nehru Road Arjun Nagar,, Kotla Mubarakpur, -110003",,,Delhi,Delhi,110003,,,,,
3497,Pioneer Agency,,,,Vaniyambadi,Tamil Nadu,,,,,,
3498,Pioneer Leathers (Hwh),"2A Dilkusha Street (Park Circus), Kolkata-700017",,19AHAPM6211A1ZX,Kolkata,West Bengal,700017,Mr. Sumit,,9830373635,pioneerleathers@hotmail.com,
3499,Piontab Shoes,,,,Chennai,Tamil Nadu,,,,,,
3500,P.K Exports ( Noida ),"C-171,Hosiery Complex, Block C,, Noida Extension, Phase 2, Noida,",,,Noida,Uttar Pradesh,,,,,,
3501,P K Ghosh & Sons,"4 Khangon Chaterjee Road Chinikal, Off Gun Shell Factory Kaspur Kolkata, Phone No-9564018565, Mr Pandy 9239125040--9433809321",,,Kolkata,West Bengal,,,,,,
3502,Platanium Architecture(Bom),"213 Diamond Industrial, Mumbai",,,Mumbai,Maharashtra,,,,9884821101,,
3503,Platinum Architecural,,,,Mumbai,Maharashtra,,,,,,
3504,Plexus Enclave (Hwh),,,,Kolkata,West Bengal,,,,,,
3505,Plush Tanning Corporation (Hwh),"8/2, Dr Biresh Guha Street,  - 700017,, 9051848318/9830993290, Kashif_0111@hotmail.Com",,,Kolkata,West Bengal,700017,,,,,
3506,PMS Leather,,,,Chennai,Tamil Nadu,,,,,,
3507,Poddar Associates (Jaipur),"160rathore Nagar Amrapali Marg, Vaishali Nagar Jaipur",,29AAAF2980BM1Z5,Jaipur,Rajasthan,,Mr. Atul Poddar,"141-4031006, 4031008",9829063314,pods@poddarassociates.com,
3508,Poddar International Shoe,Mumbai Thane,,,Mumbai,Maharashtra,,,,,,
3509,Podder Sons Ex L Pvt Ltd (Hwh),"74, Shyambazar Street,, -700004, 9051847237, Manusleathers@gmail.Com",,,Kolkata,West Bengal,,Mr. Sunam Podder,,9903822430,,
3510,Podolite Foot Care Pvt Ltd (Sbc),"Sy.No.132, Kadabagere Cross, Dasanpura Hobli,, Machohalli Indl.Area, Magadi Road,, Bangalore - 562130",,29AAHCP6760G1Z1,Bangalore,Karnataka,562130,Mr. Uttam Jain,,9632051215,foot@podolite.com,
3511,Polo International ( Cnb),"98/ 157, Beconganj, Kanpur-208001",,09AAVPF5428J1Z6,kanpur,Uttar Pradesh,208001,,,9918888118,info@polointernational.in,
3512,"Polyprint Packaging Products Pvt. Ltd, (Hwh)","64/1, K K Roychowdhury Road, Behala, Behala, ,  700008, 03324473457, Polyprint@banbros.in",,,Kolkata,West Bengal,,,,,,
3513,Pooja Printer Mumbai,,,,Mumbai,Maharashtra,,,,,,
3514,Poorna Exports (Agc),"E-89, UPSIDC Site-C,, Sikandra Industrial Area, -282007, 9837001369/9837063982, Poornaexports.@gmail.Com",,,Agra,Uttar Pradesh,282007,,,,,
3515,Popsons International (Agc),"10-11, Kailash Vihar, Bye Pass Road,, Agra-282007",AAXPP0723C,09AAWFP0374Q1Z7,Agra,Uttar Pradesh,282007,Mr. Deepak Poptani,"0562-  4005147, 4004038
",8859440444/ 98370 36736,deepakpoptani@hotmail.com,
3516,Porsic Lace Factory (Agra),,,,Agra,Uttar Pradesh,,,,,,
3517,P P Leather Store ( Agc ),"8/44-Opp Shoe Manket Gale No.2 Hing Ki, Mandli -282003, 7830302227, Ppleatherstore@gmai.Com",,,Agra,Uttar Pradesh,282003,,,,,
3518,P P Traders (Hwh),"P-132, Dakshini Co-Operative Housing Society Ltd,, Canal South Road, E.M. Bye Pass,, Kolkata-700105",,19BQPPD7834P1ZX,Kolkata,West Bengal,700105,,33-40878372,,pptraders0785@yahoo.com,
3519,Prabha Exports (Agc),"Plot No.70-72, D-10 Site-C Sikandra,, - Uttar Pradesh, Prabhaexportsd10@gmail.Com",,,Agra,Uttar Pradesh,,,,,,
3520,Prabhu Dayal,,,,Delhi,Delhi,,,,,,
3521,Prabhu Dayal (Karol Bagh),"4747/47  Hardyan Singh Road, Karol Bagh , M-9811073372",,,Delhi,Delhi,,,,,,
3522,Prachi Leathers Pvt Ltd (Cnb),"C-3, Udyog Nagar, Dada Nagar,, Kanpur-208022 U P",AAACP8242N,09AAACP8242N1ZY,kanpur,Uttar Pradesh,208022,Mr. P K Shukla,,9918901311,purchase@prachi.com,
3523,Pragati Accessories Pvt Ltd (Noida),"D-120, Hosiery Complex, Phase-II,, Noida, Uttar Pradesh",,,Noida,Uttar Pradesh,,,,,,
3524,Pragma Engineers,Faridabad,,,Faridabad,Haryana,,,,,,
3525,Pragma Engineers (Faridabad),"Plot No 174 Sectore 24, Faridabad, Near J B M, 09811059461",,,Faridabad,Haryana,,,,,,
3526,Prakash Associates (Bom),"K.K. Chmaber, Purshotam Das Thakurdas Road,, Azad Maidan Fort, Mumbai, Maharashtra 400001",,,Mumbai,Maharashtra,,,,,,
3527,Prakash Leather Company (K.Bagh),"3717/17, Reghar Pura, Hardhyansing Road,, Devnagar, Karol Bagh, Delhi.",,,Delhi,Delhi,110055,,,,,
3528,Prakash Overseas,,,,Chennai,Tamil Nadu,,,,,,
3529,Prakhar Enterprises (Agc),"Hingi Ki Mandi,, Agra-282002, Amitbagga11@yahoo.Com",,,Agra,Uttar Pradesh,,,,,,
3530,Prakriti Packs (Agc),"Vikassheel Bharat Compound,, T P Nagar , Agra",,09AAGFP1496D1Z5,Agra,Uttar Pradesh,,,8126906036,9808220400,prakritipacks@gmail.com,
3531,P R Apparels (Ndls),"370 Khirki D D Flats, Malviya Nagar New Delhi-110017",,07AARFP4067B1Z5,Delhi,Delhi,110017,,,9711407378,info@promisetraders.com,
3532,Prasiddhi Leathers (Sbc),"89/1 1 St Floor 4 Th Main, Rajajinagar Indl Town., Bangalore -560044",,29AFYPP0751Q1ZB,Bangalore,Karnataka,560044,,,,pratap_prasiddhi@yahoo.com,
3533,Prasuk International (Agc),"D-34 Site Upside, Sikandra Area, Agra",,09AARFP2929A1Z4,Agra,Uttar Pradesh,,,,7500299990,prasukinternational@gmail.com,
3534,Prathika Sales (Agc),"Agra, Uttar Pradesh",,09AIAPB2411L1ZP,Agra,Uttar Pradesh,,,,7500453212,prthikasales66@gmail.com,
3535,Praveen Kumar Exim,,,,Ambur,Tamil Nadu,,,,,,
3536,Prayaas Packs,,,,Agra,Uttar Pradesh,,,,,,
3537,Precision Knives. (Cnb),"123/391 Fazalganj,, -208012., 9839035040/8400033182, Precisionknives@gmail.Com",,,Kanpur,Uttar Pradesh,208012,,,,,
3538,Precision Tech Enterprises (Ggn),"Plot No. 104, Sector-3, Imt Manesar,, Gurgaon-122052",,06AAHFP1865F1Z9,Gurgaon,Haryana,122052,,9069322089,,,
3539,Premier Footsteps ( Noida ),"C- 184, Noida",,,Noida,Uttar Pradesh,,,,,,
3540,Premier Plastics,,,,Agra,Uttar Pradesh,,,,,,
3541,Premier Unit India,,,,Delhi,Delhi,,,,,,
3542,Premier Units India,,,,Delhi,Delhi,,,,,,
3543,Premium Retail,Bhiwandi,,,Bhiwandi,Maharashtra,,,,,,
3544,Premium Shoes,,,,Ambur,Tamil Nadu,,,,,,
3545,Prem Shoes & Shoe Accessories (Agc),"H.No. 37, Preet Nagar, Phase-2, Bahataura Road, Near Ahmad Petrol Pump, Sikandra, Agra",,09CATPA3640M1ZB,Agra,Uttar Pradesh,,,,8791112890,premshoes@gmail.com,
3546,Prem Shutter ( N Delhi ),"B-37-40 Leather Complex, Wazirpur Indl Area., Juber Je",,,Delhi,Delhi,,,,,,
3547,Presidents Groom Concept (Sbc),"No.2, Abhinay Theatre, Basement Floor,, Bvk Lyengar Rd, , 7795733162",,,Bangalore,Karnataka,560053,,,,,
3548,Preston India Pvt Ltd (Sbc),"PB.No 5801, Shop #45A, 2nd Phase, Peenya,,  - 560058, 080 - 28396004/42611111/2837995, Purchase3/2@paragonfootwear.Com",,,Bangalore,Karnataka,560058,,,,purchase3/2@paragonfootwear.com,
3549,Prethike Soles,"66 A, West Arjun \, Agra,",,,Agra,Uttar Pradesh,,,,,,
3550,Prianka Vachhani Designs (Ndls),"1909, 2nd Floor, Opp-Sisganj Guruduware Main St., Chandni Chowk, New Delhi,",,07AFSPV1891D1ZX,Delhi,Delhi,,,,9999870008,,
3551,PRIDE ENTERPRISES,,,,Vaniyambadi,Tamil Nadu,,,,,,
3552,Prime Comfort,Noida,,,Noida,Uttar Pradesh,,,,,,
3553,Prime Comfort Products Pvt Ltd,"2B/2.Ecotech 3 Udyog Kendra, Greater Noida  201306, Email:Finance@primecomfort.Com, Prem Chand Mehtoo, 01203044700",,,Noida,Uttar Pradesh,201306,,,,,
3554,Prime Comfort Products Pvt. Ltd. (Noida),"Address: 2B/2 Ecotech III, Udyog Kendra,, Grater Noida - 201306, u.p.",,09AAFCP2306Q1Z2,Noida,Uttar Pradesh,201306,,,,,
3555,Prime Components,,,,Ambur,Tamil Nadu,,,,,,
3556,Prime International (Agc),"43/500/D-2, UDYOG NAGAR, SIKANDRA, AGRA-282007",,09AABFP7706K1ZY,Agra,Uttar Pradesh,282007,,,9897068743,primeinternational2009@gmail.com,
3557,Prime Leathers (Hwh),,,,Kolkata,West Bengal,,,,,,
3558,Prime Packaging India Pvt Ltd (Ndl),"523/7 Basai Daraur Behind Ramesh Nagar, Metro Station -110015",,,Delhi,Delhi,,,,,,
3559,Prime Shoes (Hwh),", 9143207998",,,Kolkata,West Bengal,,,,,,
3560,Primus International,Chennai,,,Chennai,Tamil Nadu,,,,,,
3561,Prince International (Hwh),"No. 22/1-B, Shamsul Hoda Road,,  - 700017, , India, (33)-23457334/9831062083/9831733814, Princeinter@gmail.Com",,,Kolkata,West Bengal,,700017,,,,
3562,Print Pack Enterprises (Karol Bagh),"Plot-107 Ist Floor B D Chambers 10/54 Desh Bandhu, Gupta Road Karol Bagh , Opp Vijay Sales",,,Delhi,Delhi,,,,,,
3563,Prithvi Impex (Sbc),"24,SyNo.44/3,Narasappa Layout, Nagasandra Post,, Doddabidarikallu, Bangalore - 560073",,29AANFP7459H1ZH,Bangalore,Karnataka,560073,Mr.  Sudharsan,80  - 25654404,9880942299,prithviimpex@gmail.com,
3564,Prits Leather Art Pvt Ltd ( Noida ),D-254 Sector - 63 Noida-201301,,09AAFCP0438F1ZK,Noida,Uttar Pradesh,201301,,120-4273403,9650519322,accountsst@pritsleather.com,
3565,Prits Leather Exports  Pvt Ltd (Noida),"B-90 Sector -65 Noida, Uttar Pradesh",,09AAFCP0613A1Z1,Noida,Uttar Pradesh,201306,,,,,
3566,Priya Earthmovers (Ndls),"380/9, , 9880822556",,,Delhi,Delhi,,,,,,
3567,Priyamvada Bugga,"27/78, 1st Floor, Punjabi Bagh,, New Delhi-110026",,,Delhi,Delhi,110026,,,9962937773,,
3568,Priyanshu Mehra (New Delhi),New Delhi,,,Delhi,Delhi,,,,,,
3569,P.R.K.Enterprises,,,,Agra,Uttar Pradesh,,,,,,
3570,PRN International (Noida),"D-343 Sector-63 Noida (U P ), Uttar Pradesh",,09EXFPS6492L1ZG,Noida,Uttar Pradesh,,,,,,
3571,Profile Leathers,"Vaniyambadi,",,,Vaniyambadi,Tamil Nadu,,,,,,
3572,Prolofic Engineers,Noida,,,Noida,Uttar Pradesh,,,,,,
3573,Promozone India (Mumbai),,,,Mumbai,Maharashtra,,,,,,
3574,Pronto Moda Pvt Ltd,Noida,,,Noida,Uttar Pradesh,,,,,,
3575,Pronto Moda Pvt Ltd (Noida),"S-B 2nd Flour Toheri, Stellor, T Park Building., C,25 Sector-62, Noida-201301",,,Noida,Uttar Pradesh,,,,,,
3576,Pronto Mode,Noida,,,Noida,Uttar Pradesh,,,,,,
3577,Pronto Mode (Noida),Noida,,,Noida,Uttar Pradesh,,,,,,
3578,P.S.Diame & Sons ( Ndl ),,,,Delhi,Delhi,,,,,,
3579,P.Shafeeullah & Co,Chennai,,,Chennai,Tamil Nadu,,,,,,
3580,P.Sreenivas & Co,"Valayampet,, Vaniyambadi",,,Vaniyambadi,Tamil Nadu,,,,,,
3581,Pugalia Associates (Hwh),"19, Pollock Street, 4th Floor, Barabazar Market,, Kolkata-700001",,19AQGPS1394B1ZQ,Kolkata,West Bengal,700001,,,"08046072085, 9830490752",pugaliaauto@gmail.com,
3582,Puma Sports India Pvt Ltd,"No.509, Cmh Road, Indiranagar, Bangalore - 560038, 80-40852300, 40852319/9632466119",,,Bangalore,Karnataka,560038,,,,,
3583,Pune Bag Factory (Ndls),"Karol Bagh, New Delhi-110005",,07AAAPQ8317Q1Z4,Delhi,Delhi,110005,,,,,
3584,Punihani International ( Ndls ),"B-114, Okhla Industrial Area, Phase- I,, New Delhi-110020",,07AAAFP6858K1ZS,Delhi,Delhi,110020,,11-26818243/9282,9810341000,,
3585,Punita Group Inc,,,,Delhi,Delhi,,,,,,
3586,Punita Group Inc (New Delhi),"D S M 101 D2F Tower, Najaf Gagh Road Moti Nagar, -1100015, M NO-9818037043, Shiv Kumar, Infoindia@punitagroup.Com",,,Delhi,Delhi,1100015,,,,,
3587,Punjab Trading Co (Hwh),"18/1B, Gorachand Rd, Beniapukur, Kolkata, West Bengal 700014",,19BGPPR7179K1Z8,Kolkata,West Bengal,700014,,,9830057651,punjabtradingco.kol@gmail.com,
3588,Purab Shah (Bom),"114/5 Manisha Bldg, Jain Society,, Near Guru Nanak School Sion, West Mumbai-22",,,Mumbai,Maharashtra,22,Mr. Purab Shah,,9773212894,purab.shah@hotmail.com,
3589,Purple 9 Solutions (Bom),"Gala No: 20, Huseini Lakda Bazaar,, 242, Bellassis Road ,   - 400 008",,,Mumbai,Maharashtra,,,,,,
3590,Pushkar International ( Cnb ),"Flat No. A-6, Radhey Appartment, 7/116-A,, Swaroop Nagar, , , Amit@pamposhriding.Com, 9935643982",,,Kanpur,Uttar Pradesh,,,,,,
3591,Pushpendra Parag,"A-93 Sector -58, Noida-201301, M9958373524",,,Noida,Uttar Pradesh,,,,,,
3592,Qazi International (Cnb),"Fazal Ganj Kanpur-208012, (U.P.) India, 9335773130/9305935352/9839927294, Purchase@qaziinternational.Com, Abidrehman7878@gmail.Com",,09ABSPH3314B1ZX,kanpur,Uttar Pradesh,208012,,,,,
3593,Q L Process Consulting Pvt Ltd (Ndls),"G-137 Sector 63 Noida 201301, Uttar Pradesh, -011-4560075,991798958, Golbal@qicpro.Com",,,Noida,Uttar Pradesh,,,,,,
3594,Quadri International (Hwh),"60A, Topsia Road, Sapgachi,, Kolkata-700039",,19ACUPF2051L1Z9,Kolkata,West Bengal,700039,,,8240964497,quadriinternational17@gmail.com,
3595,Queen India Enterprises,"99 Coles Road Frazer Town, Banglore",,,Bangalore,Karnataka,560005,,,,,
3596,Queen India Enterprises (Sbc),"99 Coles Road Frazer Town,, Bangalore-560005",,,Bangalore,Karnataka,560005,Mr. A K Khan,,8277746787/9886468600,queenindia99@gmail.com,
3597,Queen Leathers,Vaniyambadi,,,Vaniyambadi,Tamil Nadu,,,,,,
3598,Quest Merchants (Ggn),", Cell- 9810225768",,,Gurgaon,Haryana,,,,,,
3599,Raadhika Shoe Craft Pvt Ltd (New Delhi),"C/o Rachna Murgai, E-94 G K Part-1, 4rd Floor -46, M-09840315529, Mail Raadhikasingh1211@gmail.Com",,,Delhi,Delhi,,,,,,
3600,Raasi Leathers,Chennai,,,Chennai,Tamil Nadu,,,,,,
3601,Rabab Leather (Bom), ,,,Mumbai,Maharashtra,,,,,,
3602,Radhey Plastic (Agc),"E- 119, Site-C, UPSIDC, Sikandra, Agra.",,09AAVPK0328E1ZN,Agra,Uttar Pradesh,,,,9690864233,,
3603,Radhey Plastics,,,,Agra,Uttar Pradesh,,,,,,
3604,Radhika Overseas (Cnb),"Swaroop Nagar  U P, 7617074499",,,Kanpur,Uttar Pradesh,,,,,,
3605,Radiocraft of India Pvt Ltd (Sbc),"P.O. Box 591,7, Hall Road,Richards Town,, -560005, 80-25801730/25462835, Rci@aol.in",,,Bangalore,Karnataka,560005,,,,rci@aol.in,
3606,Radnik Auto Exports (Noida),"Plot No. 140, 141, Udyog Vihar,, Extension Ecotech II, Greater Noida,",,09AAJFR0126R1ZQ,Noida,Uttar Pradesh,201305,,,9650218441,,
3607,R A Enterprises (Hwh),"No;7, Gurusaday Road, Ballygunge, Kolkata-700019",,19AAPFR4341C1Z5,Kolkata,West Bengal,,,33-46012250,9831014114,,
3608,Ragay Exports Pvt Ltd,"C--71, Sector_-65, Noida, 201301.",,,Noida,Uttar Pradesh,,,,,,
3609,Ragay Exports Pvt Ltd (Noida),C-71 Sector-65  Noida-,,09AABCR6595H1ZW,Noida,Uttar Pradesh,,,,,,
3610,Rah Exim,"LIG 75 K.D.A Colony Jajmau , 9616980937",,,Kanpur,Uttar Pradesh,,,,,,
3611,Rahman Industries,,,,Kanpur,Uttar Pradesh,,,,,,
3612,Rahman Industries Limited (Cnb),"184/167, Wajidpur, Jajmau,, Kanpur - 208010 INDIA",,09AAACR6862N1ZQ,kanpur,Uttar Pradesh,208010,,,8299206612,asst.purchase@rahman-group.com,
3613,Rahul Ion Tech,Noida,,,Noida,Uttar Pradesh,,,,,,
3614,Rahul Ion Tech Ltd ( Noida ),"143 Udyog Kendra Greater Noida, Uttar Pradesh 201306",,09AACCR1993C1ZD,Noida,Uttar Pradesh,201306,,,9811094675,,
3615,Rainbow Children's Hospital (HYD),"HITEC City, ,  500084",,,Hyderabad,Telangana,,,,,,
3616,Rainbow Leather Exports (Hwh),"297/1/H/3, A.P.C. Road, -700009, 33 23527974, Rainbowleatherin@yahoo.Com",,,Kolkata,West Bengal,,,,,,
3617,Rainbow Overseas,"Plot No- 15, 3rd Street, Thiruneer Malai Main Road,, Chrompet, Chennai",,,Chennai,Tamil Nadu,600044,,,,,
3618,Raised on Denim Unit-1 (Sbc),"Survey No.63/3, Ward No.14, No144/1, Kodichikkanahalli Main Road,, Bommanahalli, Begur Hobli, Bengaluru.560068",,29AFAPK7320Q1Z1,Bangalore,Karnataka,560068,Mr. Gokuldas,,8041104095,gk@raisedondenim.com,kamal@raisedondenim.com
3619,Rajan Uppal (Hwh),"Kolkata, West Bengal",,,Kolkata,West Bengal,,,,,,
3620,Raj Exports,,,,Kanpur,Uttar Pradesh,,,,,,
3621,Raj Exports (Cnb),"123/400,Fazal Ganj, Kanpur,208012",,09ABKPD7496G1Z8,kanpur,Uttar Pradesh,208012,Mr. Ravi Jain,,9838504047/9839331126,rajexports5@gmail.com,
3622,Rajiv Book Binding House (Ndls),,,,Delhi,Delhi,,,,,,
3623,Raj Medi Tech,"Flno-302, Royal Residency, D No-2-3-758, Tulasinagar Colony,  Zinda Tilismath Road, Golnaka,, ,  500013",,,Hyderabad,Telangana,,,,,,
3624,Raj Overseas (Cnb),", , 9651000902, Abrar902@gmail.Com",,,Kanpur,Uttar Pradesh,,,,,,
3625,Raj Shoes (Bom),"3rd Floor, No. 32, Maker Chambers-6,, Nariman Point, Mumbai-400021",AAAFR0185R,27AAAFR0185R1ZQ,Mumbai,Maharashtra,400021,,022-40761111,,sampling@rajshoes.in,
3626,Raju Brothers (Hwh),"19/20/1a, Cornwalish Building, 1,, Bidhan Sarani,  - 700073, West Bangal,, 913322415725,33-22414225, Accounts@rajubrothers.Com",,,Kolkata,West Bengal,700073,,,,accounts@rajubrothers.com,
3627,Rakesh Enterprises (Cnb),"Address: Shed No-3, Site No-2, Industrial Area, ,  208017, Phone:0512 269 1376",,,Kanpur,Uttar Pradesh,,,,,,
3628,Rakesh Sehgal Ji (Ndl),", Ph: 9810078484",,,Delhi,Delhi,,,,,,
3629,Rakia Leather,,,,Ambur,Tamil Nadu,,,,,,
3630,Rakowell Industries (New Delhi),,,,Delhi,Delhi,,,,,,
3631,Rama Laminates (Cnb),"123/788-A, Fazal Ganj,, Kanpur-208012",AAXPK3602M,09AAXPK3602M1Z5,kanpur,Uttar Pradesh,208012,,512-2233649,,info@kpcgroupindia.com,
3632,Raman Leather,,,,Delhi,Delhi,,,,,,
3633,RAM Concepts India Pvt. Ltd. (Ndls),"B-216, I Okhla Industrial Area Phase 1, -110020, 01141076184, Martin@ramconcepts.Eu",,,Delhi,Delhi,,,,,,
3634,Ram Enterprises,"B-12, SBI Colony, J P Nagar, 1st Phase, Bangalore",,29BOJPS7391E1ZA,Bangalore,Karnataka,,,,9980999402,gsriram43@gmail.com,
3635,Ramer India Pvt Ltd (Noida),"UK-1114, Ground Floor Echotech-3, Greater Noida-201306",,09AAHCR9055N1ZK,Noida,Uttar Pradesh,201306,,,,,
3636,Ramesh Agarwal,Chennai,,,Chennai,Tamil Nadu,,,,,,
3637,Ramesh Shoe Company (Agc),"K8 Lawyers Coliny Agra, Pin Code-282005",,09APRPP8449Q1ZG,Agra,Uttar Pradesh,282005,,,9213266332,rameshfootwear@gmail.com,
3638,Ram Fashion Exports,"M/S C R Shoes, Chinnavarikkam, Ambur,",,,Ambur,Tamil Nadu,,,,,,
3639,Ram Fashion Exports Pvt Ltd (Bom),"Plot No.A-463, TTC Industrial Area,, MIDC, Mahape, Navi Mumbai - 400 710",,27AAACR1955L1Z4,Mumbai,Maharashtra,400710,Mr. Santosh Poojari,27786066/39430400-29,9221394851/9819696698,santoshpoojari@ramfashion.com,
3640,Ramnath Exports Pvt Ltd. (Ndls),"A-64, Okhla Indl. Area Phase-2, Delhi-110020",,07AAACR0003R1ZH,Delhi,Delhi,110020,,011-41090734-35,,,
3641,Ranada Exports (Bom),"83, Jail Road, (South), Liberty Compound,, Dongri, Mumbai-400009",AATFR6899R,27AATFR6899R1ZI,Mumbai,Maharashtra,400009,Mr. Farid Fodkar,22-23750171,9167299929,accounts@ranadaexports.com,
3642,Rana Enterprises,"S-1/3-4, Sanjay Place Shoe Market, Agra-282002",,09ACLPJ8870A1ZF,Agra,Uttar Pradesh,282002,,,9837073220,,
3643,Rana Overseas ( Agc),"39 C-42, Epip Shastripuram, Sikandra, Agra - 282 007",,09AXFPR5392C1Z7,Agra,Uttar Pradesh,282007,Mr. Dinesh,9837077559,,ranaoverseas@hotmail.com,
3644,Rane Diecast Ltd,,,,Hyderabad,Telangana,,,,,,
3645,Rane ( Madras ) Limited (Mysore),"Plot No.-79/84, Hootgalli Industrial Estate, Mysore, Karnataka",,29AACCR9772M1ZH,Bangalore,Karnataka,,Mr.Darshan M,,9663096632,m.darshan@ranegroup.com,mm.rajesh@ranegroup.com
3646,Rane Madras Ltd,"#154, Old No.61, Velacherry Road,, Chennai",,,Chennai,Tamil Nadu,,,,,,
3647,Rane Mardres Ltd (Chennai),,,,Chennai,Tamil Nadu,,,,,,
3648,Ranika Exports Design Pvt Ltd (Noida),"C-27-28, Sector-08, Noida, Uttar Pradesh-201301, 9711113599, Store@ranikadesign.Com",,,Noida,Uttar Pradesh,201301,,,,,
3649,Ranipet Leather,,,,Chennai,Tamil Nadu,,,,,,
3650,Ranvik Exports P Ltd,,,,Gurgaon,Haryana,,,,,,
3651,Ranvik Exports Pvt Ltd (Ggn),"Plot No. 299-300, Sector-7, Ph-II,  IMT Manesar, Gurgaon",,06AAACR3800L1ZK,Gurgaon,Haryana,,,,9899566360,accounts@ranvikexports.com,
3652,Rase Leather Works,,,,Chennai,Tamil Nadu,,,,,,
3653,Rastriya Engg Pvt Ltd,,,,Mumbai,Maharashtra,,,,,,
3654,Rastriya Engineers Pvt Ltd (Bom),"B-22, Satyam Shppg Centre, Mahatma Gandhi Road,, Ghatkopar(E), Mumbai, Maharashtra 400077, 022 2512 3438",,,Mumbai,Maharashtra,400077,,,,,
3655,Rathnam Leathers,,,,Chennai,Tamil Nadu,,,,,,
3656,Raven Logistics Private Limited (Ndls),"F-87 Manish Mall Sector-22, Dwarka,New Delhi-110077",AAFCR0452H,07AAFCR0452H1ZK,Delhi,Delhi,110077,Mr. Sinha,,9810320412,sinha.del@ravenlogistics.in,
3657,Ravi Advertisers (Bom),"Jagdish 603 Chanande Tower, Mumbai, 09323711268",,,Mumbai,Maharashtra,,,,,,
3658,Ravi Kumar,,,,Chennai,Tamil Nadu,,,,,,
3659,Ravi Machine Works (Ndl),,,,Delhi,Delhi,,,,,,
3660,Ravi Machine Works ( Ndls ),"L- 29 Gali No- 6 Anand Parvat, Ind Are , Tin - 28762761",,,Delhi,Delhi,,,,,,
3661,Ravinder Kumar Chahal,"Hotal Citrus, Survey No-80/2 Marathalli Sarjapur, Outer Ring Road -560103, Ph-9611588847",,,Bangalore,Karnataka,,,,,,
3662,Ravi Traders (New Delhi),"Gali Durga Mandir 313/18-D, Inderlok, Tri Nagar, ,  110035",,,Delhi,Delhi,,,,,,
3663,Raz Shoes (Bom),"222/E, Shop No. 17, Prabhat Wadi,, Bellasis Road, Near Raj Oil Mills,, -400008, 022-23092020, Razshoes@yahoo.in",,,Mumbai,Maharashtra,400008,,,,,
3664,R B Ram Nath Lambah & Sons Pvt Ltd (Ndls),"Pratap Chambers 108, Gurdwara Road, Karol Bagh,, New Delhi-110005",,07AAACR6614G1ZJ,Delhi,Delhi,110005,Mr. Raj,,9911142992,,
3665,R C Enterprises (Ndls),"8933 Shidpura Karol Bagh, -110005",,,Delhi,Delhi,,,,,,
3666,R Cube Enterprise,,,,Chennai,Tamil Nadu,,,,,,
3667,Rdevis Engineers Pvt. Ltd. (New Delhi),"Address: B-96, 2nd Floor (Near Nirulas-Defence Colony Flyover), Birbal, Rd, Lajpat Nagar I, Lajpat Nagar, ,  110024, Phone:011 4162 2139",,,Delhi,Delhi,,,,,,
3668,RDSR Sourcing Solutions (New Delhi,"Plot No-102 DDA SFS Flats Sec-5, Pocket No-1 Dwarka New Delhi_110075",,07AEPPT9707A1Z7,Delhi,Delhi,110075,,,9899911999,deepti@rdsrindia.com,
3669,Red Alert Enterprises (Agc),"National Shoe Market, Hing Ki Mandi,, Hing Ki Mandi, , Uttar Pradesh 282003, 0562 225 7221",,,Agra,Uttar Pradesh,282003,,,,,
3670,Red Hide (Hwh),"1/5, Colline Lane,, Kolkata-700016",,19AOHPA6123K1ZZ,Kolkata,West Bengal,700016,Mr. Ibrar,,7044723797,ibrarahmedrocks@gmail.com,
3671,Red Roots India (Bom),"K-20, Ground Floor,, M. R Society Relief Road,, Santacruz West, Mumbai-400054",,27AAOFR6259A1Z0,Mumbai,Maharashtra,400054,,,9819295468,murtaza@redrootsindia.com,
3672,Red Shoes (Bom),"17,Bmc Chawl 1st Stablestreet 13th Kamathipura, Lane Nagpada Mumbai, Pin Code 400008",,27BEZPK1558P1ZF,Mumbai,Maharashtra,400008,,,,intezarkhan2009@gmail.com,
3673,Reeshi -A-One Exports(Hwh),"7b Hatibagan Road Cit Road, Kolkata Pincode-700014",,19AALFR3627B1Z8,Kolkata,West Bengal,700014,,,,,
3674,Reetam International,,,,Delhi,Delhi,,,,,,
3675,Reflections Leathers Pvt Ltd (Cnb),"226/1, Safipur-1, Subhash Road, Harjinder Nagar, Kanpur-208007",,09AAHCR1430R1ZX,kanpur,Uttar Pradesh,208007,,,,kredibleoverseas13@gmail.com,
3676,Reflexions Narayani Impex Pvt Ltd (Hwh),"Plot No. S - 59, Phase III., Kasba Industrial Estate.,  - 700 107 (India, Leather@reflexionsindia.Com, 9230018911/33-2442 2855, 2442 3016",,,Kolkata,West Bengal,700107,Mr. Sutanu Banejee,9230018911,,,
3677,Regal Shoes,,,,Pune,Maharashtra,,,,,,
3678,Regal Shoes (New Delhi),"C-198  Defence colony, New Delhi-110024",,07AACPT7450M1Z7,Delhi,Delhi,110024,,,"09811609499,9811432520",,
3679,Regent Gateway Bangalore,,,,Bangalore,Karnataka,,,,,,
3680,Rehman International (Cnb),"569-C/1, Defence Colony, Jajmau, Kanpur-208070",,09AAMPR0032P1Z9,kanpur,Uttar Pradesh,,,,9795562252,rehmanint569@gmail.com,
3681,Reishi A ONE Exports (Kolkatta),"No-7B, Hathi Bagan Road,CIT Road No-8, Paddapukur, Kolkatta.",,,Delhi,Delhi,,,,,,
3682,Reliable Leather Works ( Hwh ),"81E, Topsia Road, -700039, 9830026441/9051222372, Reliableleather@gmail.Com",,,Kolkata,West Bengal,700039,Mr. Azhar Uddin,,9051222372,reliableleather@gmail.com,
3683,Reliance Exims (Cnb),"No. 135, Sir Iqbal Street, Jajmau, Kanpur-208010",,09AAMFR0427J1ZZ,kanpur,Uttar Pradesh,208010,,512-2450171,,reliance.shadab@gmail.com,
3684,Reliance Traders (Cnb),"105/591, Hafiz Halim Road, Chaman Ganj, Chamanganj,, Olonelganj, Kanpur",AAIFR9507K,09AAIFR9507K1ZM,kanpur,Uttar Pradesh,,,,9336118821,reliancetraderskanpur@gmail.com,
3685,Relinace Digital Retail Ltd,,,,Chennai,Tamil Nadu,,,,,,
3686,Resil Chemicals Pvt Ltd (Sbc),"No. 40, Goshala Road,, Garudarpalya, Mahadevapura,, Bangalore - 560048",,29AADCN1764G1ZD,Bangalore,Karnataka,560048,,80 4348 6200,,contactus@resil.com,
3687,Resshi (A-One) Exports (Hwh),"No. 7-B, Near Hatibagan Lane,, Kolkata-700014",,19AALFR3627B1Z8,Kolkata,West Bengal,700014,Mr. Surya Gulati,33-65334170,9836746012,suryagulati@gmail.com,
3688,Revie India Exports,,,,Delhi,Delhi,,,,,,
3689,Revive India Exports ( Ndls ),"E-75/76,Vishwakarma Colony,, Lal Kuan, M.B. Road  - 110044, Mob No.09868044478 < 9350558573",,,Delhi,Delhi,,,,,,
3690,Revive India Exports (Noida),"G-169 Sector -63, Noida-201301",,09AAUFR9539D1ZH,Noida,Uttar Pradesh,201301,Mr. Chopra,,9718798155,,
3691,Revive India Exports ( Okhala),"E-75/76,Vishwakarma Colony,, Lal Kuan, M.B. Road  - 110044, Mob No.09868044478 < 9350558573",,,Delhi,Delhi,,,,,,
3692,Reycor India Services (Noida),"C-38 2ND FLOOR SECTOR-2, NOIDA 201301",,09AAAPR0196C1ZV,Noida,Uttar Pradesh,201301,,,,,
3693,R G L Flexible ( Ggn ),"Plot No- 314, Sector-7, Imt Manesar, , ",,,Gurgaon,Haryana,,,,,,
3694,Rhydell Exporters (Cnb),"123/788 Fazalganj Opp. V.C. Motors,, Kanpur - 208005",,09ABAPA2000R1Z0,kanpur,Uttar Pradesh,208005,,,87954 42200/9839105375,rhydellexporters@yahoo.com,
3695,Ribtex India,CHENNAI,,33AADPB4249B1ZH,Chennai,Tamil Nadu,600034,,,,,
3696,Riddhi Siddhi Enterprises (Agc),"13/105, 1st floor, choudhary market, sahadara- link road , nunihai,, Agra-282006",,09BWQPA5430F1ZL,Agra,Uttar Pradesh,282006,,,8979571506,anarayan334@gmail.com,
3697,Rider Leather Finishers (Cnb),"88/43, Prem Nagar,, Kanpur-208001",,09AABPY1320N1ZG,kanpur,Uttar Pradesh,208001,Aijaz Khan,9839069034,9621105242,rider.l.f@gmail.com,
3698,Ridhi Sidhi Laminations,Noida,,,Noida,Uttar Pradesh,,,,,,
3699,Right Tight Fasteners,,,,Pune,Maharashtra,,,,,,
3700,Rigid Boxe Ind,,,,Chennai,Tamil Nadu,,,,,,
3701,Rigid Industries (Sbc),"152-A, III Cross, 5th Main, 2nd Stage,, Industrial Suburb, Yeshwanthpur,, Bangalore -560058",,29AADFR6911L1ZT,Bangalore,Karnataka,560058,,,,rigid152@gmail.com,
3702,Rimras Leathers,,,,Ambur,Tamil Nadu,,,,,,
3703,Rishika Kudalkar,Mumbai,,,Mumbai,Maharashtra,,,,,,
3704,Rishi Overseas ( Ndls ),"184,  Sukhdev  Vihar,  New Delhi - 110025",,07AAAFR5607A1ZQ,Delhi,Delhi,110025,,,9821054045,,
3705,Rituu Exports PvtLtd (Hwh),"1W Sapgachi Ist Lane, New 42A Bus Stand, Kolkata",,19AADCR3433N1Z1,Kolkata,West Bengal,,,,9831130038,,
3706,Ritz Leather Exports,Noida,,,Noida,Uttar Pradesh,,,,,,
3707,Riya Industries (Ndls),"Polt No-1 Khasra No.12/08 Mondoli  Ind. Area, Harsh Vihar -110093, E-Mail:Riyaindusties008@gmail.Com",,,Delhi,Delhi,110093,,,,,
3708,Rizwan,,,,Ranipet,Tamil Nadu,,,,,,
3709,Rizwan Leather,,,,Ambur,Tamil Nadu,,,,,,
3710,RJ Associates,,,,Chennai,Tamil Nadu,,,,,,
3711,R K Components Pvt Ltd (Ggn),", ",,,Gurgaon,Haryana,,,,,,
3712,R.K.D. Enterprises (New Delhi),"3/5947BASEMENT HARDHIAN SINGH ROAD, KAROL BAGH NEW DELHI-110005",,07AJBPB2132L1ZO,Delhi,Delhi,110005,,,,,
3713,R K Enterprises ( N Delhi ),"5379.Laddu Ghati, Pahar Gang,,  - 110055, Ph; 23584523",,,Delhi,Delhi,,,,,,
3714,R K Traders (Hwh),"103, Tiljala Road, Kolkata-700046",,19CHCPS6421A1ZJ,Kolkata,West Bengal,700046,Mr. Hari Kishore,,9748461075,harikishor276@yahoo.com,
3715,"Rmco Auto Accessories, (Koral Bagh)","57/1725, Abdul Aziz Rd, Block, 26I, Nai Walan, Karol Bagh, New Delhi, Delhi 110005, Phone: 011 4507 3255",,07AAGFR2886K1ZO,Delhi,Delhi,,,,,,
3716,R M IMPEX (Hwh),"Zone-10, Plot No. 905, Kolkata Leather, Complex, Gate No. 02, South 24 Parganas,","AAIFR5109H",19AAIFR5109H1Z2,Kolkata,West Bengal,700133,,,9434569647,rmimpex@hotmail.com,
3717,R M International (Hwh),"93,Dakshindari Road, Kolkata-700048",,19AADFR7821D1Z8,Kolkata,West Bengal,700016,,,9804812244,r.m_international@rediffmail.com,
3718,R N Bajaj Oversers (Agc),"589-A, Artoni, Agra-Mathura Road,, Agra-282007",,09AAFFR2386F2Z0,Agra,Uttar Pradesh,282007,,,9639012334,accounts@rnbajaj.com,rahul@rnbajaj.com
3719,RNB Global Impex (Agc),"589, Artoni Mathura Road,, Agra",,09AANFR0662C1Z8,Agra,Uttar Pradesh,,,,,accounts@labriza.co,
3720,R.N.Creation,,,,Delhi,Delhi,,,,,,
3721,RNG APPARELS (Ndls),"H NO. 5 KH NO. 1074 FIRST FLOOR, WHITE HOUSE NEAR DEEP PROPERTY, BHALASWAN -110033, 7531080322, Del@rngapparels.Com, Kakasaheb.Haral@ril.Com, Vikash.Sahu@ril.Com",,,Delhi,Delhi,,,,,,
3722,R N G Apparels ( New Delhi ),"B - 144 , DDA Flats, Mig, Phase IV, Ashok Vihar - 110052, 9312325000 , 011-42478244",,07BBLPS8437G1Z4,Delhi,Delhi,,,,,,
3723,RNG EXPORTS INDIA (Cnb),"992G, Wajidpur Indl. Area, Jajmau, Kanpur- 208 010",,09AWZPS3624H1ZR,kanpur,Uttar Pradesh,208010,,9336919197,9336225813,gaurav@rngexportsindia.com,accounts@rngexportsindia.com
3724,R.N.G Krishna,Kanpur,,09AALFR7232C1Z6,kanpur,Uttar Pradesh,,,,,,
3725,RNG Krishna (Cnb),"E-6, Panki Site-1, Kanpur - 208022",,09AALFR7232C1Z6,kanpur,Uttar Pradesh,208022,Mr. Akash Garg,9839062712,9838096000,rngkrishna2010@gmail.com,
3726,R.N.G Packaging,Noida,,,Noida,Uttar Pradesh,,,,,,
3727,R.N.G. Packagings Private Limited (Noida),": D-151,I-Area, Lohia Rd, A Block, Sector 63, Noida, Uttar Pradesh 201301, Phone:0120 474 7500",,09AAACR1201R1ZB,Noida,Uttar Pradesh,201301,,,09811735929,,
3728,R.N.S. Exports (Ndls),"P/16 Sreenivasapuri Private Colony, New Delhi-110065",,07BCNPS0821H1ZI,Delhi,Delhi,110037,,,,,
3729,Rockwell Industries (Ndls),"C- 87/2, Chauhan Banger, Matke Wali Gali NO-11, Delhi, 08376858293",,07AHRPA1169N1ZZ,Delhi,Delhi,110053,,,,,
3730,Roger Industries,,,,Agra,Uttar Pradesh,,,,,,
3731,Roger Industries Ltd (Agc),"Plot No. 2-KM, Agra Mathura Road,, Artoni, Agra-282007 U P",,09AADCR7954C1Z7,Agra,Uttar Pradesh,282007,,,9927230666,mukesh.jain@rogerexports.com,
3732,Roger Industries Ltd. (Agra),"Mathura Road, Artauni, Agra,, Uttar Pradesh 282007",,,Agra,Uttar Pradesh,,,0562 264 1857,,,
3733,Rohit Chauhan,,,,Agra,Uttar Pradesh,,,,,,
3734,Rojus Enterprises Ltd (Cnb),"102/88 10-A 150 Feet Road,, Jajmau Kanpur - 208010",,09AABCN2972Q1ZS,kanpur,Uttar Pradesh,208010,Mr. Paras Arora,9935752220,8127327425,purchase@allencooperindia.com,
3735,Roma International (HWH),Kolkata,,19ACQPC7726H1Z9,Kolkata,West Bengal,,,,,,
3736,Ronaldo Exports ( Mumbai),,,,Mumbai,Maharashtra,,,,,,
3737,Ronit International (Cnb),"No. 601, Ashreya, No. 7/115, Swaroop Nagar,,  - 208002 , India, 0512-2535152/9336348668",,,Kanpur,Uttar Pradesh,208002,,,,,
3738,Roser Industries (Agc),"Mathura Road, Agra.",,,Agra,Uttar Pradesh,,,,,,
3739,Roshan Traders (Hwh),"114-B Tiljala Road, Kolkata-700046",,19ADNPD9613L1Z2,Kolkata,West Bengal,700046,,,,,
3740,Ross Leather Goods (Cnb),"113/93 Swaroop Nagar, ,,  - 208002, India
, 512-3042089/9336274262, Vishal@rossleathergoods.Com",,,Kanpur,Uttar Pradesh,208002,,,,vishal@rossleathergoods.com,
3741,Rosso Brunevo Leather,,,,Delhi,Delhi,,,,,,
3742,Rosso Brunevo Litrs ( Ndls ),,,,Delhi,Delhi,,,,,,
3743,Rosy Rose Overseas (Ndls),"3141  Sangat Roshan Chowk, Near Silver Shine Hotel, Pahar Ganj New Delhi-110055",,07AAFPB2592K1ZP,Delhi,Delhi,,,,,,
3744,Royal Enfield,,,,Chennai,Tamil Nadu,,,,,,
3745,Royal Footwear (Bom),", Asifmerchant2002@yahoo.Com ",,,Mumbai,Maharashtra,,,,,asifmerchant2002@yahoo.com ,
3746,Royal India Traders (Mub),Mumbai-11,,,Mumbai,Delhi,,,,,,
3747,Royal International (Cnb),"Plot No. 1139 of Arazi No. 844, Mona, Wajidpur Factory Area, Jajmau, Kanpur",,09AAOFR6786Q1ZT,kanpur,Uttar Pradesh,,,,9936250786,accounts@royalinternational.com,accounts@ikintl.com
3748,Royal Leather (Hwh),"30B/2 GOLAM JILANI KHAN ROAD,  700039, 98306 85398, Royaleathers@gmail.Com",,,Kolkata,West Bengal,700039,,,,,
3749,Royal Packers (Agc),"42/138-Krishna Kunj,Halwai Ki Bagichi,, Mathura Road, Agra-282002 U P",,09AAVFR6944H1ZD,Agra,Uttar Pradesh,282002,Mr. Gaurav,0562-2602231/30,,info@royalpackers.com,
3750,Royal Polymers,,,,Agra,Uttar Pradesh,,,,,,
3751,Royal Polymers (Agc),"C-31, Sikandra, Site-C,Upsidc,, Agra - 282007 U. P.",,09ABHPG3967C1ZO,Agra,Uttar Pradesh,282007,,562-3290859,,royalpolymersindia@ymail.com,
3752,R-Pack Ind Pvt Ltd,Bhiwandi,,,Bhiwandi,Maharashtra,,,,,,
3753,R P International,"No-16, 30 Th, Street, Shankar Nagar, Pammal,, Chennai",,33CMTPM2690B1ZY,Chennai,Tamil Nadu,600075,,,,,
3754,R P Leather (Ndls),"#6105/1, Padam Singh Road Gali No7, Karol Bagh,, -110005
",,,Delhi,Delhi,110005,,,,,
3755,R R Collctions (Noida),"A/43 Sector 64, Noida  Uttar Pradesh",,09ASJPK1435E1ZW,Noida,Uttar Pradesh,,,,,,
3756,R.R.Collections,Noida,,,Noida,Uttar Pradesh,,,,,,
3757,RR Leather Products Pvt Ltd,"136, SIDCO Industrial Estate, Ambattur, -600098",,,Chennai,Tamil Nadu,,,,,,
3758,RR Partner (Ggn),"Plot 633C, Phase 5, Udyog Vihar,, Gurgaon-122016",,06AAQFR5479L1ZB,Gurgaon,Haryana,122016,,,9971214899,,
3759,RR Parts (Ggn),"Plot No. 634 C, Phase-5, Udyog Vihar , , 9350533084",,,Gurgaon,Haryana,,,,,,
3760,RR Trends ( Noida ),"Office No. B-34/4, Sector-59, Noida-201301. 0120-4583000",,,Noida,Uttar Pradesh,,,,,,
3761,R.S Bakash (Mumbai),,,,Mumbai,Maharashtra,,,,,,
3762,R S Electrical Industries ( Del ),G-107 G-132 Sector-1 Dsii Dc Bawana N ,,,Delhi,Delhi,,,,,,
3763,R S Impex,,,,Chennai,Tamil Nadu,,,,,,
3764,R S Industrie,"Khasra No. 45/2, Plot No. 14-A,, Mahal Gaun, Mauja Lakhanpur,, Sikandra, Agra",,09AAQFR0375P1ZC,Agra,Uttar Pradesh,,,,,,
3765,R.S Industries,,,,Delhi,Delhi,,,,,,
3766,R S Leather (Ndl),"E-908, GF Kutub Vihar,, Phase 2,Goyla Dairy,, New Delhi-110071",,07BDAPS1044L1ZJ,Delhi,Delhi,,,,+91-7834887992,,
3767,R S Prakash Associates ( Bom ),"A/8, Ghaikopar Industrial Estate,, Off L.B.S. Marg, Ghaikopar, West Mumbai-400086",,27AAEFR4904Q1ZP,Mumbai,Maharashtra,400001,Mr. Ulhas,22-67969032/67974139,,accounts@rsparkash.com,
3768,RSV Worldwide,"B-2, Site-  A, Upside, Industrial Area,, Agra",,,Agra,Uttar Pradesh,,,,,,
3769,R S V Worldwide (Agc),"Plot No. B-2 Site A Industrial Area,, UPSIDC, Sikandra, Agra-282007",,09AALFR2882A1Z4,Agra,Uttar Pradesh,282007,Mr. Sunil Garg,9927860067,,planningrsv@gmail.com,
3770,Ruby Exports,"Chrompet, Chennai",,,Chennai,Tamil Nadu,,,,,,
3771,Rudra Exports (New Delhi),"B-270 , HARI NAGAR, CLOCK TOWER, ,  - 110064, Bobbygsexports @g.Mail, M-9871308023",,,Delhi,Delhi,,,,,,
3772,Ruksh Enterprises (Cnb),"89,A, 60 Feet Road, Jajmau,, Kanpur-208010",,09AAGFR0682K1ZU,kanpur,Uttar Pradesh,208010,Mr. Aftab,512-2463662,,office@rukshoes.com,
3773,Ruksh Footwear (Cnb),"50-A 150 ft. Road, Jajmau,,  - 208010, INDIA (UP), 512 -2461639, 2460226, Iftekhar@ruksh.Com/office@ruksh.Com, Accounts@ruksh.Com",,,Kanpur,Uttar Pradesh,208010,,,,,
3774,Ruksh International (Cnb),"50-A 150 ft. Road, Jajmau,
, Kanpur - 208010",AABFR3706P,09AABFR3706P1ZU,kanpur,Uttar Pradesh,208010,Mr. Anwar,,8090168721,gm@ruksh.com,
3775,Ruma I Mpex,"33, Big Street, Melvisharam, Vellore.",,,Vellore,Tamil Nadu,,,,,,
3776,Rumina Leathers,,,,Ambur,Tamil Nadu,,,,,,
3777,Rupesh Kumar,,,,Gurgaon,Haryana,,,,,,
3778,Rupmaya Shoe Last Industries Pvt Ltd ( Agc),"E-125, Site-C, Upsidc,, Sikandra, Agra-282007",,09AABCR8729F1Z4,Agra,Uttar Pradesh,282007,,,562-3250118,rupmaya@gmail.com,
3779,Rus Exim Pvt Ltd (Agc),"12 Megh Vihar,Kailash Vihar,, Gailna Road, Agra 282005",,09AAACR3392P1ZR,Agra,Uttar Pradesh,282005,Ms. Ruchika,9350837810,9810179080,ruchika@grouprus.com,rusqc@grouprus.com
3780,R V International (Noida),"B-71  Sector 67, Noida, M-9818155939",,,Noida,Uttar Pradesh,,,,,,
3781,Rvs Exim,,,,Agra,Uttar Pradesh,,,,,,
3782,Ryder India (NDLS),"104-105 Ist Floor  Plot  No H-7 Aggawal, Plaza Netaji Subhash Place Pitmpur, -110034 (India), Sumit Sharma 09958978168, E.Mail Marora@ryderindia.Com, Info@ryderindia.Com",,,Delhi,Delhi,,,,,,
3783,R Y Enterprises,Ambur,,,Ambur,Tamil Nadu,,,,,,
3784,Saab Footwear Pvt Ltd (Bom),"209, Om Sai Compound, Behind, Heena Hotel, Opposite Sitladevi Temple, Sakinaka-Ghatkopar, Link Road, Asalpha, Ghatkopar West,, Mumbai- 400072",AAICS2377P,27AAICS2377P1ZL,Mumbai,Maharashtra,400072,Mr. Murtaja,,9004493363,account@saabfootwear.com,
3785,Saahana LLc,Noida,,,Noida,Uttar Pradesh,,,,,,
3786,Saan Overseas,"Perimet, Chennai",,,Chennai,Tamil Nadu,600003,,,,,
3787,Saavi International (Cnb),"109/239 R K Nagar,, Kanpur-208012",,09BCIPS0850F1ZI,kanpur,Uttar Pradesh,208012,,,,,
3788,Saba Exports,,,,Kanpur,Uttar Pradesh,,,,,,
3789,Saba Exports ( Cnb ),"PA/104/90-A (28-C), Sanjay Nagar, Wajidpur, Jajmau,, -208010,U.P. India, 512-6552553/9235443588, Info@sabaexports.Com/accounts@sabaexports.Com",,,Kanpur,Uttar Pradesh,208010,,,,info@sabaexports.com,accounts@sabaexports.com
3790,Saba Leather Export (New Delhi),New Delhi,,,Delhi,Delhi,,,,,,
3791,Sab International (Hwh),"3, Biplabi Anukul Ch Street,, Kolkata-700072",,19AFCPA8958A1ZL,Kolkata,West Bengal,700072,,,,,
3792,Sabs Export (Noida),"C-103Sector-63, Noida-201301",,09AAMFS3225P1ZK,Noida,Uttar Pradesh,201301,,,,,
3793,Sabyasachi Couture (Hwh),"80/2, Topsia Road South MarutiBagan, -700046, (033) 40316000/9830881375, Sabyasachicouture@hotmail.Com, Accounts@sabyasachi.Com",,,Kolkata,West Bengal,700046,,,,accounts@sabyasachi.com,
3794,Sachdeva Overseas (Agc),"30,Kailash Vihar Gallana Road,, Agra-282007",,09ACKFS9328R1ZY,Agra,Uttar Pradesh,282007,,,,info@sachdevaoverseas.in,
3795,Sadaf International (Cnb),"Kanpur - 208010 INDIA, 9119801311, Acct.Sadaf@gmail.Com",,,kanpur,Uttar Pradesh,208010,,9119801311,,acct.sadaf@gmail.com,
3796,Sadar Jhoola House (Ndls),"38-A, Khurshid Market, Sadar Bazar,, -1100006, 9313236900",,,Delhi,Delhi,,,,,,
3797,Sadat Leather Industries (Cnb),Kanpur Uttar Pradesh,,09AGYPN8641G1ZL,kanpur,Uttar Pradesh,,,,7499883083,mohdfahmi2013@gmail.com,
3798,S.A.Enterprises (Ndls),"WZ-474, Madipur Village, New Delhi.",,07ATGPA6681A1Z1,Delhi,Delhi,110063,,,,,
3799,Safety Solutions Inc (Hwh),"P-41, Scheme VI (M), CIT Road, -700042, 33-24292090/ 9831012068,9339500163",,,Kolkata,West Bengal,,,,,,
3800,Safiya Enterprises,"2/j Mettupalayam, Vaniyambadi",,,Vaniyambadi,Tamil Nadu,,,,,,
3801,Sagari Leathers,Agra,,,Agra,Uttar Pradesh,,,,,,
3802,Sagari Leathers (P) Ltd (Agc),"C-33, UPSIDC, Site-C, Industrial Area,, Sikandra, Agra-282007.",,09AAACS6720N1Z0,Agra,Uttar Pradesh,282001,Mr. Pankaj Tiwary,562-2463931/2460035,9837786562,sagari@sagarileathers.com,
3803,Sagar International ( Ndl ),,,,Delhi,Delhi,,,,,,
3804,Sagar International ( Ndls ),,,,Delhi,Delhi,,,,,,
3805,Sagar Leathers (Aug),,,,Agra,Uttar Pradesh,,,,,,
3806,Sahara International (Hwh),"88/H/1, 1, Eliot Rd, Mullick Bazar, Taltala, Kolkata, 700016, 093310 64007",,,Kolkata,West Bengal,700016,,,,,
3807,Sahara Leather India (Ndl),,,,Delhi,Delhi,,,,,,
3808,Sai Caps Closures,,,,Delhi,Delhi,110042,,,,,
3809,Saichamois Inc,Chennai,,,Chennai,Tamil Nadu,,,,,,
3810,Sai Creation (Ndls),"2217/169, Ground Floor, Ganesh Pura,, Tri Nagar, Delhi-110035",,07AKCPV6104A1ZK,Delhi,Delhi,110035,,,9278398037/9350398037,,
3811,Sai Euphoria Exports,"A- 169, Sec-83, Noida",,09AGZPM7539D1ZO,Noida,Uttar Pradesh,201305,,,,,
3812,Sai Euphoria Exports (Noida),"A-169, Sector-83, Noida-201305, 9810554067",,09AGZPM7539D1ZO,Noida,Uttar Pradesh,201305,,,,,
3813,Sai Global (Agc),"F-318, Kamla Nagar, Agra,",,09ACBFS3633E1ZA,Agra,Uttar Pradesh,,,,9837180151,saigloballeathers@gmail.com,
3814,Saihan Leather,Ambur,,,Ambur,Tamil Nadu,,,,,,
3815,Sai International (Ndls),"4/5933 Dev Nagar, Karol Bagh, New Delhi-110005",,07AEQPC6203D1ZW,Delhi,Delhi,110005,,9810974838,9810974818,,
3816,SAI KRIPA IMPEX,,,,Chennai,Tamil Nadu,,,,,,
3817,Sai Kripa Impex P Ltd,,,,Agra,Uttar Pradesh,,,,,,
3818,Saikripa Impex Pvt. Ltd. (Agc),"102, APURVA RESIDENCY, HALWAI KI BAKICHI,,  - 280208, Uttar Pradesh,, 8077048718, Saikripaimpex.Rm@gmail.Com",,,Agra,Uttar Pradesh,,,,,,
3819,Sai Krippa Impex,,,,Ranipet,Tamil Nadu,,,,,,
3820,Sai Leather Crafts (Bom),"C-39, Dharavi, Kalpataru CHS,, Sant Rohidas Marg, Opp. Goldfild Plaza,, Dharavi, Mumbai-400017",,27AACPB2240F1ZG,Mumbai,Maharashtra,400017,Mr. Chandu Bhoite,9821035236,,cpbhoite@hotmail.com,cbhoite@yahoo.com
3821,Saim & Co. (Cnb),"98/156 A Beconganj, Sector-13, Kanpur",,09AARPA0218K1ZR,kanpur,Uttar Pradesh,,,,8542911631,saim@co.meraj@gmail.com,
3822,Sainath Printpack Pvt Ltd (Agc),"6B/64A, Shastri Nagar, Opp. Dr. Dhakre,, Khandari, Agra-282002",,09AANCS9278E1ZN,Agra,Uttar Pradesh,282002,,,9760045177/9759712900,sainathenter@gmail.com,
3823,S.A.Industry,,,,Agra,Uttar Pradesh,,,,,,
3824,S.A Industry (Agc),"Site- A, Upsidc Industrail Area, Sikandra,, Agra -282007",,09ACOFS1480J1ZL,Agra,Uttar Pradesh,,Prashant Gupta,0562-2640144,,accounts@saindustry.com,
3825,Sainik Plastic Works,,,,Delhi,Delhi,,,,,,
3826,Sain Stationery Mart,,,,Delhi,Delhi,,,,,,
3827,Sai Printo Pack Pvt Ltd (N.Delhi),,,,Delhi,Delhi,,,,,,
3828,Sai Sagar Leather House (KarolBagh),"5294/7 , Dev Nagar, Guru Ravi Das Marg, Krishna Nagar, Karol Bagh,   110005, Mob No.9810286067 Mr. Vikash",,,Delhi,Delhi,,,,,,
3829,Sak Enterprises (Bom),"Mahakali Road, Sakinaka, Andheri, ",,,Mumbai,Maharashtra,,,,,,
3830,Sakthi Ram Leathers,"SIPCOT, Ranipet",,,Ranipet,Tamil Nadu,,,,,,
3831,Saky Exports (Hwh),", , 8583064737, Sakyexports@yahoo.Com",,,Kolkata,West Bengal,,,,,,
3832,S A  Leather Finishers,"No;-47/246, A, K K St,Basheerabad, Muslimpur,, Vaniyambadi,",,33CIDPS7336C1ZD,Vaniyambadi,Tamil Nadu,,,,,,
3833,Salim Shoes,,,,Ranipet,Tamil Nadu,,,,,,
3834,Sambena Shoes (Bom),"Shop No. 6, Joshi House, Opp Shalimar Hotel, Kemps Corner,, Malabar Hill, ,  400036, 022 2387 2978, Info@sambena.Com",,,Mumbai,Maharashtra,400036,,,,,
3835,Sameko Industries,,,,Delhi,Delhi,,,,,,
3836,Samik Exports India Pvt Ltd ( Ggn),"104, Sector-5, Manesar, Gurgaon-122051",,06AAHCS1161L1ZA,Gurgaon,Haryana,122051,Mr. Sushant Kumar,,,sushantaccount@samik.in,aman.batra@samik.in
3837,Sam Overseas (Ggn),"No. 547-E Basement, Pace City-II Sector-37, -122001",,,Gurgaon,Haryana,,,,,,
3838,Samson Leather Garments (Sbc),"86, Ezikiel Industrial Estate, Arabic College Road, Kadugondanahalli, Bengaluru-560045",,29AAKFS1770R1ZA,Bangalore,Karnataka,560045,Mr. A. Shafeeq Ahmed,93419 60530,9444580002,samsons@samsons.in,
3839,Samsun International (Karol Bagh),"5638, Gali No 78, Karol Bagh,  110005",,,Delhi,Delhi,,,,,,
3840,Sanaaliya Design Pvt Ltd (Hyb),"12-2-709/A/19m Berbun -500028, TG, Hansa@satyam.Net.In/hansa14@gmail.Com, 09949998351/040-65546621",,,Hyderabad,Telangana,500028,,,,,
3841,Sana International (Hwh),"22/2/H/2 Bright Street, Kolkata-700017",AAMFS1076Q,19AAMFS1076Q1ZC,Kolkata,West Bengal,700017,Mr. Javed,,9831146216,accounts@sanainternational.com,
3842,Sanatra Health Care (Bom),", Maharastra",,,Mumbai,Maharashtra,,,,,,
3843,Sandeep Industries (N.Delhi),"17d/1, Rama Road,, Najafgarh Road, ,  110015, Phone: 011 2515 3873",,,Delhi,Delhi,,,,,,
3844,Sanfab India Pvt Ltd (Sbc),"157/7, Outer Ring Road, Harmavu,, Dodda Bannsadi, Bangalore-560043, Yogesh@sanfabindia.Com, 9980010761 /  080 41634136",,,Bangalore,Karnataka,560043,,9980010761 /  080 41634136,,yogesh@sanfabindia.com,
3845,Sangam Leather (New Delhi),"A 413-414, Top Floor, Raghubir Nagar, ,, New Delhi - 110027",,07ARUPK6178J1ZY,Delhi,Delhi,110027,,9650984480,7290941791,,
3846,Sangam Leathers (Ndls),"No.16/3691, Hardian Sing Road, Koral Bagh,, New Delhi",,07ARUPK6178J1ZY,Delhi,Delhi,110005,,,09650984480,,
3847,Sangeeta Goenka (Hyb),"Geetanjali H No-8-2, 686/8/11 Road No-12, ",,,Hyderabad,Telangana,,,,,,
3848,Sanghavi Shoe Accs Pvt Ltd (Agc),"Plot No. 607, Opp. Sher Jung Dargah,, Artoni, Agra – 282 007 Uttar Pradesh",,09AAACS5426P1ZV,Agra,Uttar Pradesh,282007,Mr. K L Agarwal,,9536902390,accountsagra@sanghavishoe.com,
3849,Sanghavi Shoe (Bom),"11, Hari Krupa, 10th Road,, Chembur, Mumbai-400071",,,Mumbai,Maharashtra,400071,,"22 2528 1126, 2528 8272",,mumbai@sanghavishoe.com,
3850,Sangkul Enterprises Pvt Ltd (Pune),"Samtanagar Lane 2, Opp Hdfc Bank,, New Sangavi, -411027, 9028644220/9673048833, Siaramenterprises15@gmail.Com",,,Pune,Maharashtra,411027,,,,,
3851,Sani Products,"351,   Sector-63, Noida.",,,Noida,Uttar Pradesh,,,,,,
3852,Sani Products (Noida),"F-351, Sector-63, Noida,, G.B. Nagar Uttar Pradesh -201301",,09APCPM6827N1ZA,Noida,Uttar Pradesh,201301,,,9069751199,accounts@saniproduct.org,
3853,Sanit Tanners (Cnb),"84-H Wazidpur Jajmau,, Kanpur-208010",,,kanpur,Uttar Pradesh,208010,,,7007962308,,
3854,Sanjay Verma,Gurgaon,,,Gurgaon,Haryana,,,,,,
3855,Sankap Leathers,,,,Kanpur,Uttar Pradesh,,,,,,
3856,Santhosh Enterprises,,,,Ambur,Tamil Nadu,,,,,,
3857,Saphire India,Noida,,,Noida,Uttar Pradesh,,,,,,
3858,Saphrin Leathers,,,,Chennai,Tamil Nadu,,,,,,
3859,Sapphire India Publishers (Ndl),,,,Delhi,Delhi,,,,,,
3860,Sapphire India Publishing Pvt Ltd ( Ggn ),Gurgaon,,06AAKCS1240H1ZK,Gurgaon,Haryana,,,11-45567067,9350514776,,
3861,Sapphire India Publishing Pvt Ltd ( N Delhi ),"B-33, Phase I, Mayapuri, -110064",,,Delhi,Delhi,,,,,,
3862,Sapra Exports (Ndl),"F-99, Ma Anandmayee Marg,, Okhla Phase I, Okhla Industrial Area,,  110020",,,Delhi,Delhi,,,,,,
3863,Sapra Exports (Okhala),"B-99.Ma Anandmayee Marg, Okhla Phase 1,  110020",,,Delhi,Delhi,,,,09910236747,,
3864,Sarah Garments Pvt Ltd ( Noida ),"C - 166, Hosiery Complex, Phase - 2, Noida, 91-120-4231439",,09AABCS9194D1Z2,Noida,Uttar Pradesh,,,,,,
3865,Sara Leather Export (Ndl),,,,Delhi,Delhi,,,,,,
3866,Saranaam Leather,,,,Chennai,Tamil Nadu,,,,,,
3867,Sara Suole Pvt Ltd (Sample Unit) (Sbc),"#12, 6TH CROSS N.S. PALAYA,, BANNARGHATTA ROAD,,  - 560083, Purchase@saragroup.in, 9880627082",,,Bangalore,Karnataka,560083,MR. DODDAMANI,,9880627082,purchase@saragroup.in,
3868,Sara Suole Pvt Ltd (Shoe Unit) (Sbc),"#191, C.K. PALAYA, BANNARGHATTA, ROAD, BANGALORE - 560083.",,29AAFCS4682N1ZK,Bangalore,Karnataka,560083,Mr. Thabrej Ahmed,,9900045392,thabreza@saragroup.in,
3869,Sara Suole Pvt Ltd (Sole Unit)(Sbc),"Ck Palya, Sakalavara Post, Sy No. 187/3 & 187/4,, Bangalore-560083",,29AAFCS4682N1ZK,Bangalore,Karnataka,56083,Mr. Guru Prasad R V,,9900081252,guruprasadv@saragroup.in,
3870,Saravana Stores (Tex),"Old No.42-45 (New No.18), Ranganathan Street, T.Nagar, -600017, Ph: 044-24314242, 24315252",,,Chennai,Tamil Nadu,,,,,,
3871,Saree Palace (Jaipur),"Jaipur, Rajasthan",,,Jaipur,Rajasthan,,,,,,
3872,Sarim Enterprises (Kolktata),,,,Kolkata,West Bengal,,,,,,
3873,Sarin Enterprises ( Agra ),,,,Agra,Uttar Pradesh,,,,,,
3874,Sarita Corporation (Hwh),"3/C, Noormal Lohia Lane 1st Floor,, Kolkata-700007",,19ADRPM5315L1ZY,Kolkata,West Bengal,700007,,,,,
3875,Sarmad International (Hwh),"41/A, Bright Street,, -700017, -700017, Sarmad_intl@rediffmail.Com",,,Kolkata,West Bengal,700017,,,,,
3876,Sarna Bag & Accessories (Noida),"D-258 Sector-63 Noida-201301, Uttar Pradesh",AAKFS9823M,09AAKFS9823M1ZC,Noida,Uttar Pradesh,201301,,,7503842564,,
3877,Saroj International,Noida,,,Noida,Uttar Pradesh,,,,,,
3878,Saroj International Leather Pvt Ltd (Noida),"I-68 Sector-9 Noida Saroj House, Noida-201301 (U P)",,09AAOCS6081L1ZK,Noida,Uttar Pradesh,201301,,,,Karansethi@saroj.com,
3879,Saroj International Leathers Fashion ( Noida ),"C - 154 Sector -63, Noida, Uttar Pradesh",,,Noida,Uttar Pradesh,,,,,karansethi@saroj.com,
3880,SarthakFibrotex Pvt Ltd (Sonipat),"A-24, Mangolpuri Industrial Area, Phase-II, ",,,Delhi,Delhi,,,,,,
3881,Sarthak Fisrotex P Ltd,,,,Delhi,Delhi,,,,,,
3882,Saru International (Ggn),"T2/2, DLF Phase-8, Gurgaon.",,06AAGCS4857C1ZD,Gurgaon,Haryana,,,,,,
3883,Sarvatma Impex Pvt. Ltd. (New Delhi),"409 Manglam Pardise Mall, SECTOR-03, ROHINI, Behind Kali Mata Mandir, -110089, Mr Neetain 08010340206",,,Delhi,Delhi,,,,,,
3884,Sarvesh Exports Pvt Ltd,Noida,,,Noida,Uttar Pradesh,,,,,,
3885,Sarvesh Exports Pvt Ltd ( Noida ),"F-121,  Sector - 8, Noida ( U P)  Regd Off.  E 71,  Lajpat Nagar, New Delhi-24 Ph#0120-4337551 Mr. Naresh",,09AAHCS1939C1ZD,Delhi,Delhi,,,,,,
3886,Sashikar Enterprises Pvt Ltd (Sbc),"No. 118/119, Survey No.83/4,, 4th Cross, Dodamma Layout Hulimavu,, -560076, 9940329996, Hari@ubapparel.in",,,Bangalore,Karnataka,,,,,hari@ubapparel.in,
3887,Sashionelle Shoes ( Agc ),,,,Agra,Uttar Pradesh,,,,,,
3888,Sashwat Construwell Private Limited (Bom),": 556 Opposite Sndt College, Liberty Garden, Opp Sndt College,Malad (W), -400064",,,Mumbai,Maharashtra,,,,,,
3889,SAS International,,,,Ranipet,Tamil Nadu,,,,,,
3890,S A S International ( Ggn ),"549 H, Pace City 2, Sector 37, Khandsa Near Sector 37 Fire Station, ",,,Gurgaon,Haryana,,,,,,
3891,S.A .T  Enterprises(Hwh),"57/1 Tiljala Masjid Bari Lane, Kolkata",,19AEDPH9351J1Z7,Kolkata,West Bengal,700039,,,9331048070,satenterprises123@gmail.com,
3892,S.A.Traders,,,,Agra,Uttar Pradesh,,,,,,
3893,S A Trading Co. (Agc),"17/258, Montola, Agra",,09HOCPS4743M1Z6,Agra,Uttar Pradesh,,,,8630762841,bantiali08@gmail.com,
3894,Satvik Moulds & Engg,,,,Delhi,Delhi,,,,,,
3895,Satvik Moulds & Engineering (Delhi),"A-137/5, Group , Wazirpur Industrial, Area,  -110052, Sachin Growar M-9811521213",,,Delhi,Delhi,,,,,,
3896,Satyam Creations Pvt Ltd (Hwh),"5, Hide Road, Warsi Corporation Compound,, Kolkata-700043",,19AAFCS6742K1ZU,Kolkata,West Bengal,700043,,33-24931263,9830281355,scpl@vsnl.net,
3897,Satya Raj Enterprises (Cnb),"7/41, Tilak Nagar,, Kanpur-208022",AIZPA7406P,09AIZPA7406P1ZG,kanpur,Uttar Pradesh,208022,,,9793817788,satyaraaj@hotmail.com,
3898,Saud Exim,,,,Kanpur,Uttar Pradesh,,,,,,
3899,Savi Leathers ( Noida ),"A-93,Sect-58,Noida (U.P)",,09ABNFS7644G1ZL,Noida,Uttar Pradesh,,Mr. Mantu,8860254356,,leathers@savileathers.in,
3900,Savitri Leathers (Noida),"Plot No C-234 2nd Floor Sec-10, Noida -201301 (U.P)",,,Noida,Uttar Pradesh,,,,,,
3901,S.B Enterprises (Ndis),"D-191, Block D, Pocket 11, Jasola Vihar,, New Delhi-110025",,09FBAPS9294G1ZY,Delhi,Delhi,110025,,,9810142898,,
3902,S.B. International (Cnb),"620-A, Shafipur - 1st, Harjinder Nagar,,  - 208007 (U.P.), INDIA, 512-2406947, 9415405928, 9453042461, Sales@sbleathers.Com",,,Kanpur,Uttar Pradesh,208007,,,"9415405928, 9453042461",sales@sbleathers.com,
3903,Scania MEC Pvt Ltd ( Noida ),"F - 4,  Sector 8,  Noida Ph#0120 2424730/31",,,Noida,Uttar Pradesh,,,,,,
3904,Scarco Shoes Pvt Ltd (Cnb),"19-B, Dada Nagar, Indl Est,, Kanpur - 208022 U P",,09AACCS5096F1Z4,kanpur,Uttar Pradesh,208022,Mr. Raju,7786092110,,scarcoshoes@gmail.com,
3905,Schuh Born Associates,,,,Chennai,Tamil Nadu,,,,,,
3906,Schuh Enterprises (Agc),"Agra,",,09AAEPH4149R1Z5,Agra,Uttar Pradesh,,Mr. Zahid,,7017951060,zakishoes91@gmail.com,
3907,Schuh Textile (Agc),"Block-13, Shop 10, Cloth Market, Sanjay Place, -282002, Info@schuhtextile.Com",,,Agra,Uttar Pradesh,282002,,,,,
3908,SC Jain & Sons Pvt Ltd (New Delhi),"B-30 Rewari Line, Mayapuri Industrial Area Phase-1, New Delhi-110064",,07AAWCS9331D1ZY,Delhi,Delhi,110064,,,,,
3909,S C J Plastic Ltd (Ndls),"F-3/10-11, Okhla Industrial Area,, Phase-1, New Delhi-110020",,07AAACS1107P1ZD,Delhi,Delhi,110020,Mr. Sushil,11-26815566,,scjindia@vsnl.com,
3910,S C N A ( N.DELHI),"CB-303 1St Floor Naraina, Near Indian Petrol Pump Ring Road, Ph-9811607699, Saiscna@gmail.Com",,07ADAPA5074F1Z1,Delhi,Delhi,,,,,,
3911,Scorpion Scales ( Noida ),"C- 79 Sector - 65 Noida, 09871015690",,,Noida,Uttar Pradesh,,,,,,
3912,S C Trading (Hwh),"42, Feder Road, Feder Road, ,  700001, 9836459612",,,Kolkata,West Bengal,,,,,,
3913,S.D.Auto Engineering,Faridabad,,,Faridabad,Haryana,,,,,,
3914,S Dhawan & Sons (Bom),"Plot No. 118, Champak Lal Ind. Estate,, Sion (East), Mumbai-400022",,27AAAFS3610G1ZK,Mumbai,Maharashtra,400022,,22-24092302,9820072394,ajay_djawam@hotmail.com,
3915,Seanlo Shoes Pvt Ltd ( Cnb ),,,,Kanpur,Uttar Pradesh,,,,,,
3916,Sea Sky Hides,,,,Ambur,Tamil Nadu,,,,,,
3917,Seema Malik,"11074 Motia Khan, New Delhi",,,Delhi,Delhi,,,,,,
3918,Selvaraj (Ndls),"NO-33335 Ranjit Nagar, Near West Petal Nagar -110008",,,Delhi,Delhi,,,,,,
3919,S E Marketing Pvt Ltd,"S-5, Site IV, Panki Industrial Estate, Kanpur-208020",,09AAECS3335B1ZO,kanpur,Uttar Pradesh,208020,Mr. Ravinder Singh,512-2691866,09336121362,kanpur@sempl.com,
3920,Senaaliya Design Pvt Ltd (Hyd),,,,Hyderabad,Telangana,,,,,,
3921,Senate Overseas (Agc),"30, Kunwar Colony, Khandari, -282002, Info@senateoverseas.Com",,,Agra,Uttar Pradesh,282002,,,,,
3922,Service Company India (Hwh),,,,Kolkata,West Bengal,,,,,,
3923,Serwell Medi Equip P Ltd,,,,Chennai,Tamil Nadu,,,,,,
3924,Serwell Medi Equip (P) Ltd (Ndl),,,,Delhi,Delhi,,,,,,
3925,Sethi International (Ndls),"F- 47, Okhla Industrial Aera, Ph-I, Delhi-07",,07ACDFS6910J1ZZ,Delhi,Delhi,,,,,,
3926,Sewa Leathers ( Ndls),"B-6/6, Commercial Cplx, Safdarjung Enclave,  - 110029, 9873712353, 9810509799",,,Delhi,Delhi,,,,,,
3927,S F Enterprises ( Hwh ),"6D   DR BIRESH GUHA STREET, KOLKATA",,19AOAPA7229K1ZX,Kolkata,West Bengal,700017,,,,,
3928,SF Leather (Hwh),"6D, Dr.Biresh Guha Street, Kolkata-700017",,19AOAPA7229K1ZX,Kolkata,West Bengal,700017,,,,saifarohi@gmail.com,
3929,S.F.Shoes Pvt Ltd (Faridabad),"Plot NO-67,, Faridabad.",,,Faridabad,Haryana,,,,,,
3930,Shaan (Ndls),New Delhi-70,,,Delhi,Delhi,,,,,,
3931,Shaaz Enterprises,,,,Vaniyambadi,Tamil Nadu,,,,,,
3932,Shagoan Footwear,,,,Delhi,Delhi,,,,,,
3933,Shagoon Footwear,,,,Delhi,Delhi,,,,,,
3934,Shagoon Footwear (KB),"2253/67, Gali No. 67, Abdul Aziz Rd, Beadonpura,, Naiwala, Karol Bagh, New Delhi 110005",,,Delhi,Delhi,110005,,,,,
3935,Shahbaz Enterprises (Hwh),", ",,,Kolkata,West Bengal,,,,,,
3936,Shahi Exports Pvt Ltd,"# 37/1B, Arekere, Bannerghatta Road,  - 560 076, INDIA, 80 2648 1095, 2658 3371, 2659 7192",,,Bangalore,Karnataka,560076,,,,,
3937,Shahin Leather Company,"Tannery, B P Agraharam, Erode",,,Agra,Uttar Pradesh,638005,,,,,
3938,Shailendra PLE Pvt Ltd (Noida),"B-90 Sector-65 Noida, UP-201301, Mobile No-981084355",,09AAFCP0613A1Z1,Noida,Uttar Pradesh,201301,,,,,
3939,Shaily Traders (Agc)," Fort,  - 282003, Hing Ki Mandi, 562-2267754, Mr.Shailly@yahoo.Com",,,Agra,Uttar Pradesh,282003,,,,,
3940,Shaina Enterprises,,,,Gurgaon,Haryana,,,,,,
3941,Shaina Enterprises ( Ndls ),"6058/60 Basti Ravidas Paharganj,,  - 110055, India, Creationspie-04@hotmail.Com",,,Delhi,Delhi,110055,,,,,
3942,Shakti Enterprises,,,,Delhi,Delhi,,,,,,
3943,Shakti Enterprises (Karol Bagh),"7/5266, Krishna Nagar,, Karol Bagh, New Delhi-110005",,07ARYPM7625C1ZD,Delhi,Delhi,110005,,,,since1889@yahoo.com,
3944,Shakti Leather (Ndls),"Karol Bagh, ",,,Delhi,Delhi,,,,,,
3945,Shakti Rubber Corporation,,,,Agra,Uttar Pradesh,,,,,,
3946,Shakti Rubber Corporation (Agc),"9th Km Stone, Sikandra-Mathura Road,, Agra-282007",,09AAGFS9313L1ZP,Agra,Uttar Pradesh,282007,Mr. Sunil Singh,,9760891770,info@shaktirubber.in,
3947,Shakti Suppliers (Cnb),"77/152, Latouche Rd, Khoya Bazar, Mulganj, Kanpur-208001",,09ADBPG7218A1Z2,kanpur,Uttar Pradesh,208001,Mr. Deepak,,9415052761,,
3948,Shalimar Leather Industries (Cnb),"74-A 150 Feet Road, Jajmau,, Kanpur-208010",,09AAFFS6999H1ZD,kanpur,Uttar Pradesh,208010,,512 246 4168,98 39 921155,shalimarleather@gmail.com,
3949,Shalimar Tanneries Pvt Ltd (Hwh),"10, Tiretta Bazar Street, Kolkata-700073",,19AAECS6029A1ZK,Kolkata,West Bengal,700073,,022-2237-1132,9836432111,shalimartann@gmail.com,
3950,Shalini Arora (Kolkata),"3, Middleton Row,, Middleton Apartment,  4th Floor,, Kolkata",,,Kolkata,West Bengal,,,,,,
3951,Shameem Leather Works (Cnb),"15/204, Civil Lines, Kanpur - 208001",,09AAOPI1848L1Z6,kanpur,Uttar Pradesh,208001,,512-3018502,9336333875,slwindia@yahoo.in,
3952,Shamimsons International,"No. 83/69, Hindustan Tannery Compound, Jajmau ,Kanpur ,Uttar Pradesh, +919935824006",,,kanpur,Uttar Pradesh,,,,,,
3953,Shamimsons International (Cnb),"No. 83/69, Hindustan Tannery Compound, Jajmau ,Kanpur",,09AALFS2293N1ZF,kanpur,Uttar Pradesh,,,,9935824006,,
3954,Shamken International,,,,Gurgaon,Haryana,,,,,,
3955,Shanks Manufacturing Co. (Agc),"House No. 35, Mall Road, -282001, 8107626915",,,Agra,Uttar Pradesh,282001,,,,,
3956,Shanmuni Tannery (Hwh),"22/2H/2 Bright Street, Kolkata-700017",,19ABNFS3853R1Z2,Kolkata,West Bengal,700017,,,8697174328 / 9831146216,excellentleatherindustries@gmail.com,
3957,Shans Auto Technology (Pune),,,,Pune,Maharashtra,,,,,,
3958,Shantanu Kulkarni,Noida,,,Noida,Uttar Pradesh,,,,,,
3959,Shanthi Traders (Agc),"65-A&B, 66SARV Complex,Meera Hussaini Crossing, Agra-",,09ACMFS0875RIZ2,Agra,Uttar Pradesh,282010,,,05624000354,shantitradersagra10@gmail.com,
3960,Shanti Cinema,,,,Agra,Uttar Pradesh,,,,,,
3961,Shapoorji Pallonji & Co. Pvt. Ltd,,,,Bangalore,Karnataka,,,,,,
3962,Sharia International (Hwh) Prop. Shoaib Akhter,"94, Matheswartala Road, Near China Kali Mandir, Kolkata-700046",,19AGEPA0552B1Z5,Kolkata,West Bengal,700046,Mr. Shoaib Akhter,,9718942983/9830387995,shoaib@shariainternational.com,
3963,Shashi Enterprises (Agc),"8/452/5, Habib Market,, Agra-252003",,09AFGPS2267C1ZE,Agra,Uttar Pradesh,252003,,9897418452,9319103078,,
3964,Shayan International,,,,Kolkata,West Bengal,,,,,,
3965,Shearling Skin Pvt Ltd,,,,Delhi,Delhi,,,,,,
3966,Shearling Skins Pvt Ltd ( Okhla ),"22, DSIDC, Scheme II, Okhla Industrial Area, Phase II, -110020",,,Delhi,Delhi,,,,,,
3967,Sheela Overseas Pvt Ltd (Ndls),"A-42, Gate No.01, Maya Puri, Indl Area Phase-2, Janak Puri Maya Puri, New Delhi-110064",,07AABCS0790D1ZM,Delhi,Delhi,110064,Mr.Sunil Kumar Aggarwal,"41845130 , 28117995",,accounts@sheelaoverseas.in,
3968,Sheela Overseas Pvt Ltd (Noida),"G-22 Sector-63 Gautam Budha Nagar Noida (U.P), Uttar Pradesh",,09AABCS0790D1ZI,Noida,Uttar Pradesh,,,,,,
3969,Sheerma Tanning Indsutries (Hwh),"71, Rafi Ahmed Kidwai Road,, Kolkata - 700016",,19AAMFS8723N1ZA,Kolkata,West Bengal,700016,,,9830847813,sheerma111@gmail.com,
3970,Sheetal Footwear Export (Agc),"4 John Mill Compund, Jeoni Mandi,, Agra-282004",,09ABDFS7650L1ZM,Agra,Uttar Pradesh,282004,,,9259296831/9557896161,sheetalfootwear.agra@gmail.com,
3971,Sheet Core (Bom),,,,Mumbai,Maharashtra,,,,,,
3972,Shgam Camac Leathers Pvt Ltd ( Hwh ),,,,Kolkata,West Bengal,,,,,,
3973,Shiba Footwear (Hwh),"No.22 , K. K. Ram, Das Road, Goal Bagan,, Nimtala, Kolkata-700007",,19AFGPR8523J1ZW,Kolkata,West Bengal,700007,Mr. Dipak Dutta,33-32523138,8334955989,shibafootwear@gmail.com,
3974,Shikhar Enterprises,,,,Delhi,Delhi,,,,,,
3975,Shilpa Overseas,,,,Kolkata,West Bengal,,,,,,
3976,Shilpi Leather Store (Karol Bagh),"No.46/4775, ,Hardhyan Singh, Road, Karol Bagh, Delhi - 110005",,07AARPK6480F1ZC,Delhi,Delhi,,,,9350301363,,
3977,Shilp Leather Store,,,,Delhi,Delhi,,,,,,
3978,Shine Shoe Exports,,,,Ambur,Tamil Nadu,,,,,,
3979,Shine Shoes & Laces,,,,Ambur,Tamil Nadu,,,,,,
3980,Shiva Industries (Ndls),,,,Delhi,Delhi,,,,,,
3981,Shivamani Exports,,,,Kolkata,West Bengal,,,,,,
3982,Shivamani Exports Pvt Ltd (Hwh),"No : 138, U Picnic Garden Road,
, -700039, .
, 9433002392/9330714648, Tirtha@shivmani.Com, Babul@lichfieldleather.Com",,,Kolkata,West Bengal,700039,"Mr. Babool Shah
",,9433002392/9330714648,,
3983,Shivam Engineering,Faridabad,,,Faridabad,Haryana,,,,,,
3984,Shivang Ararwal (Agc),"Kamla Nagar, Agra, 9837489883",,,Agra,Uttar Pradesh,,,,,,
3985,Shivani,,,,Chennai,Tamil Nadu,,,,,,
3986,Shivani Interior Solutions Pvt Ltd ( Sbc ),,,,Bangalore,Karnataka,,,,,,
3987,Shivant Nagra Palace (Jaipur),"206, Vindbha Vihar, Malviya Nagar,, Jaipur-302017",,08A1JPM9562A1ZY,Jaipur,Rajasthan,302017,,,,,
3988,Shiva Tanners,,,,Chennai,Tamil Nadu,,,,,,
3989,Shivdas Laxman & Sons (Bom),"3/26, New Muncipal Chawl, Sant Kakkaya, Chawl, Dharavi, Mumbai - 400017",,,Mumbai,Maharashtra,400017,,,9821322459,,
3990,Shiv Engineering Works (Ndls),"Plot No. A/130, Burari Road, Gali No.08,, Swaroop Nagar Extension, Delhi",,,Delhi,Delhi,110042,,,,,
3991,Shiv Kumar,,,,Kanpur,Uttar Pradesh,,,,,,
3992,Shiv Shakti Enterprises (Agc),"16, Hari Nagar Colony, Kalvari Vayu Vihar Road,, Agra- 282010",,09AFRPB8231J1Z5,Agra,Uttar Pradesh,282010,Mr. Om Prakash Baghel,9012931484,9837701387,ssenterprisesagra@gmail.com,omtprsoles@gmail.com
3993,Shiv Shankar Vinyl,,,,Delhi,Delhi,,,,,,
3994,Shiwa Industrial Corporation,,,,Kolkata,West Bengal,,,,,,
3995,Shoba Traders,,,,Agra,Uttar Pradesh,,,,,,
3996,Shobha Traders (Agc),"Shop No. 2, 46/92 F-1,, Jagdishpura, Agra",AWDPK9352N,09AWDPK9352N1ZV,Agra,Uttar Pradesh,,Mr. Mukul Kulshrestha,,9359952391,shobhatraders5@gmail.com,
3997,Shoe Busy LLP (Ggn),"Plot No-703, Pace City-II,, Sector-37,Gurgaon-122001","ACPFS5703F
",06ACPFS5703F1Z1,Gurgaon,Haryana,122001,Mr. Suresh Singh,"0124-4004021,22, 23, 24",,,
3998,Shoe Crafters (Bom),"203/4, Wadala Udyog Bhavan,, Naigaum Cross Road, Wadala,, Mumbai-400031",,27AAIFS5140H1Z5,Mumbai,Maharashtra,400031,,22-24123510,,khanna@shoecrafters.in,
3999,Shoe Game (Bom),"Yusuf Suleman & Bros. Building,, Gala No. B-16 1st Floor, Petwala, Compound, M. A. Road, Madanpura,  - 400008, , 08071930393, Shoegame123@yahoo.Com",,,Mumbai,Maharashtra,400008,,,,,
4000,Shoe Line Int,,,,Delhi,Delhi,,,,,,
4001,Shoe Line International ( Ggn ),No. 38th Milestone.N.H-8 Berhampur Road -122 001.,,,Gurgaon,Haryana,,,,,,
4002,Shoe Link (Ggn),"Sector-37, , ",,,Gurgaon,Haryana,,,,,,
4003,Shoe Machine Accessories,Noida,,,Noida,Uttar Pradesh,,,,,,
4004,Shoe Machines & Accessories (Noida),"F- 4, Deep Complex, Sharma Market,, Sector 5, Harola, Noida - 201301, U.P., 9810649889/120-2424102",,,Noida,Uttar Pradesh,201301,Pramod Kumar Bogi(Owner),,,,
4005,Shoe Maker (Bom),"10/1, Lakda Bandar, Darukhana,, Opp. Water Pumping Station,, Reay Road (East), Mumbai-400010",BNQPS2008J,27BNQPS2008J1ZM,Mumbai,Maharashtra,400010,Ms. Priti Kolambekar,,8779368251,orchidshoes@ymail.com,
4006,Shoes Tecnik International Corpration Limited (Noid,"A--11, Sector -8, Noida, U.P",,09AAECS4253L1Z0,Noida,Uttar Pradesh,201301,,0120-4575380,,,
4007,Shoe Tecnik International Coporation Ltd (Noida),"A-11 & 18, Sector-8,, Noida – 201301, Info@shoetecnik.Com",,09AAECS4253L1Z0,Noida,Uttar Pradesh,201301,,,,,
4008,Shoppers Stop Ltd,,,,Kolkata,West Bengal,,,,,,
4009,Shrdha Enterprises,,,,Delhi,Delhi,,,,,,
4010,Shree Balaji Closures,,,,Delhi,Delhi,,,,,,
4011,Shree Bhawani Enterprises (Bom),,,,Mumbai,Maharashtra,,,,,,
4012,Shreeji Poly Fab Private Limited,"Footwear Component Park D-20, 7 Th Main Road 1 St Croos, Sipcot Industrial Area, Irungattukkottai, Chennai",,33AALCS6069F1Z5,Chennai,Tamil Nadu,602117,,,,,
4013,Shree Ji Polyfab Pvt Ltd ( Noida ),"Plot No. 48, Mahila Udhyami Park-1,, Noida-Dadri Road, Greater Noida-201306",,09AALCS6069F1ZW,Noida,Uttar Pradesh,201306,,,,,
4014,Shree Krishna Creation (Ndls),"Plot No. 19, Shivpuri, Village- Samaypur,, New Delhi-110042",,07AEYPG0942D1ZI,Delhi,Delhi,110042,,,,gargsamir@Yahoo.in,
4015,Shree Lakshmi Leather,,,,Chennai,Tamil Nadu,,,,,,
4016,Shree Mahagauri Exports (Ndls),"19/301,  Rani Jhansi Road,  New Delhi-110015",,07ADHPA1725C1ZA,Delhi,Delhi,110055,,11-23519607,,,
4017,Shree Malani Foams Pvt. Ltd (Hyb),"SURVEY NO.- 306,310-313, SHANKARAMPET VILLAGE & MANDAL, VIA CHEGUNTA, MEDAK DIST.,  - 502255, 9848578091, 40-42219490",,,Hyderabad,Telangana,,,,,info@shreemalanifoams.com,
4018,Shreema Merchandise (Hwh),"36/1E, East Topsia,, Kolkata-700039",,19ACYFS6197G1Z1,Kolkata,West Bengal,700039,,,9831227342,sheerma111@gmail.com,javed_ha@yahoo.com
4019,Shree Nagammal Shipping,,,,Chennai,Tamil Nadu,,,,,,
4020,Shree Paper Co. Pvt Ltd,,,,Delhi,Delhi,,,,,,
4021,Shree Raj Creation ( Hwh ),,,,Kolkata,West Bengal,,,,,,
4022,Shree Ram Plastic ( Agc ),"C-57, Foundry Nagar,, Agra-282001",,09AARFS9050M1ZA,Agra,Uttar Pradesh,282001,,,9548983773/9759211134,akhilgoyal1990@gmail.com,info@supersolesindia.com
4023,Shree Ram Plastics,,,,Agra,Uttar Pradesh,,,,,,
4024,Shree Satya Chemicals (Hyd),"2l 18/4 Lig Flats 3rd Phase, Nr-3rd Phase, Bus Stop Backside, Kphb Colony,, Kukatpally, , ,9848624887, 500072",,,Hyderabad,Telangana,,,,,,
4025,Shree Shakti Overseas (Cnb),"No 11, Gandhi Gram, Kanpur - 208007",,09AICPG5942P1ZS,kanpur,Uttar Pradesh,208007,Mr. Sachin,9839910234,7565009494/7985262132,kasihideepak@yahoo.co.in,
4026,Shree Shree Soles,,,,Ranipet,Tamil Nadu,,,,,,
4027,Shree Sunder Polymers (Cnb),,,,Agra,Uttar Pradesh,,,,,,
4028,Shree Swami Samarth Enterprises (Bom),"Gala No. 1, Petit Building, Shinde Compound,, Opp. Pragati Industrial Estate, N.M. Joshi Marg,, Mumbai - 400011",,27AZFPS6355L1ZO,Mumbai,Maharashtra,400011,,8169480925,9702520480,jyotimahesh1969@gmail.com,
4029,Shree Veera Leather,,,,Chennai,Tamil Nadu,,,,,,
4030,Shri Adinath Exports,"Mylapore, Chennai, Ph: 9884061700",,,Chennai,Tamil Nadu,,,,,,
4031,SHRI Om Industries (Agc),"Khasra, No- 123, Behind Asian Paint,, Opp. Site-C, Agra-282007",,09CEJPS6088H1ZQ,Agra,Uttar Pradesh,282007,Mr.Rohit,,9927094683,rohit_modern@rediffmail.com,
4032,Shri Radhika Nonwoven,,,,Delhi,Delhi,,,,,,
4033,Shri Ramdev Exports (Bom),"1St Floor , The Shivam Industrial,, Premises Co - Op Soc. Ltd, Deonar , Govandi (E), Mumbai - 400088",,27AADPJ1735E1Z3,Mumbai,Maharashtra,400088,Mr. Bharat & Mr. Arvind,22-25557342,9833074783,shriramdevexports@yahoo.com,
4034,Shri Ram Laminators (Ndls),B-96 Wazirpur,,,Delhi,Delhi,,,,,,
4035,Shri Ram Plastic (Agc),"C-57 Foundry Nagar, Agra Ho, Agra - 282001, 9548983773/9759211134",,09AARFS9050M1ZA,Agra,Uttar Pradesh,282001,,,,,
4036,Shri Ram Tranning (Hwh),,,,Kolkata,West Bengal,,,,,,
4037,Shri Sai Sales Corporation (Agc),"13th KM Milestone, Sikandra, Mathura Road,, Agra-282007",,09ABMFS1100Q1ZU,Agra,Uttar Pradesh,282007,Mr. Varun,,9760021516,sss06@yahoo.co.in,
4038,Shri Shyam Overseas (Ndls),"D-502 Pulpladpur, New Delhi-110044, Parvej2898@gmail.Com, M-8076135857  Mr Parvej",,07AUPPR3705C1ZM,Delhi,Delhi,,,,,,
4039,Shri Shyam Trading Corporation (Ggn),"Krishna Colony, , ",,,Gurgaon,Haryana,,,,,,
4040,Shri Sunder Polymers ( Agc ),"E-93, SITE-C, UPSIDC INDUSTRIAL AREA, SIKANDRA,  - 282007, Uttar Pradesh, India., Shreepoly@gmail.Com, Info@dsmsole.Com, 9837133304",,,Agra,Uttar Pradesh,282007,,,,,
4041,Shroff Enterprises,,,,Agra,Uttar Pradesh,,,,,,
4042,Shroff Polytech Pvt Ltd (Agc),"D-14, Site, Sikandra - Bhagwan Talkies Rd,, Industrial Area, UPSIDC, Agra, Uttar Pradesh 282007",,,Agra,Uttar Pradesh,,,081919 00033,,,
4043,Shroff Sales Corporation,,,,Agra,Uttar Pradesh,,,,,,
4044,Shroff Sales Corporation (Agc),"Block No. S-12, Sanjay Place Shoe Market,, -282003, Shroffsale@rediffmail.Com, 9837544553",,,Agra,Uttar Pradesh,282003,,,,,
4045,SH SHOES (Mub),Mumbai-43,,,Mumbai,Delhi,,,,,,
4046,Shubham Enterprises (Hwh),,,,Kolkata,West Bengal,,,,,,
4047,Shubhan Components (Ggn),"748, Sector-37, , , M-9899777101",,,Gurgaon,Haryana,,,,,,
4048,Shubh Chem India Pvt Ltd (Hwh),"No. 5, Tarak Pramanik Road Girish, Park,  - 700006, 9830381583/9831024391",,,Kolkata,West Bengal,700006,,,,,
4049,Shubh International (NEW Delhi),"S-111/138Swaran Park, Mundka, New Delhi,, 110041, Mr Satish  Ph No-9810025973",,07APOPS5799H1ZW,Delhi,Delhi,,,,,,
4050,Shukh Enterprises (KB),"7/5266 Krishna Nagar Karol Bagh, ",,,Delhi,Delhi,,,,,,
4051,Shukrana Textiles (New Delhi),"A-6, Keshopur Industrial Area, Near Petrol Pump,, Vikaspuri, -110018, 7290051164,8045350998",,,Delhi,Delhi,,,,,,
4052,Shumaker International (Bom),"GALA NO-A-F/25-A/60, NEW EMPIRE INDUSTRIAL ESTATE,, KONDIVITA LANE, OFF ANDHERI-KURLA ROAD,, ANDHERI (EAST),  - 400059,  , India, 22-28324148/56919040, 8286158013, Shuintoffice@gmail.Com",,,Mumbai,Maharashtra,400059,,,,shuintoffice@gmail.com,
4053,Shvi Leathers Pvt Ltd (Noida),Noida,,,Noida,Uttar Pradesh,,,,,,
4054,Shwet Uniform,,,,Mumbai,Maharashtra,,,,,,
4055,Sibdar Shoe Accessories,,,,Agra,Uttar Pradesh,,,,,,
4056,Sibrama Newage,Noida,,,Noida,Uttar Pradesh,,,,,,
4057,Sibrama Newage  (Noida),"B-60/61 Sector -80 Phase-II, G.B.Nagar Noida",,09AAEFS5453M1ZO,Noida,Uttar Pradesh,,,,9810758762,,
4058,S. I. & Co. (Hwh),"10B/H/1, Mufidul Islam Lane, Kolkata-700014",,19APFPP6044R1Z2,Kolkata,West Bengal,700014,,,9830130146,,
4059,Sico Vinyl (P) Ltd (Bom),"Sico House, Swastik Compound,, Chincholi Bunder Road, Ram Bagh,, Malad (West),  - 400064, 22-28821123/7053126808, Purchase@sicosafety.in",,,Mumbai,Maharashtra,400064,Mr. Bhavik Shah (Director),,7053126808,purchase@sicosafety.in,
4060,Sidana Shoe Material (New Delhi),"16/3692  Hardiyan Singh Road,, Regar Pura , Karol Bagh New Delhi, 110005",,07AAKFS6508H1ZZ,Delhi,Delhi,110005,,,,,
4061,Siddharth Exports,Noida,,,Noida,Uttar Pradesh,,,,,,
4062,Siddharth Exports ( Noida ),D-17 Sector -2 Noida-201301,,09AAHPH3467K1ZD,Noida,Uttar Pradesh,201301,,5304569,,accounts@siddhartsexports.in,
4063,Sigma Impex (Cnb),"507 Concord Appartment, 7/190, Swaroop, Nagar, Kanpur-208002",ABVFS5517J,09ABVFS5517J1ZE,kanpur,Uttar Pradesh,208002,Mr. Pankaj,,9839148908,pankaj666621@yahoo.com,sigma.impex21@gmail.com
4064,Signature Leather Accessories Pvt Ltd (Ndls),"No-20, Jindal Colony, Samalksa Ext., New Delhi-37, 9868789217",,07AABCS1613H1ZQ,Delhi,Delhi,,,,,,
4065,Signedge Leather Pvt Ltd (Ggn),"Plot No. 56, Sector-5, IMT Manesar,, Gurgaon-122050",,06AAZCS7935A1ZX,Gurgaon,Haryana,122050,,,,,
4066,S I Leather (Cnb),"1031, Wajidpur Jajmau,, -208010, 9838202723, Sileatherfinisher@rediffmail.Com",,,Kanpur,Uttar Pradesh,208010,,,,,
4067,S.I.L Products,,,,Chennai,Tamil Nadu,,,,,,
4068,Silverdust Enterprise (Hwh),"Plot Number- 169, Zone- II, Calcutta Leather Complex,, Bantala, Kolkata-743502",,19AFNPR4585H1ZO,Kolkata,West Bengal,743502,Mr. Kumar Sonal,,8269086829,,
4069,Silver Line  Fashion (Cnb),"15/58 (1) Friends Enclave, Civil Lines,, Kanpur-208001, U P ,9839119173, Accounts@sltintl.Com",,09AJGPK0875QIZ1,kanpur,Uttar Pradesh,208001,,,9839119173,accounts@sltintl.com,
4070,Silver Rose Overseas ( Ndls ),"71/7- B-8, Rama Road, Ind'l Area, New Delhi-110005",,07AANCS7803H1Z2,Delhi,Delhi,,,,,,
4071,Silviano (Hwh),"59, Matheswartala Road,, Kolkata-700046",,19ANDPM2255K1ZS,Kolkata,West Bengal,700046,Mr. Partha Mukherjee,85 84 86 88 60,9831293602,accounts@silviano.in,
4072,Sima International (Hwh),"71, Rafi Ahmed Kidwi Road,, -700016, 9831390922, Thbiswaas@gmail.Com",,,Kolkata,West Bengal,700016,Mr. D K Vishwas,,,,
4073,Simran Impex ( Ndl ),"S-28, Industrial Area, Okhla Estate Marg, Okhla II, Okhla Industrial Area, New Delhi, DL 110020",,07ABAPS1406R1ZE,Delhi,Delhi,,,,,,
4074,Simran International Exports Pvt Ltd. (Ggn),"Plot No. 421, Pace City-II, Sector-37, Gurgaon",AASCS7554G,06AASCS7554G1ZT,Gurgaon,Haryana,,,0124-4669500,,frontdesk@simraninternational.com,
4075,Sinai Packing Solutions,,,,Chennai,Tamil Nadu,,,,,,
4076,Sind Leather Store,"8/218, Opp Agra Shoes, Hing Ki Mandi., Agra,",,,Agra,Uttar Pradesh,,,,,,
4077,Singh Electricals,"Wz -33 M Block Hari Nagar, ",,,Delhi,Delhi,,,,,,
4078,Sing Hing Tannery,,,,Kolkata,West Bengal,,,,,,
4079,S J M Enterprises (Ndls),"561/2 Udyog Nagar, Swarn Park Mundka, New Delhi-110041",,07AABPS4223Q1ZC,Delhi,Delhi,,,,,,
4080,SJM Exports,,,,Delhi,Delhi,,,,,,
4081,S J M Exports ( Ndls ),"561/2, Udyog Nagar,
Swarn Park,, Swarn Park, Mundka
Delhi- 110 041",,07AAAPS1920K1ZR,Delhi,Delhi,,,,,,
4082,SJS Leathers (Hwh),"82, Matheshwar Talla Road, -700046",,,Kolkata,West Bengal,,,,,,
4083,S.K.Arts & Packers,,,,Agra,Uttar Pradesh,,,,,,
4084,S. K. Arts & Packers (Agc),5b Uma Kunj Balkeshwar  - 282004,,,Agra,Uttar Pradesh,282004,,,,,
4085,SKD Leather India Pvt. Ltd. (Sbc),"48A/58A, Thigalarapalya Main Road,, 10th Cross, Balaji Nagar, Peenya 2nd Stage,, Bangalore-560 058",,29AADCK2137L1ZC,Bangalore,Karnataka,56058,Mr.Naveen,,87622 71000,info@skdleather.com,skdleather@gmail.com
4086,S K Enterprise,,,,Gurgaon,Haryana,,,,,,
4087,S.K.Enterprises,,,,Agra,Uttar Pradesh,,,,,,
4088,S K Enterprises (Agc),"8/345, Hing Kinandi,, Agra",,09ABHPK5686N1ZT,Agra,Uttar Pradesh,,,,9359635532,mkskenterprises@gmail.com,
4089,S K Exports (Bom),"370/A/2, Shah & Nahar Industrial Estate,, S.J. Marg, Lower Parel, Mumbai-400013",AAAFS3572R,27AAAFS3572R1ZK,Mumbai,Maharashtra,400013,Mr. Shailesh Khanna,022-4974126/4921428,,imports@sk-exports.com,
4090,S K Fabricators (Agc),"Village-Mohammadpur, Mathura Road, Sikandra,, Agra",,09AADFS4905R1ZK,Agra,Uttar Pradesh,,,,,kaul_agra@yahoo.in,
4091,S. K Footwear,"A/ 11 S M 27, C7S NO-60, Marwadi Galli,, Behind Universal Park, Sikahaka, Mumbai",,,Mumbai,Maharashtra,,,,,,
4092,Skicorp Enterprises (Hwh),"P 25, Daikhanee Co-Operative Housing Society,, Kolkata – 700105, West Bengal.",,19ACYPB3729M1ZW,Kolkata,West Bengal,700105,Mr. Ajit Singh,,8336907775,accounts_ccu3@skicorp.net,
4093,Skicorp Marketing Ventures Pvt Ltd (Hwh),"25, Dakhinee Co-Operative Housing Society,, E M Bye Pass, Kolkata-700105",,19AAMCS5457Q1Z9,Kolkata,West Bengal,700105,Mr. Ajit Singh,,8336907775,accounts_ccu3@skicorp.net,
4094,S K Industrial Corporation ( Hwh ),"P 25, Daikhanee Cooperative Housing Society,, Kolkata – 700105, West Bengal.",,19ADVPB8584E1ZZ,Kolkata,West Bengal,700105,Mr. Ajit Singh,,8336907775,accounts_ccu3@skicorp.net,
4095,S. K. International (Cnb),"13/397, Civil Lines, 208001 ( INDIA), 512 3268386,2530322/8932802525, Vivek@skinternationalmail.Com",,,Kanpur,Uttar Pradesh,208001,,"512 3268386,2530322",,vivek@skinternationalmail.com,
4096,SK International (Hwh),", ",,,Kolkata,West Bengal,,,,,,
4097,S. K. Leather (Hwh),,,,Kolkata,West Bengal,,,,,,
4098,S.K.Marketing,,,,Kanpur,Uttar Pradesh,,,,,,
4099,Skopco Bindings Pvt Ltd (Bom),"12 Tamrind House 36 Tamrind Street,, -400023, 22-23747408",,,Mumbai,Maharashtra,400023,,,,,
4100,SKS Global Pvt Ltd (Agc),"289, Runkata Kirawali Road,, Runkata, Agra - 282007 (UP) India",,09AAECA2202P1ZP,Agra,Uttar Pradesh,282007,,7055108637,9012344441,sksglobal.info@gmail.com,
4101,S K Shoes & Boots Pvt Ltd (Cnb),"84/22A, Fazal Ganj Kanpur",,09AAUCS9604H1ZO,kanpur,Uttar Pradesh,,Mr. Biju,,9838503101,accounts@skshoesandboots.com,purchase@skshoesandboots.com
4102,S.K.Uniforms (Sbc),"#3, Prashwanath Plaza,, D S Lane, Chickpete,, Bangalore - 560053, Near Blue Bell Sweets",,29AEXPM1528A1ZD,Bangalore,Karnataka,560053,,,9341559009,sk.uniformsblr@gmail.com,
4103,Sky Industries,,,,Mumbai,Maharashtra,,,,,,
4104,SKY Leathers,"7/3,  Deeramathi Street, Pernambut",,,Pernambut,Tamil Nadu,,,,,,
4105,S Ky Ways Enterprises ( Ndls ),,,,Delhi,Delhi,,,,,,
4106,S.Lamas Shoes,,,,Agra,Uttar Pradesh,,,,,,
4107,S.L.Interlining (Agc),"23/236,Post Office Street, Jeoni Mandi, -282004, 9319107021, Sli_mukesh@yahoo.Com",,,Agra,Uttar Pradesh,282004,,,,,
4108,S.L.International,,,,Delhi,Delhi,,,,,,
4109,SL. International (Ndl),,,,Delhi,Delhi,,,,,,
4110,Smart Corporation (Sbc),,,,Bangalore,Karnataka,,,,,,
4111,Smas Leather Edge Pvt Ltd (Noida),"G21BSector 63 NIA Gutam Budh Nagar, Noida(UP)",,09AATCS4232J1ZU,Noida,Uttar Pradesh,,,,,,
4112,S M Enterprises (Ndls),"Near New Pole Line, V Ill Tikri Kalan,, Nargaloi, New Delhi,",,07AJVPA1842N1ZU,Delhi,Delhi,110041,,,,,
4113,S. M International (New Delhi),"RZ2959/33 Tughlakabad Ext, -110019",,,Delhi,Delhi,,,,,,
4114,S M J Enterprises (NDL),"561/2 Udyog Nagar, Swarn Park Munda, -110041",,,Delhi,Delhi,,,,,,
4115,S M Leather,,,,Ranipet,Tamil Nadu,,,,,,
4116,S M Leather ( Hwh ),Kolkata,,,Kolkata,West Bengal,,,,,,
4117,SML Labels India,,,,Gurgaon,Haryana,,,,,,
4118,Smriti Apparels Pvt Ltd (Ggn),"124, Udyog Vihar Phase 2 Rd, Udyog Vihar I, Sector 20, ,  122016",,,Gurgaon,Haryana,,,,,,
4119,S N Enterprises (Hwh),", , 9681861016",,,Kolkata,West Bengal,,,,,,
4120,SNG & Partners,,,,Mumbai,Maharashtra,,,,,,
4121,S N Kohli & Co Pvt Ltd,"A-195, Street No-10, Road No- 4, Block -A,, Mahipalpur- Delhi,",,,Delhi,Delhi,,,,,,
4122,S N Kohli & Co Pvt Ltd ( N Delhi ),"A-195, Sector-10, Road No-4, Mahipalpur, (IPH), Near Shalimar Hotel, . Ph#011-26787856, 011-26787857",,,Delhi,Delhi,,,,,,
4123,SNT Leathers,,,,Vaniyambadi,Tamil Nadu,,,,,,
4124,Soark Photo Book (Pune),"Sangam Project, 1/2  Ambedkar, Road, Near  Station, .",,,Pune,Maharashtra,,,,,,
4125,Sobha Interiors (Sbc),"Plot No.-9, JBLR  Bommasandra, Industrial Area, Bangalore-562106",,29AABCS7723E1ZB,Bangalore,Karnataka,562106,,80 22631700,,home.interiors@sobha.com,lokesh.s@sobha.com
4126,Sofa Sets Mumbai,,,,Mumbai,Maharashtra,,,,,,
4127,SoftAge Information Technology Limited,"204, Phase IV, Udyog Vihar,  - 122002, 0124 - 4081046/9873687819, Info@softage.Net",,,Gurgaon,Haryana,122002,,,,,
4128,Soft Leather Impex,"No- 79/270, Jamath Road,, Vaniyambadi,",,,Vaniyambadi,Tamil Nadu,635751,,,94433-90065,,
4129,Soft Step (Bom),"Shade No. 26,  Compound,, 12 Mirza Ali Street, Imambada Road,, Dongri, Mumbai-400009, 9867986709/9892426832, Softstep21@gmail.Com",,,Hyderabad,Telangana,400009,,,,softstep21@gmail.com,
4130,Soi Engg Corporation,Faridabad,,,Faridabad,Haryana,,,,,,
4131,Solar Soles Pvt Ltd,Ranipet,,,Ranipet,Tamil Nadu,,,,,,
4132,Sona International (Hwh),"17, Surya Sen Street, Bow Bazaar,, Kolkata, West Bengal 700012",,,Kolkata,West Bengal,700012,,033 2241 6186,,,
4133,Sona Koyo Steering Systems Ltd (Ggn),"38/6, Delhi Jaipur Road, Narasinghpur,, Gurgaon-122001",,06AABCS7787C2Z6,Gurgaon,Haryana,122001,,,,,
4134,Sona Koyo Streeing,Gurgaon,,,Gurgaon,Haryana,,,,,,
4135,Sona Leathers (Sbc),"#6 , 5th Cross , N.S Palya Industrial Area ,, Bannarghatta Road ,Bangalore-560078",,29ACZPK8598C1ZL,Bangalore,Karnataka,560078,,80-26685861,9341252567,rajath@sonagroup.net,
4136,Sonal Enterprises (Hwh),"2, Ground Floor, Marina Garden Court,, 191, Park Street, Kolkata-700017",,19AAIPM8437H1Z9,Kolkata,West Bengal,700017,,,8232034727,no e-mail id,
4137,Sonali Exports (Agc),"40/T/IA, Nagla Bodhi, Sheetala Road,, Agra",,09ABRFS0387E1ZR,Agra,Uttar Pradesh,,Mr. Bharathan,,9690703096,info@sonaliexports.com,
4138,Sonse Exports (Ndls),"B-99, Hari Nagar,, New Delhi",AAFPC3689L,07AAFPC3689L1ZE,Delhi,Delhi,,,,,,
4139,Sonu,,,,Mumbai,Maharashtra,,,,,,
4140,Sonu Exports (New Delhi),"J-5/35 1S Floor Rajouri Garden, -110027",,,Delhi,Delhi,,,,,,
4141,Sooky Leather (Hwh),"Plot No. 73, Udyan Industrial Estate,, No. 3, Pagladanga Road, Kolkata-700015",,19ABSFS2068R1Z0,Kolkata,West Bengal,700015,,33-23234539,9831040421,sookyleather1kol@yahoo.com,
4142,Souban Leather Exports,"40, Barnakar 2nd Street, Ambur.",,,Ambur,Tamil Nadu,,,,,,
4143,Soundarapandian Bone And Joint Hospitals & Research,,,,Chennai,Tamil Nadu,,,,,,
4144,Soundrapadian Bone & Joint Hospital,"AA 16, 3rd Main Road, Anna Nagar,  - 600 040",,,Chennai,Tamil Nadu,,,,,,
4145,Sourav Das Gupta (Hwh),"Flat No.-5, 411 Jodhpur Park,, Kolkata-700068",,,Kolkata,West Bengal,700068,Mr. Sourav Das Gupta,09840166563,,,
4146,Source Asia Worldwide Private Limited,"B72/A31-32 BLOCK""B"", Leather Complex Wazirpur Industrial Area, New Delhi-110052, Moblie-09906111688",,07AASCS8589H1ZC,Delhi,Delhi,,,,,,
4147,Source India (Noida),"A-1/310  Plot No7A Corporate Park, Sector -142 Noida -",,,Noida,Delhi,,,,,,
4148,Southern Perforating Company,,,,Chennai,Tamil Nadu,,,,,,
4149,Southern Surgicals Pvt Ltd (Sbc),"No. 99, N R Colony, Diamond Nest No. 303,, Murugeshpalya, -560017, Southsurg@hotmail.Com",,,Bangalore,Karnataka,560017,,,,,
4150,Space Wise,,,,Delhi,Delhi,,,,,,
4151,Spaks Products Pvt Ltd (Cnb),"C-6, Site-1, Panki Industrial Area,, -208022 U P, 512-2692385,2692760, Salesmould@kamerotech.Com",,,Kanpur,Uttar Pradesh,208022,,,,,
4152,Spar Internatinal (Agc),"Plot No. 104, Khasra No. 206/207, Gayatri Vihar,, Baipur Road, Bahistabad, Sikandar,, Agra-282007",,,Agra,Uttar Pradesh,282007,,,,,
4153,Sparsh Enterprises (Hwh),,,,Kolkata,West Bengal,,,,,,
4154,Sparsh Leather Company ( Hwh ),"9/1 A, Talbagan Lane Circus Avenue, ,,700017, Sparshleathercompany@gmail.Com, 9038923329",,,Kolkata,West Bengal,700017,Mr. Sahoo,,9143207998,,
4155,S.P Creation (Hwh),"51 K/12 Pottery Road Kolkata, Pin Code 700015",,19AFIPM4261J1Z4,Kolkata,West Bengal,700015,,,8276020082,spcreation2012@gmail.com,
4156,Special Leather Industries (Hwh),"1B, Tilitala Road, Kolkata-700046",,19AARFS3994E1ZH,Kolkata,West Bengal,700046,Mr. Shekhar,9831005954,9830685289,shibamde@gmail.com,
4157,Spectrum Leather Pigments & Chemicals Pvt Ltd (Hwh),"83, Chowringhee Road, , 9830972311, Spectrumleather@gmail.Com",,,Kolkata,West Bengal,700017,Mr. Vishal,,9830972311,,
4158,Speedex Novelities,"C-12 Indra Mut, Old Sabzi Mandi Delhi-7",,,Delhi,Delhi,,,,,,
4159,SP Eeterprises,"Chintadripet, Chennai",,,Chennai,Tamil Nadu,,,,,,
4160,Sperry Leather (Cnb),"86/36 B Near Arabia House,, Pokharpur, Jajmau, Kanpur-208010",,09BCNPP1920Q1ZW,kanpur,Uttar Pradesh,208010,,512-6551113,9026654105,info@sperryleather.com,
4161,Sperry Plast Limited. (Noida),"Plot No - 16, Udyog Vihar,,, Greater Noida, Uttar Pradesh 201306",,09AAACS2623L1ZA,Noida,Uttar Pradesh,,Vinay,,9711811464,,
4162,S P H International (Agc),"Block No. 3 Shop No. 2 & 15,, Shoe Market Complex Sanjay Place,, Agra Uttar Pradesh, 0562-4010052, Harshivhora@yahoo.Com",,,Agra,Uttar Pradesh,,,,,,
4163,S.P.H Traders (Agc),"Block No 3, Shop No 2 and 15 Shoe Market, Sanjay Palace ,Agra",,09ADDFS3597A1ZZ,Agra,Uttar Pradesh,,,,9897000052,harshivhora@yahoo.com,
4164,Spiers Enterprises (Agc),"MOTI KUNJ 38/42, NEAR USHA DEVI MANDIR, AGRA",,09ADAPK6696H1Z5,Agra,Uttar Pradesh,282002,,,,,
4165,Spiers Sales Corporation  (Agc),"31,  New Raja Mandi Colony,, Agra-282002",,09BEKPK6458M1ZP,Agra,Uttar Pradesh,282002,Mr. Bipinkotra,,9999427787,bombaycloth@gmail.com,
4166,S P International (Hwh),"119A, Matheswartala Road,, Kolkata-700046",,19AEWPK3913J1ZX,Kolkata,West Bengal,700046,,,8930089888,spinternational63@yahoo.in,
4167,Springer India Pvt Ltd (Ndls),"7th Floor, Vijaya Building,	17, Barakhamba Road,,  110001",,,Delhi,Delhi,110001,,,,,
4168,Springfiend Leather Pvt Ltd (Hwh),"S-2B Phase-III,  Kasba Industrial Estate, Anandapur, Kolkata-700107, Kolkata-700107",,19AAICS3413Q1ZT,Kolkata,West Bengal,700107,,,,,
4169,S P Shoes (Ndls),"Khasra No. 554 New No-497, Mundka Near Metro Pillor No-505  New Delhi",,07AIIPB8186A1ZG,Delhi,Delhi,,,,0986568628,,
4170,Sravani Impex,"Plot No-142, Sankar Nagar Main Road,, Sankar Nagar, Pammal, Chennai.",,,Chennai,Tamil Nadu,600075,,,,,
4171,SRB Exports P Ltd,Noida,,,Noida,Uttar Pradesh,,,,,,
4172,S.R.B Exports Pvt Ltd,Noida,,,Noida,Uttar Pradesh,,,,,,
4173,S.R.B Exports Pvt Ltd ( Noida ),"F-60, Sector-11, Near Honda Showroom, Noida",,09AAFCS1750D1ZK,Noida,Uttar Pradesh,,,,,,
4174,Srd Enterprises (Hwh),-700017,,,Kolkata,West Bengal,,,,,,
4175,Sree Lakshmi Leather,,,,Chennai,Tamil Nadu,,,,,,
4176,Sree Ram Plastic (Agc),"57, Foundry Nagar, Agra.",,,Agra,Uttar Pradesh,,,,,,
4177,Sree Veera Leathers,,,,Chennai,Tamil Nadu,,,,,,
4178,Sree Venkeswara Agency,"Chromepet, ",,,Chennai,Tamil Nadu,,,,,,
4179,Sree Venkteshwara,,,,Chennai,Tamil Nadu,,,,,,
4180,S R Engineering Works (Agc),"14/423-B/2A, Nunhai,, Agra",,09CSIPS9122H1Z9,Agra,Uttar Pradesh,,,,,,
4181,S R Enterprises (Agc),"2/6 Madhav Bhawan, Near Hanuman Mandir, Namnair, Agra-282001",,09AOBPP3514M1ZQ,Agra,Uttar Pradesh,282001,,,9808318808/9997376663,dparashar1973@gmail.com,
4182,S. R Enterprises (Faridabad),"112, 1st Floor, 5R/8, Neelam Chowk,, NIT, Faridabad-121001, Haryana, 9873707028",,,Faridabad,Haryana,,,,,,
4183,S.R.Enterprises (Faridabad_,Faridabad,,,Faridabad,Haryana,,,,,,
4184,S R Enterprises ( Ndls ),"1160/12 . Govind Puri ,, Kalka Ji  -110019, Phone No.09810096784/9953567212",,,Delhi,Delhi,,,,,,
4185,Sresta Alwal Brothers (Hyd),,,,Hyderabad,Telangana,,,,,,
4186,Sresta Natvral Bio Products (Hyb),"H No 8-2-468/A81/2, 2nd & 3rd Floor,, Uma Anushman Apartment, Road No 5,, Banjara Hills,  - 500034, 40-40072526, 40072528, 9904792330",,,Hyderabad,Telangana,500034,,,,,
4187,S. R. Footwear (Hwh),"Plot No. 77-81, Udyan Industrial Estate,, Pagladanga MainRoad, East Kolkata, Township, Kolkata - 700107",,19ABFFS8175E1ZS,Kolkata,West Bengal,700107,,33-25270408,9830617558,srfootwear@gmail.com,
4188,S. R. Footwear Kolkata,"Plot No. 77-81, Udyan Industrial Estate,, Pagladanga MainRoad, East , Township,  - 700107, Srfootwear@gmail.Com",,,Kolkata,West Bengal,,,,,srfootwear@gmail.com,
4189,Sri Arenga Leathers,"Chrompet, Chennai",,,Chennai,Tamil Nadu,,,,,,
4190,Sri Aurobindo Auto,Faridabad,,,Faridabad,Haryana,,,,,,
4191,Sridhar Gogini (Ggn),"Ild Trade Centre Gate No. 317, Sector-47 , ",,,Gurgaon,Haryana,,,,,,
4192,Sri Gnanam Associates,,,,Chennai,Tamil Nadu,,,,,,
4193,Sri Guruji Leathers,"No.4, Nachiar Street, Umayalpuram, Chromepet, Chennai-600044",,33APJPS7661B1ZT,Chennai,Tamil Nadu,,,,,,
4194,Srijati Shoe Pvt.Ltd. (Agc),"Plot No.632,Artoni,, -Mathura Road,NH-2,, -282007., 9837077521, Srijatishoepvtltd@yahoo.in",,,Agra,Uttar Pradesh,282007,,,,,
4195,Sri Kripa,,,,Chennai,Tamil Nadu,,,,,,
4196,Sri Lakshmi Ratan Traders ( Ndls ),"Plot No.728, Tikri Village, New Delhi -110041",,07ADCPT5138R1ZU,Delhi,Delhi,110041,Mr. Sandeep,,9891286200,,
4197,Sri Laxmi Leathers,,,,Chennai,Tamil Nadu,,,,,,
4198,Sri Leather Corp,,,,Vaniyambadi,Tamil Nadu,,,,,,
4199,Sri Madhu Enterprise,,,,Chennai,Tamil Nadu,,,,,,
4200,Sri Metapaplin,,,,Agra,Uttar Pradesh,,,,,,
4201,S.R.Impex Consultants,,,,Agra,Uttar Pradesh,,,,,,
4202,Sri Radhika Nonwoven,Jaipur,,,Jaipur,Rajasthan,,,,,,
4203,Sri Ragavendra,,,,Chennai,Tamil Nadu,,,,,,
4204,Sri Ragavendra / Mukhtar & Sons,,,,Chennai,Tamil Nadu,,,,,,
4205,Sri Ramkrishna Enterprises,,,,Chennai,Tamil Nadu,,,,,,
4206,Sri Ram Laminates,,,,Delhi,Delhi,,,,,,
4207,Sri R S Traders,,,,Chennai,Tamil Nadu,,,,,,
4208,Sri Sai Trader,,,,Chennai,Tamil Nadu,,,,,,
4209,Sri Sathya Leather,,,,Chennai,Tamil Nadu,,,,,,
4210,Sri Sathyanarayana,,,,Chennai,Tamil Nadu,,,,,,
4211,Sri Shangs Shoe Components,,,,Chennai,Tamil Nadu,,,,,,
4212,Srishti International (Cnb),"Jajmau, ",,,Kanpur,Uttar Pradesh,208007,,,,,
4213,Sri Vari Overseas (Agc),"D-2, Site C, U.P.S.I.D.C Industrial Area,, Sikandra, Near Bhagwati Dhaba,  - 282007, U P 562-3293599, +(91)-9837087576",,,Agra,Uttar Pradesh,,,,,,
4214,Sri Venkata Industry,"	Plot No. 62, Metropolitan Housing Co-Operative Society,, Sector A, P. O. Dhapa, ,  - 700105, India, 98311419663, Venkat@avusafety.Com",,,Kolkata,West Bengal,,,,,,
4215,Sri Virgo Leather,,,,Chennai,Tamil Nadu,,,,,,
4216,S R Textiles (Hwh),"46B, Rafi Ahmed Kidwai Road, 3rd Floor,, Kolkata-700016, 33-30285543/30285541/22295541/22296937, Srtextile@yahoo.Co.in",,,Kolkata,West Bengal,700016,B J Chy,,7042396088,srtextile@yahoo.co.in,
4217,S.R.Trading Company,,,,Chennai,Tamil Nadu,,,,,,
4218,S R V Exports (Ggn),"196-F-Sector -37, Gurgaon",,06ABFFS2155L1ZO,Gurgaon,Haryana,,,,,,
4219,S R V Exports ( N Delhi ),"A1/222 Phase (V), Aya Nagar New Delhi",,07ABFFS2155L1ZY,Delhi,Delhi,,,,,srvinternational@inbox.com,
4220,S S Barcode (Agc),"25/243d, Puniyapara, Naya Bans,, Rajamandi, Agra-282007.",,09BKKPK5170Q1ZD,Agra,Uttar Pradesh,282007,,,94 56 617 229,ssbarcode1@gmail.com,
4221,S. S. ENTERPRISE (Hwh),"41, Tiljala Road, Kolkata-700046",,19ANHPD5262F1Z3,Kolkata,West Bengal,700032,Mr. Raju Das,,9883153627,rajudas53627@gmail.com,
4222,SS Exports And Imports (Cnb),"No. 180- A, Laltoo Purwa, Jajmau,, Kanpur - 208010,",,09ACYFS5870Q1ZN,kanpur,Uttar Pradesh,208010,,,9918187888,exports@ssexportsimports.com,
4223,SSH Leather Works(Mub),Mumbai-09,,,Mumbai,Delhi,,,,,,
4224,S. S. International (Agc),"23/236, Post Office Street Jeoni Mandi, , 9319107021/9027253536, Sli_mukesh@yahoo.Com, SL@localhost.Localhost",,,Agra,Uttar Pradesh,,,,,,
4225,S S International (Ggn),"112, Sector-37, Udyog Vihar, Phase-VI,, Gurgaon",AIBPS3618R,06AIBPS3618R1ZQ,Gurgaon,Haryana,,,,,,
4226,S S International (Ndls),"RZ-800/20  Tughlakabad Extension,, New Delhi-110019",,07AAAPH5004M1ZZ,Delhi,Delhi,,,,,,
4227,Ssi Santhosh Shoe,,,,Ambur,Tamil Nadu,,,,,,
4228,S.S.Lables & Accessories,,,,Agra,Uttar Pradesh,,,,,,
4229,S S Leatherites (Agc),"Khasra No. 21, Mauja Mohamadpur,, Agra Delhi Road, Sikandra, Agra",ABZFS5493H,09ABZFS5493H1Z4,Agra,Uttar Pradesh,282007,,562-3015400,,shipping@duwurgroup.com,
4230,SS Overseas (Agc),"No. 43, Pushpdeep Enclave, Sikandra,, , Uttar Pradesh- 282010, 9837518170, SS@localhost.Localhost, Overseas@localhost.Localhost",,,Agra,Uttar Pradesh,,,,,,
4231,S.S Processing,Noida,,,Noida,Uttar Pradesh,,,,,,
4232,SSVM Group of Institutions,Chennai,,,Chennai,Tamil Nadu,,,,,,
4233,ST  Analytics IQ Services Pvt Ltd,"353/3, Jalilal House, Bijwasan,, Delhi,",,07AALCS9278G1ZP,Delhi,Delhi,110061,,,,,
4234,Star Boxes,,,,Chennai,Tamil Nadu,,,,,,
4235,Stark Photobook,,,,Pune,Maharashtra,,,,,,
4236,Stark Photo Book (Pune),"Sangamvadi, -411001, 020-26057733/9846039494, Info.Starkphotobook@gmail.Com",,,Pune,Maharashtra,411001,,,,,
4237,Star Leather Co. (Karol Bagh),Karol Bagh,,07AFXPC6374B1ZB,Delhi,Delhi,,,,,,
4238,Star Tannery (Cnb),"19, Jajmau,  - 208023, 8573850631",,,Kanpur,Uttar Pradesh,,,,No E-Mail Id Confirm by Party,,
4239,Starworth Infrastructure & Construction Ltd (Sbc),"No.301, 3rd Floor, Sunrise Chambers,, Ulsoor Road,  – 560042., 80-49009999, Info@starworthinfra.Com",,,Bangalore,Karnataka,560042,,,,info@starworthinfra.com,
4240,S.T.Collections,,,,Kolkata,West Bengal,,,,,,
4241,Stellar Dynamics Pvt Ltd (Ndls),"C-48 Third Floor, Naraina Industrial Area, Phase-1, , Accounts@stellardynmics.Co.in",,,Delhi,Delhi,110008,,,,,
4242,STENCIL (Sbc),"9 Floor 73, 4th Main K.S. Garden, My School Road, Lalbagh Road, Bangalore-560027",,29AAWPL0203G1ZP,Bangalore,Karnataka,560027,Mr Siddappaji,,8884488511,accounts@stencilindia.com,info@stencilindia.com
4243,Stichwell Exports Pvt Ltd (Hwh),"Nilhat House, 7th Floor, 11, R.N. Mukherjee Road,, Kolkata-700001",,19AADCS8384B1Z5,Kolkata,West Bengal,,,33-22653804,,accounts@stichwell.com,
4244,S T Impex,"Cutchery Road, Vaniyambadi.",,,Vaniyambadi,Tamil Nadu,,,,,,
4245,Stimulate Designs (Noida),"B-40 Sector-4Noida, Uttarpreadesh-201301",,09AAACC0119R1ZJ,Noida,Uttar Pradesh,201301,,,9015909784,,
4246,S T Leather Arts  (Noida),"C-166 Sector -63 Noida, Uttarpardesh",,09ADCFS6013Q1ZM,Noida,Uttar Pradesh,201301,,,,,
4247,S.T.N Leather Exports,,,,Vaniyambadi,Tamil Nadu,,,,,,
4248,Stores Exporter Chennai,,,,Chennai,Tamil Nadu,,,,,,
4249,Stork Phol Book (Pune),,,,Pune,Maharashtra,,,,,,
4250,Stout India Industries (Hwh),"14 B Dover Road,  - 700019, 9830483428, Classicint93@gmail.Com",,,Kolkata,West Bengal,700019,,,,,
4251,Strands International (Sbc),"No.70, Ns Palya, Bannerghatta Road,, Bangalore - 560076",ABAFS3322C,29ABAFS3322C1ZL,Bangalore,Karnataka,560076,Mr. M.Ramesh,80-41200655,7676079805,rameshstrands@gmail.com,
4252,STS Leather Exports,"Old No-67, New No-98, Avvainagar Main Toad, Sipcot, Ranipet.",,,Ranipet,Tamil Nadu,,,,,,
4253,Studio SRZ,,,,Delhi,Delhi,,,,,,
4254,Studio SRZ (Ndls),"K-63, Abdul Fazal Enclave, Thokar No. 5,, Jamiya Nagar, Okhla, -110025, 9810190705",,,Delhi,Delhi,110025,,,,,
4255,Studio Z,"K-63Ground Floor, Lane No-5 Abul Fazal Enclave, Jamia Nagar -110025, M-910190705",,,Delhi,Delhi,,,,,,
4256,Styele Footwear,,,,Agra,Uttar Pradesh,,,,,,
4257,Stylo Global (Ggn),"Plot No 689 Sector-37, Pace City - II, Gurgaon-122001",,06ADDFS4163N1ZQ,Gurgaon,Haryana,122001,Mr. Rajesh,124-2371230,8901417749,purchase@styloglobal.com,purchase@gmail.com
4258,Stylo Shoes Pvt Ltd (Hwh),"29 NC, Block-B, New Alipore,, Kolkata-700053",,19AADCS5527Q1ZN,Kolkata,West Bengal,700053,Mr. Prasant Choudhary,,9830277671,prashant@stylo-shoes.in,factory@stylo-shoes.in
4259,Stylo Shoes Pvt Ltd (Old),"29 NC, Block-B, New Alipore,, Kolkata-700053",,19AADCS5527Q1ZN,Kolkata,West Bengal,700053,Mr. Prashant Choudhary,,9830277671,prashant@stylo-shoes.in,factory@stylo-shoes.in
4260,Subhan Tanners (Cnb),"43/36- A, Shitla Bazar, Jajmau, Kanpur-208010",,09AANPA5552E1ZT,kanpur,Uttar Pradesh,208010,,,9839208847,subhantanners@rediffmail.com,
4261,Subhash,,,,Delhi,Delhi,,,,,,
4262,Subhash Plastic,,,,Delhi,Delhi,,,,,,
4263,Subhash Rubbers,,,,Agra,Uttar Pradesh,,,,,,
4264,Subhi Enterprises ( Ndl ),"Shpo #5989 Block 3, Gali 2 Dev Nagar, Kikar Wala Chowk Karol- , Ph : 09811700575",,,Delhi,Delhi,,,,,,
4265,Sucheta Footwear  Pvt Ltd (Cnb),"19-B Udyog Nagar, Dada Nagar, Kanpur Uttar Pardesh-208022",,,kanpur,Uttar Pradesh,208022,,,,,
4266,Sucheta International (Agc),"3th Mile Stone,Industrial Area,, Bye Pass Road,Sikandra,, Agra-282 007, 562-2640376/8923543200, Info@suchetainternational.Com",,,Agra,Uttar Pradesh,282007,,,,,
4267,Sudarshan Overseas (Agc),"21, Surya Nagar , D-13 Loyers Colony, By Pass Road, Uttar Pradesh, Sudershanoverseas@gmail.Com",,,Agra,Uttar Pradesh,,,,,,
4268,Suddha Converting Machineries (P) Ltd (Gandhinagar),"555/1, Surabhai Engineering Compound, Ra Cross, Road, Santej, Gandhinagar-Gujara.., +(91)-2764-286923, +(91)-9825064354",,,Kanpur,Uttar Pradesh,,,,,,
4269,Sudhir Panwar,"E-51 Street No-174, Sadh Nagar  110045, M-9990836334",,,Delhi,Delhi,,,,,,
4270,Sudh Priya Plastichem Pvt Ltd ( Ndls ),"JA-24A , Ashok Vihar , Phase -1 ,, Opp.Murga Market,,  - 110052, St No: 07970274594",,,Delhi,Delhi,,,,,,
4271,Sugil Tax & Labels ( Ndl ),,,,Delhi,Delhi,,,,,,
4272,Sujay Enterprises (Sbc),"No.84, 1st Cross Cholur Palya,, Behind Prsanna Theatre,, Near Lal Bahaddur Shastri School,, Magadi Road, Bangalore-560023",,29BKHPK0595C1Z4,Bangalore,Karnataka,560023,Mr.Krishnamurthy,,8553133313,krishnamurthysk06@gmail.com,
4273,Sukraa Leathers,,,,Chennai,Tamil Nadu,,,,,,
4274,Sukriti Shoes (Agc),"C-27, Site - A, Sikandra,, Agra-282007 U P",AABPO3750G,09AABPO3750G1ZR,Agra,Uttar Pradesh,282007,Mr. Anuj,562-3299532,,info@sukritishoes.com,
4275,Sultan Chand & Sons ( P ) Ltd ( Ndls ),"Eudcational Publishers, 4859/24, Daryaganj New Delhi-110002",,07AAACS0397M1Z1,Delhi,Delhi,110002,,11-43546000/23243939,,scs@sultanchandebooks.com,
4276,Suman Das,,,,Kolkata,West Bengal,,,,,,
4277,Sumanglam Footwear,,,,Delhi,Delhi,,,,,,
4278,Sumanglam Footwear Pvt. Ltd (Bahadurgarrh),"42nd K.M. Stone,  Rohtak, Road, Bahadurgarh, Haryana 124507",,,Delhi,Delhi,,,,,,
4279,Sumanglam Footwear Pvt Ltd ( Ndls ),"42 KM Mile Stone, Delhi Rohtak Road,, Bahadurgarh, Haryana-124507, Mr. Shiv Shankar Jha- 9896555522",,,Delhi,Delhi,,Mr. Shiv Shankar Jha,,9896555522,,
4280,Sumbul Tanning Corporation (Hwh),"3/7A Tiljala Lane, Kolkata-700019, 9830661110, Stc.Sajjad@gmail.Com",,19AAXFS4812K1ZF,Kolkata,West Bengal,700019,,9830661110,,stc.sajjad@gmail.com,
4281,SU Misurat Accessaries (Ndls),"C/o Randhika Jain Basement, 7, GURUNANAK MARKET, Lajpat Nagar 4,, Delhi - 110024, Near Moolchand Metro Station",,07ADBFS4848J1ZQ,Delhi,Delhi,110024,,,09205948900,,
4282,Sumit Plastic,,,,Delhi,Delhi,,,,,,
4283,Sumitron Exports Pvt Ltd,,,,Delhi,Delhi,,,,,,
4284,Sumitron Exports Pvt Ltd ( Ndls ),"F-19/1, Sector-8, Rohini,, New Delhi-110085",,07AAACS8913K1Z3,Delhi,Delhi,110085,,,9810156411,,
4285,Sumitsu Apparel Pvt Ltd (Ggn),"Plot No. 324, Udyog Vihar,, Gurgaon, Haryana",,,Gurgaon,Haryana,,,,,kamal@dinoperros.com,
4286,Summistu Apparel (Ggn),"Plot No 324 Phase IV, Udyog Vihar, , , Near Spice Jet, 9968314300/9899478435",,,Gurgaon,Haryana,,,,,,
4287,Summistu Apparel ( N Delhi ),"Plot No 324 Phase IV, , Near Spice Jet",,,Gurgaon,Haryana,,,,,,
4288,Summistu Apparel ( Ndl ),"No : 12 Udyog Nagar,, Industrial Estate, Peeragani,  - 110041",,,Delhi,Delhi,,,,,,
4289,Sun Creations (Sbc),"No 2-78/2, 6th Cross, C Block, Raghavendra, Layout, Yeshwanthpur, Bangalore - 560022,, Opp. MEI,Tumkur Road,",,29ARAPP1416G1ZZ,Bangalore,Karnataka,560022,,,9686911997 9880331997,,
4290,Sundeep Industries,,,,Delhi,Delhi,,,,,,
4291,Sunder Lal & Sons,,,,Agra,Uttar Pradesh,,,,,,
4292,Sun Metal Fittings (Agc),"F-1, Shri Sai Baba Market, Belanganj,, Agra-282004",,09AGIPG8188K1ZP,Agra,Uttar Pradesh,282004,Mr. Prashant Goyal & Mr. Sushant Goyal,99973000112/9997928999,,sunmetalfittings@gmail.com,
4293,Sunny Sleevings,,,,Gurgaon,Haryana,,,,,,
4294,Sunrise Enterprises (Ndls),"B-133, West Patel Nagar,, New Delhi-110008",,07AKUPB8152G1ZY,Delhi,Delhi,110008,,,,,
4295,Sunrise Exports (Hwh),"1/ID Mahindra Roy Lane,  - 700046
, 33 2703 1564/974 861 3588, Murtaza@sunrisexports.Com",,,Kolkata,West Bengal,700046,,,,,
4296,Sunrise International ( Ndls ),,,,Delhi,Delhi,,,,,,
4297,Sunshine Exim (Cnb),"482 483 Wajidpur Jajmau -208010, 9839031351, Mail@sunshinetannery.Com",,,Kanpur,Uttar Pradesh,208010,,,,,
4298,Sunshine Finishers (Faridabad),Faridabad,,,Faridabad,Haryana,,,,,,
4299,Suolificio Linea,Pondy,,,Puducherry,Puducherry,,,,,,
4300,Suolificio Linea Italia India Pvt Ltd,"19-1 & 4-4 Mylam Pondy Road,, Pducherry 605 111.,, FAX 0413 2678642, Sedarapet,",,,Puducherry,Puducherry,2678642,,0413 267 8643,,,
4301,Supeer Tags ( Delhi ),"No 118, Guru Nanak Marg, A1 Block, Sant Nagar, Burari. -110084",,,Delhi,Delhi,,,,,,
4302,Super Dry Desiccant Pvt Ltd (Hwh),"43 Sammilani Park,,Block E,, Santoshpur,,Rajapur East, -700075, 33-65396565 / 9830265031",,,Kolkata,West Bengal,700075,,,,,
4303,Super House Ltd (Agc),"Plot No. A-3,A-4, B-4 & B-5, Epip-Upsidc,, Shastripuram, Agra-282001",AABCS9328K,09AABCS9328K1ZV,Agra,Uttar Pradesh,282001,Mr. Rahmat Ali,,9997191447,agraac@super housegroup.com,
4304,Super House Ltd ( Noida ),"A-69, Sector-57, Noida     Ph#Mr. Ram Ji Pandey-9718394027, 0120-4648888",,,Noida,Uttar Pradesh,,,,,,
4305,Super India (Ndls),,,,Delhi,Delhi,,,,,,
4306,Super India Shoes Material Pvt Ltd (N Delhi),"16/3688, Hardhian Singh Rd, Karol Bagh,, Delhi - 110005,",,07AABCS7534F1ZE,Delhi,Delhi,,,,,,
4307,Super Packings,,,,Agra,Uttar Pradesh,,,,,,
4308,Super Plast,,,,Agra,Uttar Pradesh,,,,,,
4309,Super Plast (Age),"31  NEW RAJA MANDI, AGRA",,09AGDPK0548C1ZR,Agra,Uttar Pradesh,282002,,,,,
4310,Super Screen Craft in Delhi,"5767, Gali No 6, New Chandrawala, , DL 110007",,,Delhi,Delhi,,,,,,
4311,Super Shoes Company (Bom),"203, Retiwale Industrial Estate, Byculla East, Mumbai-400027",,27AHGPD6598P1ZI,Mumbai,Maharashtra,400027,,,9594006387,karimjidaya@yahoo.in,
4312,Super Skin Craft Pvt Ltd ( Okhla ),"B-109, Okhla Indl.Area, Phase-1 Mew Delhi-110020",,07AARCS6402L1ZW,Delhi,Delhi,,,,,,
4313,Super Soles,,,,Chennai,Tamil Nadu,,,,,,
4314,Super Soles Pvt Ltd ( Agc ),"32/12/1, Takia Lal Maszid, Near Water Works, Agra - 282 002",,09AAFCS3016A1ZV,Agra,Uttar Pradesh,282002,,,,akhilgoyal1990@gmail.com,
4315,Super Star Leathers (Cnb),"Plot No. 53, Jajmau, -208010, 512 3059152/9936582912, Sohail@superstarleathers.Com, Info@superstarleathers.Com",,,Kanpur,Uttar Pradesh,208010,,,,,
4316,Super Star Tanning (Cnb),"A16/17F Kusumshree Vatika, Civil Line,, Opp. Axis Bank , -208001, 9935882880, Info@superstarleathers.Com",,,Kanpur,Uttar Pradesh,208001,Mr. Amar,,9935882880,,
4317,Super Tannery Limited (Bag Div) (Cnb),"187/170, Jajmau Road,, Kanpur - 208010,(U.P.) INDIA",,09AAICS1142C1ZP,kanpur,Uttar Pradesh,208010,,512-3935747/48,,planning@supertannery.com,
4318,Super Tannery Limited (Leather Div) (Cnb),"187/170, Jajmau Road, Kanpur-208010",,09AAICS1142C1ZP,kanpur,Uttar Pradesh,208010,,512-3935747/48/49,,purchase@supertannery.com,
4319,Super Tannery Ltd (Footwear Div) (Cnb),"Kanpur, Uttar Pradesh",,09AAICS1142C1ZP,kanpur,Uttar Pradesh,,,,,,
4320,Super Tannery Ltd - GTA,"187/170, Jajmau Road,, -208 010, Mob: 096452 00045",,,Kanpur,Uttar Pradesh,,,,,chennai@graciousexpress.com,
4321,Supreme Classics (Sbc),", ",,,Bangalore,Karnataka,,,,,,
4322,Supreme Leather (Bom),"111-118, B-DEEP PLAZA,, NEXT TO ASHOK LEYLAND,, M.N.ROAD, KURLA (W),, : 400070.INDIA, 022 – 25040141/42/43, Supreme.Leather@vsnl.Com",,,Mumbai,Maharashtra,400070,,,,,
4323,Supreme Leather Impex,Chennai,,,Chennai,Tamil Nadu,,,,,,
4324,Surabi Enterprises (Ndls),"D/5/ 217,  BHATRA ROAD, Sangam Vihar, Near Jain Mandir New Delhi, Pin Code-110080",,07ANRPL7914N1Z6,Delhi,Delhi,,,,9868525522,Lodhi1112y@gmil.com,
4325,Suraj Enterprises (Bom),"Gala No. 3/4, Abdul Raizan Malik, Compund, Chandivali Petrol Pump,, Behind Kamani Oil Mill, Sakinaka, Andheri (E), Mumbai-400072",,27AGWPD3696F1ZW,Mumbai,Maharashtra,400072,,,9820030784,No e-mail id,
4326,Suraj Exports ( Cnb ),"53 ,Tiwari Pur Kailash Vihar, Jaimau, ,  ( Central ) - 208010, Phone 99350 61729",,,Kanpur,Uttar Pradesh,,,,,,
4327,Surat Interlining,,,,Bangalore,Karnataka,,,,,,
4328,Suri Shoes Pvt. Ltd (Cnb),"No.117/Q/67, Sharda Nagar,, Kanpur - 208 025.",,09AADCS1582P1ZR,kanpur,Uttar Pradesh,208025,,,,accounts@surishoes.com,
4329,Surmon Laces &Tapes (Agc),"D-5, Site-A, Sikandra Industrial,, Agra-282007",,09AADFS4939F1ZZ,Agra,Uttar Pradesh,282007,,,9837005981,surmonlaces@hotmail.com,
4330,S.V.S Global (Agra),,,,Agra,Uttar Pradesh,,,,,,
4331,S V Shoes Enterprises (Agc),"22/2-A, Motilal Nehru Road, Motilal Nehru Road, Agra, Uttar Pradesh 282004",,09AACFS8770R1Z6,Agra,Uttar Pradesh,,,,9837490899,svshoes70@gmail.com,
4332,Swadeshi Agencies (Cnb),"Address-88/487 Fahimabad,, Kanpur",,09ABSPA9388E1Z4,kanpur,Uttar Pradesh,,,,9889906115/98893364520,a.kamal@swadeshiagencies.com,
4333,Swadeshi Footcare (P) Ltd (Cnb),"C-8, SITE-1, PANKI INDUSTRIAL ESTATE, KANPUR 208022",,09AAFCS2723J1Z8,kanpur,Uttar Pradesh,208022,,,9336230251,b2b@eindiabusiness.com,
4334,Swadeshi Overseas,,,,Kanpur,Uttar Pradesh,,,,,,
4335,Swadeshi Overseas (Cnb),"C- 8, Panki- 1, Kanpur - 208001",,09AAPFS3422D1Z7,kanpur,Uttar Pradesh,208001,,,9415041308,rakesh@swadeshioverseas.com,
4336,Swami (Okhla),"110Tehkhand Okhla Industruial Area, Okhla -110020",,,Delhi,Delhi,,,,,,
4337,Swaraj Fashions Pvt Ltd (Bom),"Plot C4, Street 11, Midc Andheri (East),, Nr. Tunga Paradise Hotel,, -400093, 9833206054, Geeta@swarajfashions.Com",,,Mumbai,Maharashtra,400093,,,9833206054,,
4338,Swarang Designs.(Ndls),"5/7, Kirti Nagar Industrial Area,, New Delhi-110015",,07ABRPW9916D3ZX,Delhi,Delhi,,,,,,
4339,Swasan Chemicals,,,,Mumbai,Maharashtra,,,,,,
4340,Swastik Boot Factory (Agc),"5 Bahh Farzana, Civil Lane, Agra-282002",,09AFYPM8260P1Z6,Agra,Uttar Pradesh,282002,Nitin Mahajan,,9997666400,,
4341,Swastik Ecoplast Pvt Ltd,Narela/,,,Delhi,Delhi,,,,,,
4342,Swastik Ecoplast Pvt Ltd (Ndls),"C-599, DSIDC Narela,, Industrial Area, Narela, -110040",,,Delhi,Delhi,110040,,,,,
4343,Swastik Polymers ( N Delhi ),Com. Add=- Ba 41 First Floor Mangolpuri Industrail Area Phase-Ii Mr. Inder / Mangal Ph#9811292019 / 9311001104,,07AAHPB0305L1Z6,Delhi,Delhi,110005,Courier Address,Vivek Bansal Swastik Polymers,"2A\103, Rang Rasayan Appartment",New Delhi-110085,9811292019
4344,Swastik Polymers (Ndls),"H-33, Udyog Nagar, Peera Garhi, New Delhi-110087, 9868284200",,07AAHPB0305L1Z6,Delhi,Delhi,110087,,,,,
4345,Swastik Printers,,,,Delhi,Delhi,,,,,,
4346,Swastik Rail Cargo (Ndls),"B-3 , Pragati House 47/48 Nehru Place, New Delhi",,07ADJFS8746B1ZU,Delhi,Delhi,,,9229442618,9344333355,,
4347,Swatantra Advertusers & Printers (Ndls),"E-20, Bharma Appartment,, Sector-7, Plot No. 07, Dwarka,, -110075",,,Delhi,Delhi,110075,,,,,
4348,Syndicate Leathers,,,,Chennai,Tamil Nadu,,,,,,
4349,Syndicate Leathers ( Mas ),"No.2, Naval Hospital Road, Periamet, -600 003",,,Chennai,Tamil Nadu,,,,,,
4350,Systems India Pvt Ltd (New Delhi),"D-35 DISIIDC Packing Complex, Kirti Nagar Indi Area New Delhi-110015, Tel-0114540048, Manager.Projects@furnishingfabrics.in, Sunandjoy@furnishingfabrics.in, Sunandjoy@furnishingfabrics.in",,07AAACS4195F1ZC,Delhi,Delhi,1100015,,,,,
4351,Systems Tek Pvt. Ltd. (Okhla),"Office No. T6, Phase 2, Okhla Industrial Area,,   - 110020, 41709837, 41709838,41709840",,,Delhi,Delhi,,,,,,
4352,Tabrez,Ranipet.,,,Ranipet,Tamil Nadu,,,,,,
4353,T.A.Enterprise (Hwh),"106, B.T.Road, Kolkata-700108",,19CRRPK4883K1ZS,Kolkata,West Bengal,700108,,,7044729595,a.wahab.sons@gmail.com,
4354,Tagbros Industrial,,,,Delhi,Delhi,,,,,,
4355,Tag Brothers  (New Delhi),"Address Line1. 14, INDUSTRIAL AREA,, TILAK NAGAR,. City. .",,,Delhi,Delhi,,,,,,
4356,Tag Overseas (Ndls),"C-1/10, Rana Pratap Bagh,, Near Model Town, Kamla Nagar,, -110007, Tagoverseas@gmail.Com, Wellnessconcepts1980@gmail.Com, 11-65359911",,,Delhi,Delhi,110007,,,,,
4357,Taj Enterprises (Cnb),"98/37, Nazir Bagh Ganj,, Kanpur-208001",,09ANJPJ5465A1Z1,kanpur,Uttar Pradesh,208001,,,9389283801/8765305659,no e-mail id,
4358,Taj International (Agc),Agra,,09AAACT0098E1ZF,Agra,Uttar Pradesh,,,,,,
4359,Taj Leather Works (Hwh),"30/1, Alimuddin Street,, Kolkata-700016",,19AABFT7886N1Z6,Kolkata,West Bengal,700016,,22-820288,9831959797/9830024687,,
4360,Taj Shoe,,,,Ranipet,Tamil Nadu,,,,,,
4361,Tak Equestrian,"98/157, Peach Bagh, Kanpur",,,kanpur,Uttar Pradesh,208001,,,,,
4362,TAK EQUESTRIAN (Cnb),"#98/157, BECONGANJ, NEAR- PARED CHAURAHA,, Kanpur - 208001",,09AKAPK1037D1ZP,kanpur,Uttar Pradesh,,,,9305751705,info@takequestrian.com,
4363,Taksh Enterprises (Ndls),"110, Tekhand, Okhla, Inous Area, New Delhi--110020",,07BUSPK2257C1ZK,Delhi,Delhi,110020,,,9999992246,lavitkumar85@gmail.com,
4364,Talbros Automotive Company,,,,Gurgaon,Haryana,,,,,,
4365,Tamana Traders (Ndls),"Ab-45 Ground Floor Amarpuri, Pahar Ganj Newdelhi",,07AGVPA7059E1Z7,Delhi,Delhi,110055,,,9312356123,,
4366,Tamil Nadu Haj Service Society (Mumbai),"No.39 45 , Masjid Street, Khanti Bazaar, Masjid Bunder  20003, Phone No-23466058 / 23468501",,,Mumbai,Maharashtra,,,,,,
4367,Taneja Traders,,,,Delhi,Delhi,,,,,,
4368,Taneja Traders (Ndls),"B-10 Swarn Park, Munka New Delhi",,07ACEPT5558N1ZU,Delhi,Delhi,110041,,,,,
4369,Tangerine Design Pvt Ltd-153  ( Ggn ),"Plot No. 153, Sec-4, IMT Manesar, Gurgaon",,06AAECT6475H1Z2,Gurgaon,Haryana,,Mr. K S Rawat,,9560247996,Khilap.singh@tangerinedesign.co.in,
4370,Tangerine Design Pvt Ltd (36 Bag) (Ggn),"Plot No. 36, Sector-4, IMT Manesar,, Gurgaon-122050, Haryana",,06AAECT6475H1Z2,Gurgaon,Haryana,,Mr. Sompal,,9718829025,som.pal@tangerinedesign.co.in,
4371,Tangerine Design Pvt Ltd (36 Belt) (Ggn),"Plot No.36, Sector-4, IMT Manesar,, Gurgaon-122050",,06AAECT6475H1Z2,Gurgaon,Haryana,122050,,,,amal.giri@tangerinedesign.co.in,
4372,Tangerine Design Pvt Ltd (36 Finishing) (Ggn),"Plot No. 36, Sector-4, IMT Manesar,, Gurgaon-122050",,06AAECT6475H1Z2,Gurgaon,Haryana,122050,Mr. Kamal,,9911345187,sijo.jacob@tangerinedesign.co.in,
4373,Tanishka Enterprises(Agc),"Vikas Ganj Kalwari Bodla, Agra",,09AJCPR1401K1ZB,Agra,Uttar Pradesh,,,,7017137073,tanishkaenterprises15@gmail.com,
4374,Tanmayi Reddy,,,,Bangalore,Karnataka,,,,,,
4375,Tannex Internaional (Hwh),"2/2A/H5,Miajan Ostagar Lane Kolkata-700017",,19AABFT7856L1ZG,Kolkata,West Bengal,700017,Mr. Tabrez,9830912843/9831515883,,saim_tannex@yahoo.com,info@tannexinternational.com
4376,Tantech Industries ( Ndls ),"F 301, Ashish Complex, LSC No.1, Shresth Vihar, ,-110092, Mob No.-9810356298",,,Delhi,Delhi,,,,,,
4377,Tanveer Leathers,,,,Chennai,Tamil Nadu,,,,,,
4378,Tanveer Leder Finisher,,,,Kanpur,Uttar Pradesh,,,,,,
4379,Tanveer Leder Finishers (CNB),"68-D, Defence Colony, Jajmau, , -208010, 9889004321",,,Kanpur,Uttar Pradesh,,,,,,
4380,Tanya International (Hwh),,,,Kolkata,West Bengal,,,,,,
4381,Tanya International (Ndls),"532/2 Bank Coloney, Devli Vilage -62, Mr Dev Ashish M-981074492, '",,,Delhi,Delhi,,,,,,
4382,Tanzeel Ahmed,,,,Delhi,Delhi,,,,,,
4383,Tara Leather Finishers (Cnb),"Plot No-150 Gajjupurwarn 150 Feet Roadrnjajmau,, ,-208010, 7499719391",,,Kanpur,Uttar Pradesh,,,,,,
4384,Taraus Soles (Bom),,,,Mumbai,Maharashtra,,,,,,
4385,Tarique Leather Works (Hwh),"7B, Crematorium Street,, Kolkata-700014",,19AABPQ7812M1Z8,Kolkata,West Bengal,700014,,,,gaurav.bhalla81@gmail.com,
4386,Tarni Enterprises (Ndls),K-21model Town 2nd 3rd Floor Delhi-110009,,07AHRPB3326L1Z7,Delhi,Delhi,110009,,,9811154001,tarni_enterprises@hotmail.com,
4387,Tarun Exports,,,,Agra,Uttar Pradesh,,,,,,
4388,Tarun Exports (Agc),"23/12, Emporium Black, Sanjay Place,, Agra - 282002",ABDPA2196H,09ABDPA2196H1ZT,Agra,Uttar Pradesh,282002,Mr. Mehboob Khan,562-4004681,9897022333,mehboob_khan11@rediffmail.com,tarunexportagra@gmail.com
4389,Tarus Overseas,,,,Chennai,Tamil Nadu,,,,,,
4390,Tasmiyah Leather Pvt Ltd (Cnb),"89/208 Bevis Compound Bans Mandi, Kanpur Up",,09AAFFT2484E1Z,kanpur,Uttar Pradesh,208001,,,,,
4391,Tata Steel Company Limited (N.Delhi),"5 Jeevan Tara Building Tower-1 7thfloor, Sansad Marg C P, ,  110001, Phone No-9810806482",,,Delhi,Delhi,,,,,,
4392,Taurus Shucrafts ( Bom),"137, Vatalatainagar, S.G Varba Marg, Thembur,, -400071, 9819921655, Taurusshucrafts@gmail.Com",,,Mumbai,Maharashtra,,,,,,
4393,Taurus Soles (Bom),"Arihant Industrial Estate, G-16, Saki Vihar Road,, Andheri East, -400072, Salestaurus@gmail.Com, 022-40229615",,,Mumbai,Maharashtra,400072,,,,,
4394,TAWS,"B-114, Okhla Industrial Area, Phase- I , -110020   Ph#9810341000/26818243/9282",,,Delhi,Delhi,,,,,,
4395,TDB Exim India Pvt Ltd,,,,Chennai,Tamil Nadu,,,,9444349172,,
4396,T D Creation (Bom),"Mumbai, Maharashtra, 9820199989",,,Mumbai,Maharashtra,,,,,,
4397,Teakwood Leathers (Ggn),"Shop No. 8, Jharsa Road,, Gurgaon-122001",,06BMTPS4959L1ZX,Gurgaon,Haryana,122001,,,09958955629,,
4398,Team Asia Marketing Pvt. Ltd. (NDLS),"D-3/5952-63 Hardyal Singh Rd,, Karol Bagh -5",,,Delhi,Delhi,,,,,,
4399,Team Creation (Ggn),"Plot No 505, Pace City-2, Sec-37,, Gurgaon - 122004",,06AACFT4154A1ZO,Gurgaon,Haryana,122004,,,9911554675,,
4400,"Tech Creations,(Noida)","B-52, Sector 8, Noida HO, Noida - 201301, Phone No- +(91)-120-2532822",,,Noida,Uttar Pradesh,,,,,,
4401,Techno Flex Industries (Sbc),,,,Bangalore,Karnataka,,Mr. Narasimha Murthy 9449870021,,,Technoflexind@gmail.com,
4402,Techno Springs India,Faridabad,,,Faridabad,Haryana,,,,,,
4403,Teexem Leather,,,,Ranipet,Tamil Nadu,,,,,,
4404,Tej Enterprises (Agc),"Plot No. 61,62,63,64 & 65, Brij Deep, Colony, Lakhanpur, Sikandra Agra",,09AAAFT5962A1ZA,Agra,Uttar Pradesh,282007,,,,atul@tsfshoes.com,
4405,Tej Hi Tech (Agc),"10th 11th Miles Stone Artoni  Mathura, Road, -282007, Tejhitech@tejshoetech.in",,,Agra,Uttar Pradesh,282007,,,,,
4406,Tej International Pvt Ltd (Agc),"10th-11th Mile Stone, Agra-Mathura Road,, Highway 2, Artauni, Agra-282007",,09AAACT0098E1ZF,Agra,Uttar Pradesh,282007,Mr. Atul,9927017200,94119255621,account@tsfshoes.com,
4407,Tej Rahman Industries (Cnb),"184/167, Wajidpur , Jajmau , Kanpur, 8052744442, Info@rahman-Group.Com",,,kanpur,Uttar Pradesh,,,,,info@rahman-group.com,
4408,Tej Shoe Tech (Agc),"10th-11th Mile Stone,, Agra-Mathura Road, Artoni,, Agra-282007 U P",,09AAAFT7902L1ZV,Agra,Uttar Pradesh,282007,,,,tejshoetech@tejshoetech.in,
4409,Telyonok Leather,,,,Chennai,Tamil Nadu,,,,,,
4410,Tempesta Luxury Products Pvt Ltd (Ggn),"172 Udyog Vihar, Phase-1, , ",,,Gurgaon,Haryana,,,,,,
4411,Tentech Industries (Ndls),"F-301 Ashish Complex NO-1 LSC, Shrestha Vihar -110092, PH-No-011-22162016/22153955, HemaRanswal <Gema@pamposhgroup.Com",,,Delhi,Delhi,,,,,,
4412,Tergus India (Cnb),"M6/8 K.D.A. Colony, Jajmau,, Kanpur 208010",,09BMKPK5852P1Z6,kanpur,Uttar Pradesh,208010,,,9795951852,tergusindia@gmail.com,
4413,Tergus Works Pvt Ltd,"Naigeri Cross Road, Mumbai",,,Mumbai,Maharashtra,,,,,,
4414,Tergus Works Pvt Ltd (Bom),"1st Floor Bharteeya Kreeda Mandir, Naigaon Cross Road Wadala, Mumbai-400031",,27AAGCT1300D1ZY,Mumbai,Maharashtra,400031,Mr. Divej Mehta,022-2413 3455 / 2413 4893,,accounts@tergus.in,divej8@gmail.com
4415,Teron India Ltd,,,,Chennai,Tamil Nadu,,,,,,
4416,Tets N Rai International,,,,Delhi,Delhi,,,,,,
4417,Tex Links (Ggn),", ",,,Gurgaon,Haryana,,,,,,
4418,Tex Styles ( Noida ),"C-17 Sector- 63 Noida -201301 UP, Mob No.- 9711984825/ 9811087798",,09AAAFT3977B1Z5,Noida,Uttar Pradesh,201301,,,9711984825/9811087798,account1@texstyles.biz,
4419,Thakur Das & Co,,,,Delhi,Delhi,,,,,,
4420,Thanks Exports (Agc),"D-624 Kamla Nagar, Agra-282004",,09ADLPA5618A1ZY,Agra,Uttar Pradesh,282004,,7906447294,9837518170,thanksexports@thanksexports.com,
4421,Thansun Techno Leders,"Chrompet,Chennai., Ph - 9962032818",,,Chennai,Tamil Nadu,,,,,,
4422,Tharam Exports,,,,Ranipet,Tamil Nadu,,,,,,
4423,The Agarajan Rane Madras Ltd Pune,"Hira Modi Fortune Near Mayur Arcade, ",,,Pune,Maharashtra,,,,,,
4424,The Basant Corporation (Agc),"Basant Garden, Hing Ki Mandi,, Agra, Uttar Pradesh",,09AEAPG3464L2ZD,Agra,Uttar Pradesh,,Mr. Manoj Sharma,,8178573063,leathers@basantoverseas.com,account@basantoverseas.com
4425,The Command Logistics Officer,,,,Mumbai,Maharashtra,,,,,,
4426,The Constructions & Industries Pvt Ltd (Cnb),Jajmau Kanpur.-208010,AAACT5202A,09AAACT5202A2ZY,kanpur,Uttar Pradesh,208010,Mr. Anil Shewan,,,anil.shewan@gmail.com,
4427,The East India Natural Goods Company (Hwh),"Project House Gopalpur, Budge Budge Road,, -700143, Joyanta@eastindianatural.Com, 9830383005",,,Kolkata,West Bengal,700143,,,,,
4428,The English Book Store (Ndl),"17 L, Connaught Circus,, ,  110001",,,Delhi,Delhi,,,,,,
4429,The House of Tara  (Okhla),"F-28/4, Okhla Industrial Area, Phase - 2, New Delhi – 110020",,07AOHPM6854R1Z0,Delhi,Delhi,,,,9899704299,,
4430,The Leather Home,5633/78 Regar Pura -11005,,,Delhi,Delhi,,,,,,
4431,The Leathers (Sbc),,,,Bangalore,Karnataka,,,,,,
4432,The Mangoes (Ggn),"Plot No- 42 Udyog Vihar Phase 1,, Gurgaon",,06ADOPA7622H1ZN,Gurgaon,Haryana,,Ms. Monika,9811198499,9899369359,accounts@themangoes.in,monika@themangoes.in
4433,The Mole Chem Induestries (Hwh),"Kolkata, West Bengal, 9674031886/9830163246, Mukherjeeamit2003@gmail.Com",,,Kolkata,West Bengal,,Mr. Amit Mukherjee,,9830163246,mukherjeeamit2003@gmail.com,
4434,The Tagore Creative Services,"196/1, Pianic Garden Road,, -700039",,,Kolkata,West Bengal,700039,,,,,
4435,The Trade Concept  (Agc),"C-12, Site- C, UPSIDC Industrial Area Sikandra,, -282007, 562-2641660/9760013713, Ttc@sancharnet.in",,,Agra,Uttar Pradesh,282007,,,,ttcagra@sancharnet.in,
4436,Think Fashion,,,,Delhi,Delhi,,,,,,
4437,Think Fashion (Ndls),"J- 2812, First Floor, DSIDC Industrial Area, Narela, New Delhi,",,07AKUPP7886P1ZM,Delhi,Delhi,110040,Manoj Chhillar,,9871944204,think4fashion@gmiil.com,
4438,THW International,,,,Vaniyambadi,Tamil Nadu,,,,,,
4439,Tilak Traders (Ndls),"925 Tilak Gali Kashmiri Gate, Delhi",,07AWLPS2573B1ZF,Delhi,Delhi,11006,,,,,
4440,Tirubala Export (Cnb),"C-7, Panki Industrial Area, Site-1 Kanpur, Uttar Pradesh – 208022 India",,09AAHFT5784H1ZL,kanpur,Uttar Pradesh,208022,,,,Nigam@Tirubala.com,
4441,Tirubala International Pvt Ltd (Cnb),"C-7, Panki Industrial Area Site -1, Kanpur-208022",,09AAECT2086J1Z0,kanpur,Uttar Pradesh,208022,Mr. Parvez,9792375111,,pravesh@tirubala.com,
4442,T.L.B (Sbc),,,,Bangalore,Karnataka,,,,,,
4443,TM Abdul Rahman,"45-J, Ammoor Road, Ranipet.",,,Ranipet,Tamil Nadu,,,,,,
4444,TMAR,,,,Ranipet,Tamil Nadu,,,,,,
4445,TM International (Okhla),"F-90/1, Okhla Industrial Area, Phase-I, N .",,,Delhi,Delhi,,,,,,
4446,T M Overseas (Agc),"C-2, C-3, Epip UPSIDC Industrial Area,, Shastripuram, Agra-282007",,09ACBPM6773D2ZH,Agra,Uttar Pradesh,282007,Mr. Rajesh,7409100428,9319109555,info@tmoverseas.in,
4447,Tnw Enterprises (New Delhi),"E-32, 4th Floor, Back Side Johri Farm Jamia Nagar,, New Delhi-110025",,07AAKFT7264R1Z6,Delhi,Delhi,110025,,,09990663571,,
4448,Toffik Ahmed (HWH),,,,Kolkata,West Bengal,,,,,,
4449,Togbros,,,,Delhi,Delhi,,,,,,
4450,Tommy Hilfiger,,,,Bangalore,Karnataka,,,,,,
4451,Top Creations (Hwh),"6A Kustia Road, Kolkata",AHCPM7877J,19AHCPM7877J1ZM,Kolkata,West Bengal,,Mr. Syed Rabiul,,33 4001 9192  / 9193,syed@fortuneexports.co.in,
4452,Top Lasts,,,,Agra,Uttar Pradesh,,,,,,
4453,Top Lasts (Agc),"7.8 Km. Agra Mathura Road,, Near Sudhir Dharam Kanta,, Sikandra, Agra-282007",,09AADFT7214L1ZV,Agra,Uttar Pradesh,282007,Mr.Deepak Manchanda,,,agra@toplasts.com,
4454,Top Latex Product,,,,Ambur,Tamil Nadu,,,,,,
4455,Top Metal Works (Hwh),Kolkata,,,Kolkata,West Bengal,,,,,,
4456,Torpedo Shoe,,,,Kanpur,Uttar Pradesh,,,,,,
4457,Torpedo Shoes Pvt Ltd (Cnb),"59 - 60, A, 150, Feet Road, Jajmau,, Kanpur-208010",AABCT2565K,09AABCT2565K1Z1,kanpur,Uttar Pradesh,208010,,,,production@calicoindia.com,
4458,Total Line Bike Zone (Sbc),"No 343, 100 ft Main Road, 10th Main, Dodda, Banaswadi,  - 560043, 9845066668, 9448979926",,,Bangalore,Karnataka,560043,,,,,
4459,Touch Wood Enterprises (New Delhi),"11aAurna Asaf Marg Opp Fortis, Hospital Vasant Kunj  -110070, Vishal Teotia1987@gmail.Com",,,Delhi,Delhi,,,,,,
4460,Transworld Shoes Pvt Ltd (Agc),"Nh-2 Artoni, Near Mool Chand Medicity, Hospital, Agra Mathura Road, Agra-282007",AADCT2556L,09AADCT2556L2ZX,Agra,Uttar Pradesh,282007,,562-2640150/51,,accounts@transworldshoes.com,
4461,Trela Footwear,,,,Delhi,Delhi,,,,,,
4462,Trela Footwear Exports Pvt Ltd (Ndls),"3721/17, Regharpura, Hardhian Singh Road,, Karol Bagh, New Delhi, Delhi 110005, Phone:011 4155 7542 ; 01143037542",,07AABCT0759M1Z1,Delhi,Delhi,,,,,,
4463,Trela Overseas Pvt. Ltd. (Agc),"D-1, EPIP Industrial Area, Sikandra, Agra-282007 (INDIA), 562 2970190, 8410028999, Accounts@trelaoverseas.Com, Purchase@trelaoverseas.Com",,09AADCT5817A1ZJ,Agra,Uttar Pradesh,282007,,,,,
4464,Trends Exhibitons,,,,Mumbai,Maharashtra,,,,,,
4465,Trendz Global,"128/350, K-Block, Kidwai Nagar,,  - 208011, 7499961106",,,Kanpur,Uttar Pradesh,208011,,,,,
4466,Trexta India,,,,Chennai,Tamil Nadu,,,,,,
4467,Trilogy (Bom),,,,Mumbai,Maharashtra,,,,,,
4468,Trimurti Arts India (Ndls),"B-11, Trimurti Building, New Colony,, ,  110025",,,Delhi,Delhi,,,,,,
4469,Trinetra Sales ( Ndls ),"17 , Pusa Road , Office No.02,  - 110055, Mob No. - 09899037755",,,Delhi,Delhi,,,,,,
4470,Trinity Shoe Pvt Ltd (Hwh),"B B T Road, Parbangla, P.S. Maheshtala, Kolkata - 700140",AADCT5929M,19AADCT5929M1ZO,Kolkata,West Bengal,700140,Mr. Amal Kumar Roy,33-24701113,,tspl2011@gmail.com,info@trinityshoes.net
4471,Trio Trend Exports Pvt. Ltd (Hwh),"P-37, C.I.T. Road, SCH-52, GR & 1st Floor,, Kolkata-700014",,19AAKCS7593M1ZA,Kolkata,West Bengal,700014,Mr. Swapan Sarkar,,,swapan.sarkar@triotrendexports.com,soumya.sarkar@triotrendexports.com
4472,Trishuli Creations (Agc),"Siyaram Motors (Tata Motors), Agra-Mathura Road, Sikandra,, Agra-282007",,09AAHFT8003F1Z7,Agra,Uttar Pradesh,282007,Ms. Shruti Sachdeva,562-264-2150/51,,shrutikaul81@gmail.com,
4473,Tristar Impex (Hwh),"36 Imdad Ali Lane Tiljala,, -700016",,,Kolkata,West Bengal,700016,,,,,
4474,Truwalk International (Agc),"607, Artoni, Opposite Sher Jung Dargah,, Agra-282007",,,Agra,Uttar Pradesh,282007,,,,,
4475,Try Shoera India,Noida,,,Noida,Uttar Pradesh,,,,,,
4476,Tryshoera India Pvt. Ltd (Noida),"A-34, Sector-58, Noida, G.B. Nagar",,09AAACT0714D1ZU,Noida,Uttar Pradesh,,,120-2580914,9811658759,purchase@tryshoera.com,
4477,TS Engeneering,,,,Chennai,Tamil Nadu,,,,,,
4478,T S Enterprise (New Delhi),"Plot No-162 High Tension Lane-2, Kapashera, New Delhi",,07AMNPT2108D1Z5,Delhi,Delhi,,,,,,
4479,TSR Export (Hwh),"101, Gangapuri, Purba Putiary,, Kolkata-700093",,19AANFT2086L1ZG,Kolkata,West Bengal,700093,,7980945616,9830106878,tsrexport.kol@gmail.com,
4480,Tuba Overseas,,,,Kolkata,West Bengal,,,,,,
4481,Tube Investments of India Ltd,,,,Chennai,Tamil Nadu,,,,,,
4482,Tulip Elastics P Ltd,Noida,,,Noida,Uttar Pradesh,,,,,,
4483,Tulip Elastics Pvt Ltd,Noida,,,Noida,Uttar Pradesh,,,,,,
4484,Turel Sales Corporation,Chennai,,,Chennai,Tamil Nadu,,,,,,
4485,Turtle Books P Ltd,Noida,,,Noida,Uttar Pradesh,,,,,,
4486,Turtle Books Pvt Ltd (Noida),"B-48,Sec 59, Noida - 201301, Kounal.Mukherjee@turtlepub.in",,,Noida,Uttar Pradesh,201301,,,,,
4487,T V International,"Chrompet, Chennai",,,Chennai,Tamil Nadu,,,,,,
4488,Two Brothers Holding Ltd (Noida),"Plot No '60A' Block - 'E', Sector-63 Noida Uttar Pradesh-201301",,09AAACT1087B1ZM,Noida,Uttar Pradesh,201301,,,09718609705,,
4489,UB Enterprises (Agc),"1st Floor Shiv Shanket Market, Hing Ki Mandi Agra",,09CMGPM7833M1ZC,Agra,Uttar Pradesh,282003,,9897076187,,,
4490,UB Inernational,,,,Ambur,Tamil Nadu,,,,,,
4491,UBS (Mumbai),"3/F, 2 North Avenue, Maker Maxity,, Bandra-Kurla Complex, Bandra (E),  400 051, +91 22 6155 6000, Anukrti.Sharma@ubs.Com",,,Mumbai,Maharashtra,,,,,,
4492,Ubs Publisher Distributors Pvt Ltd (Pune),,,,Pune,Maharashtra,,,,,,
4493,UBS Publishers Distributors Pvt Ltd (Noida),"B-3B Sector-63, Noida-201307, 0120-4205516,2427252, Raj.Saxena@ubspd.Com",,,Noida,Uttar Pradesh,,,,,,
4494,UBS Publishers (Sbc),", ",,,Bangalore,Karnataka,,,,,,
4495,Uday Shoes Pvt Ltd  (Agc),"E-83 Site C.U.P.S.I.D.C. Sikandra,, -282007, India, 0562-2640148/9927551555, Uday_shoes@yahoo.Com/info@udayshoes.Com",,,Agra,Uttar Pradesh,282007,,,,,
4496,Udyogi International Pvt Ltd (Hwh),"294, B.B.Ganguly Street,, 2nd Floor, -700 012, 033-2225-1470, Info@udyogi.Net",,,Kolkata,West Bengal,700012,,,,,
4497,Ula Leather (Hwh),"114H, M.T. Road,, Kolkata-700046, 8444944409",T-50 KG,,Kolkata,West Bengal,700046,,,8444944409,pbbera143@gmail.com,
4498,Ultimate Fashion Maker (Ggn),"Plot No. 60-61, Udyog Vihar, Phase-6,, Sector-37, Gurgaon-122001",,06AADFU9019Q1ZJ,Gurgaon,Haryana,122001,Mr. Bunty,,9810186816,ufml@ultimateexports.com,
4499,Ultimate Fashions,,,,Chennai,Tamil Nadu,,,,,,
4500,Ultimate Leathers (Ndls),,,,Delhi,Delhi,,,,,,
4501,Ultra Sales (K.Bagh),"5808/8,Blockno-4, Dev Nagar Karol Bagh , Phone No-9891212532",,,Delhi,Delhi,,,,,,
4502,Ultra Sales (Ndls),"5808/8,Blockno-4, Dev Nagar Karol Bagh , Phone No-9891212532",,,Delhi,Delhi,,,,,,
4503,Umex International (HWH),"94 Mathe Sawartata Vaari, -700046",,,Kolkata,West Bengal,,,,,,
4504,UM Lohia Two Wheelers Pvt Ltd (New Delhi),"A-79, Okhla Industrial Area Phase 2, Delhi - 110020, DDA Shed, 9818650174/9911722547",,07AABCU7927Q1ZK,Delhi,Delhi,,,,,,
4505,Umoue Ineternational(Ndls),-110055,,,Delhi,Delhi,,,,,,
4506,U Move International,,,,Delhi,Delhi,,,,,,
4507,Unicorn Cargo Movers (NDL),"Add : A 29, Double Story Quarter, Motia, Khan-Paharganj,  - 110055, Behind, Sunder LAL Eyes Hospital",,,Delhi,Delhi,,,,,,
4508,Unicorn Trading Co,"Chrompet, Chennai",,,Chennai,Tamil Nadu,,,,,,
4509,Unifab Industries,,,,Delhi,Delhi,,,,,,
4510,Uniftab Industries,,,,Delhi,Delhi,,,,,,
4511,Uni Globe Marketing,,,,Delhi,Delhi,,,,,,
4512,Uni Products ( India ) Ltd (Ggn),84 Mile Stone  Jaipur Highway Village Sangwari (  Rewari Haryana )   Ph#95127-4249348,,,Jaipur,Rajasthan,,,,,,
4513,Unique Auto Rubber,Faridabad,,,Faridabad,Haryana,,,,,,
4514,UNIQUE CREATIONS ( Okhla),"	T-5, OKHLA INDUSTRIAL AREA PHASE-II, 	",,,Delhi,Delhi,,,,,,
4515,Unique Engineers / Unisol India,"B-30, Industrial Area, C Block,, Sector 8, Noida, Uttar Pradesh 201301, M-09365800872",,,Noida,Uttar Pradesh,,,,,,
4516,Unique Exports (Cnb),"80 D, Jajmau,  - 208010, -9839242430, 9839214431, 9839241433, 9839243432, Unikexport@gmail.Com",,,Kanpur,Uttar Pradesh,208010,,,,unikexport@gmail.com,
4517,Unique Flooring,,,,Delhi,Delhi,,,,,,
4518,Unique Flooring (Sbc),"4TH CROSS, NO. 19, GROUND FLOOR 1ST MAIN PAMPA EXNTN., HEBBAL KEMPAPURA",,29AAAFU0045M1Z2,Bangalore,Karnataka,560024,,,,,
4519,Unique Floring (NDLS),"I-105, 2nd Floor, Main Road, Kirti Nagar, New Delhi-110015, 011-4610588, 011-47016618",,07AAAFU0045M1Z8,Delhi,Delhi,110015,,,,,
4520,Unique Footwear & Components (Cnb),"No-102, Co-Operative Industrial Estate,, Dada Nagar, Kanpur,",,09APYPM3933M1ZX,kanpur,Uttar Pradesh,208022,,,,,
4521,UNIQUE (Hwh),"Nangimore, Parbangla, B.B.T. Road,, Mahestala, Kolkata-700140",,19AABFU2510Q1ZW,Kolkata,West Bengal,700140,Mr. N Das,,9830168261/7044215487,uniquefootwearsolutions@gmail.com,
4522,Unique International (Cnb),"980-D, Wajidpur, Jajmau,, Kanpur 208010, 9839035429, Unikexport@gmail.Com",,09AAAFU3756D1Z7,kanpur,Uttar Pradesh,208010,,,,,
4523,Unique International (Hwh),"4B/2, Topsia Road (3rd Floor), Kolkata-700039",,19AHZPA2729G1Z1,Kolkata,West Bengal,700039,Mr. Md Asad,,8583027633,mdasad52@gmail.com,
4524,Unique International (Ndls),"NS-4 Road Miyan Wali Nagar, Paschim Vihar, New Delhi",,07AAAFU5466A1ZA,Delhi,Delhi,,,,,,
4525,Unique International (New Delhi),"NS-4 Road Miyanwali Nagar, Paschim Vihar New Delhi-",,07AAAFU5466A1ZA,Delhi,Delhi,,,,,,
4526,Unique International (Noida),"B-41 Sector-4 Noida-201301, Uttar Pradesh",,09AAAFU5466A1ZA,Noida,Uttar Pradesh,,,,,,
4527,Unique Shoes (Bom),,,,Mumbai,Maharashtra,,,,,,
4528,Unisol India / L R Moulds,Noida,,,Noida,Uttar Pradesh,,,,,,
4529,Unisol India (Mas),,,,Chennai,Tamil Nadu,,,,,,
4530,Unisol India Private Ltd,"No.1, Mevalurkuppam, Near Apollo Engg Clg, Chettinad, Sriperambadur Taluk, Kanchipuram, -600 116",,,Chennai,Tamil Nadu,,,,,,
4531,Unisol India Pvt Ltd (Noida),"A-38, Hosiery Complex, Noida Phase-II, Extn., Distt. G.N. Nagar-201305",,09AAACU1541P1Z1,Noida,Uttar Pradesh,201305,Mr. Pathak,120-4737800,9313284267,kcp@unisolindia.com,
4532,Unison Global Shipping(Ndls),"S203,2ndfloor Dav Complex Plot No-3, Local Shopping Complex,22 Socities Mayur Vihar, Phase-1 Opp Samachaar Apt. Near Matro Station",,07ADDPC9792R1ZQ,Delhi,Delhi,110091,,,9810056850/9810349950,,
4533,Unitech Enterprises (Ndls),"WZ-226C, Madipur Village,, New Delhi – 110063",,,Delhi,Delhi,110063,,,9891020448/9911902244,queries@unitechenterprises.co.in,
4534,United Enterprise,,,,Chennai,Tamil Nadu,,,,,,
4535,United India Shoe Corporation Pvt Ltd,"#31, Maddox Street, Chennai",,,Chennai,Tamil Nadu,,,,,,
4536,United Sanj,,,,Agra,Uttar Pradesh,,,,,,
4537,United Sport,", ",,,Mumbai,Maharashtra,,,,,,
4538,Unity Metal Works (Bom),"Shop No 2,33/8, Badloo Rangari Street, Patreki Chawl No 5, Mumbai Central,, Mumbai - 400008",,27AAPPS1899E1Z1,Mumbai,Maharashtra,400008,,22-23082908/23060971,,unity786@gmail.com,
4539,Universal Agencies (Cnb),"575 Kaderpatari,, Lucknow Kanpur Highway,, Post Nari, Unnao-209801",,09APXPS9843R1Z5,kanpur,Uttar Pradesh,208012,,515-2823044,8953994444/9044846879,suhail.asif111@gmail.com,
4540,Universal Craft,"Plot No. 51, Dakhin Hatiara Road, Deshbandhu, Nagar, Kolkata - 700059, 3325723900",,,Kolkata,West Bengal,700059,,,,,
4541,Universal Exports (Bom),"Ground Floor, A3-254, KK Krishnan Menan, Marg, 90 Feet Road, Khamdev, Dharavi,, Mumbai-400017",,27CTLPK1312F1ZY,Mumbai,Maharashtra,400017,,,7208597609,universalexports666@gmail.com,
4542,Universal Goodwill Works (Hwh),"9, Golam Sovan Lane, 1st Floor., -700016, 9831058123, Universalgoodwillworks@gmail.Com",,,Kolkata,West Bengal,700016,,,,,
4543,Universal Leather & Garments,"No-1509, Apsara Complex, Cutchry Road,, Vaniyambadi- 635751",,33AAFFU2307M1Z7,Vaniyambadi,Tamil Nadu,635751,,,,,
4544,Universal Leather Industries (Cnb),"184 A 3  Jajmau, Kanpur 208010",,09AVXPA6442Q1ZO,kanpur,Uttar Pradesh,208010,,,,,
4545,Universal Leather (Karol Bagh),"5964/3 Street No-4 Dev Nagar, Karol Bagh New Delhi",,07AAFFU2787H1ZZ,Delhi,Delhi,110005,,,9911025622,,
4546,Universal Rubber & Plastics,"No-32/17, R.O.B. , 6TH Street, Halls Garden,, Rayapettah, Chennai-",,,Chennai,Tamil Nadu,600 014,,,,,
4547,UNIVERSAL SHOES,,,,Ambur,Tamil Nadu,,,,,,
4548,Uno Shoe Components,"D-5, Site-A, Industrial Area, Sikandra, Agra-282007, 562-2641649,3248204/08039674082",,,Agra,Uttar Pradesh,282007,,,,,
4549,Uptodate Plastics,Noida,,,Noida,Uttar Pradesh,,,,,,
4550,Urban Artisan (Karol Bagh),"2912/44  Beadon Pura, Karol Bagh New Delhi",,07AAGPB9964J1ZC,Delhi,Delhi,110005,,,,,
4551,Urban Artisan (Ndls),"2912/44, 1st Floor, Beadon Pura,, Karol Bagh, New Delhi-110005",,07AAGPB9964J1ZC,Delhi,Delhi,110005,Mr. Md Basir,9312261791,9899361791,urbanartisan@gmail.com,
4552,Urban Country Retail Pvt Ltd (Cnb),"401, 4th Floor, Handloom Havelichunniganj, Chauraha,  - 208001, , India, 9839900970/9839900957, Accounts@myurbancountry.Com",,,Kanpur,Uttar Pradesh,208001,Mr. Anees,,9839900957,,
4553,Urbane Inc (Ggn),"Crew BOS Housing Society Ltd,, Flat No. A802, GH 53/1, Sector-1,, IMT Maneser, Gurgaon",,06BHLPS6478K1ZG,Gurgaon,Haryana,,Mr. Gurmeet Singh,,9871099767,,
4554,Urgent Leather (Ndls),"D 191, Block, D  Pocket 11, Jasola,Vihar., New Delhi",,07AKNPR0656E2ZZ,Delhi,Delhi,,,,9810142898,,
4555,Usha Embro Design (Fbd),"Plot No 18-A/3, DLF, Phase-I, Faridabad",,,Faridabad,Haryana,,,,,,
4556,Usha Exim (Okhla),"Address: 244, Okhla Phase III, Okhla Industrial Area,  110020",,,Delhi,Delhi,,,,,,
4557,USP Entertainment Solutions,"24,Lake Tample Road Ground Floor, , Mob-9830348682, Saranjitt@uspentertainmentsolutions.Com",,,Kolkata,West Bengal,,,,,,
4558,Utsav,,,,Delhi,Delhi,,,,,,
4559,Uttam Basics LLP (Ndls),"5141, Ground Floor Gali No. 3, Kishan Nagar, Karol Bagh, Delhi-110005",,07AAEFU3706H1Z9,Delhi,Delhi,110005,,,999558260,uttambasics@gmail.com,
4560,Uttam Polyrubs India,Bhiwandi,,,Bhiwandi,Maharashtra,,,,,,
4561,Uttam Polyrubs India Pvt Ltd ( K.Bagh),,,,Delhi,Delhi,,,,,,
4562,Uttoron Engineering Pvt. Ltd. (Hwh),"5/8, Belurmath,, Howrah - 711202, West Bengal",,,West Bengal,West Bengal,711202,,,,,
4563,UV Overseas (Agc),"K. No. 1282, Behind Navin Sabji Mandi,, Bainpur, Sikandra, Agra - 282007, UP, India",,09AACFU5476A2Z5,Agra,Uttar Pradesh,282007,Mr. Rupesh Joshi,,8954488885,accounts@uvoverseas.in,
4564,UVS Engineers (Ggn),"18,19 HUDA Commercial Complex,, Sector 18, Gurgaon 122015",,06AAAFU4037B1ZP,Gurgaon,Haryana,122015,,,"9818208300, 9810063709,  9999341253",info@uvsengineers.com,
4565,Uzma Enterprises (HwH),"76/H/2, Linton Street, Kolkata,West Bengal,700014",,19AKBPJ8055H1Z0,Kolkata,West Bengal,,,,9339517168,,
4566,Valar Fashion P Ltd ( Bct ),,,,Mumbai,Maharashtra,,,,,,
4567,Valor Engineering Pvt Ltd (Agc),"11 F/101 A, Nandlalpur, Hathras Road, Agra - 282006",,09AADCV1588N1ZM,Agra,Uttar Pradesh,,Mr. Rishi Jain,9997728889,7830350937,valorindia@gmail.com,
4568,Vamaja Engineering,,,,Chennai,Tamil Nadu,,,,,,
4569,Vandana Footwear,,,,Delhi,Delhi,,,,,,
4570,Van Exports (Ggn),"826, Phase-V, Udyog Vihar, Gurgaon",,06AABFV9681M1ZG,Gurgaon,Haryana,,,,9910540472,van@gmail.com,
4571,Vanilla Moon (Bom),"A-4-5, New Kamal Building, Ground Floor,, Linking Road Opposite National College, Bandra, (West), -400050, 022-26424609, Vikas@vanillamoon.Co.in",,,Mumbai,Maharashtra,400050,,,,vikas@vanillamoon.co.in,
4572,Vansh Impex (Ndls),"2805/19, Karol Bagh,  - 110005",,,Delhi,Delhi,110005,,,,,
4573,Vapal Enterprises (Jaipur),"Jaipur, Rajasthan",,,Jaipur,Rajasthan,,,,,,
4574,Vardhan Tapes,,,,Delhi,Delhi,,,,,,
4575,Vardhman Gatex Creations Pvt. Ltd. (Ndls),"B-35, Ground Floor, Teachers Colony,, Samaypur, ",,,Delhi,Delhi,,,,,,
4576,Varma Mould,,,,Delhi,Delhi,,,,,,
4577,Varta Footwears,,,,Agra,Uttar Pradesh,,,,,,
4578,Varun Exports,Noida,,,Noida,Uttar Pradesh,,,,,,
4579,Varun Exports (Noida),"B - 50,  First Floor,  Sect - 60,  Noida",,09ADQPM4652B1ZF,Noida,Uttar Pradesh,,,,,,
4580,Vat Enterprises,,,,Chennai,Tamil Nadu,,,,,,
4581,Vavoor Madarsa,,,,Chennai,Tamil Nadu,,,,,,
4582,Vba Public Distributors (Bom),". 6-A Vyapar Bhavan, 49 P D Mello Road, Carnac Bunder,  - 400009 ..",,,Mumbai,Maharashtra,,,,,,
4583,VBL Innovation Pvt Ltd (Sbc),"U-4, No-17, 5th Main, 3rd Phase, Peenya Industrial, Area Bangalore-560058",,29AAACV4827H1Z4,Bangalore,Karnataka,560058,,08028397635,,vbl@vblinnovation.com,
4584,Vee Aay Accessories,,,,Kanpur,Uttar Pradesh,,,,,,
4585,Vee Aay Accessories Pvt Ltd (Cnb),"B-7, Panki Site-5, Udyog Kunj,, Kanpur-208022",AAJCS0827M,09AAJCS0827M1ZX,kanpur,Uttar Pradesh,208022,,,9839033298,veeaayplt@gmail.com,
4586,Veera Tanneries Pvt Ltd,"A Government Recognised Export House, Dharavi, ,  400017",,,Mumbai,Maharashtra,,,,,,
4587,Veerupaksh Group (Agc),"644  ARTONI MATHURA ROAD, AGRA",,09AAIFV6417E1Z0,Agra,Uttar Pradesh,282007,,,,,
4588,Vegaart Overseas Pvt Ltd (Ggn),"Plot No. 146, Udyog Vihar Vi Sector 37 ,  -122001, Karun@vegaoverseas.Com",,,Gurgaon,Haryana,122001,,,,,
4589,Vegan Fashion Pvt Ltd (Hwh),"23/24, Radha Bazar, Street Sethia House,, 3rd Floor , -700001, 8961016921, Manish@pareek.Net",,,Kolkata,West Bengal,700001,,,,,
4590,Veira Electronics Pvt. Ltd (Noida),"D-239, Sector-63 Noida-201301",,09AAACC6730E1ZX,Noida,Uttar Pradesh,201301,Mr. Mukesh,,8826743358,sales.wm@veiragroup.com,
4591,Vellore Leathers,,,,Ranipet,Tamil Nadu,,,,,,
4592,Velour Faashions,"No;-206,  Sipco Industial Estate, Sipcot, Ranipet",,,Ranipet,Tamil Nadu,,,,,,
4593,Venkat & Co,"Chrompet, Chennai",,,Chennai,Tamil Nadu,,,,,,
4594,Venkateshwara Rotopack Pvt Ltd ( Hyb ),,,,Hyderabad,Telangana,,,,,,
4595,Venus Leather,,,,Ranipet,Tamil Nadu,,,,,,
4596,Venus Manufacturing,,,,Mumbai,Maharashtra,,,,,,
4597,Verma Overseas,,,,Agra,Uttar Pradesh,,,,,,
4598,Versatile Enterprises(Karol Bagh),"Partap Chamber 214, Navyug Laminates, Gurudawra Road, Karol Bagh New Delhi-110005",,07AAACV5820G2ZG,Delhi,Delhi,110005,,09350563067,,,
4599,Versatile Operations (Agc),"636, Jaupurs Road, Agra",,09AALFV4707C1Z4,Agra,Uttar Pradesh,282007,,562-4005930,,info@versatileoperations.com,
4600,Vertex Safety Products  (Pune),,,,Pune,Maharashtra,,,,,,
4601,Vertex Safety Products Pvt. Ltd (Pune),"Plot No -6, Vasant Bahawa, Near La Valle Casa,, Chandani Chowk, Bavdhan Khurd,  -411021, 0091-20-22951455/3499/9970393887, Nikhil@vsppl.Com",,,Pune,Maharashtra,411021,,,,,
4602,Vetiyapuri Shoe,,,,Ambur,Tamil Nadu,,,,,,
4603,V F Brands India Pvt Ltd ( Sbc ),"Sy. No.47, Koraluru Village, Kasaba Hobli,, Hosakote Taluk, Bangalore Rural Dist., Bangalore-560067, 8700501282",,,Bangalore,Karnataka,560067,,,,,
4604,Viable Dynamic Enterprises (Ndls),"RZ-231 T Ext Viswa Park New Delhi-110059, E.Mail-Viabledynamic@gmail.Com",,07CFVPS2540R1ZE,Delhi,Delhi,,,,,,
4605,Viari Exports,,,,Chennai,Tamil Nadu,,,,,,
4606,Vibrant Soles,,,,Ambur,Tamil Nadu,,,,,,
4607,Vici Overseas (Cnb),"112/363, Fwaroop Nagar,, Kanpur-208001",UNREGISTER,,kanpur,Uttar Pradesh,,,,9560169901,davendra505@gmail.com,
4608,Victora Tool Engg,Faridabad,,,Faridabad,Haryana,,,,,,
4609,Victoria Tanners (Hwh),"2A, Lower Range, 4th Floor, Kolkata-700017",,19AANFV1724F1Z0,Kolkata,West Bengal,700017,,33-22806263,,victoriatanners9@gmail.com,
4610,Vidhata Plastics,,,,Hyderabad,Telangana,,,,,,
4611,Vidya Ayar,,,,Mumbai,Maharashtra,,,,,,
4612,ViechemieSkicorp Technology Solutions Pvt Ltd(Hwh),"25, Dakhinee Cooperative Housing Society,, Kolkata – 700105, West Bengal.",,19AAOCS1390N1ZL,Kolkata,West Bengal,700105,Mr. Ajit Singh,,8336907775,accounts_ccu3@skicorp.net,
4613,Vijay Laxmi Leather Works (Bom),"Room No. 744, A6 Mukund Nagar,, Kalakilla Road, Dharavi, Mumbai",,27ADQPD6595G3Z0,Mumbai,Maharashtra,,,,8334955989,,
4614,Vijay Leather,,,,Chennai,Tamil Nadu,,,,,,
4615,Vijay Rawat (Karol Bagh),"5363/68   Regarpura Karol Bagh, , M-9891097540",,,Delhi,Delhi,,,,,,
4616,Vikas Ecotech Ltd,,,,Delhi,Delhi,,,,,,
4617,Vikas Ecotech Ltd (N.Delhi),"Vikas House 34/1, East Punjabi Bagh, New Delhi-110026",,,Delhi,Delhi,110026,Ashutosh Verma,01143144444,7838016688/9718335111,ashtosh Verma@vikasecotech.com,www.vikasecotech.com
4618,Vikas Global Ltd,,,,Delhi,Delhi,,,,,,
4619,Vikas Global One Limited,"34/1, East Punjabi Bagh,, ,  110026, 011-43144444",,,Delhi,Delhi,,,,,,
4620,Vintage Lineage (Noida),"B-90 Sector -65, Noida Uttar Pradesh-201306",,09ANFPK6289D1ZQ,Noida,Uttar Pradesh,201306,,,,,
4621,Virala Mathura,,,,Agra,Uttar Pradesh,,,,,,
4622,Virola International (Agc),"21/68, Ground Floor, Freeganj, Agra-282004",AAGFV5465L,09AAGFV5465L1ZH,Agra,Uttar Pradesh,282004,Mr Sandeep Sachdeva,,9837036006,accountvi@virolaindia.com,
4623,Virola International Unit-II (Agc),"Unit-II, Runkata, Agra",,09AAGFV5465L1ZH,Agra,Uttar Pradesh,,Mr. Sandeep Sachdeva,,9837036006,accountvi@virolaindia.com,
4624,Virola Leather Store (Agc),"Block No.S-6 Shop No.8 Shoe Market Sanjay Place, Agra 282002",,09AADFV5075B1Z7,Agra,Uttar Pradesh,282002,DEVENDRA SACHDEVA,5624009920,,admin@nextbizdoor.com,
4625,Vishal Enterprises ( Noida ),"C-45, Sector-88, Phase 2, Noida, UP-201301",,09BAFPS4097D1ZE,Noida,Uttar Pradesh,,,,,,
4626,Vishali Leathers,P J Nehru Road.Vaniyambadi,,,Vaniyambadi,Tamil Nadu,,,,,,
4627,Vishal Interior & Furniture (Ndls),"A-100/209, Street No. 37, Man Singh Market Bhajanpura,, Near Veer Nursing Home,, New Delhi-110053, PH H O  9999417507 9540351935, Vishalinterior.Furure@gmail.Com",,07AZXPV1638F1ZQ,Delhi,Delhi,,,,,,
4628,Vishal Trans Carrier(Jaipur),"Rajashtan Guest House Opp.Navjeevan, Complex Station Road Jaipur",,08AEXPG8965M1ZB,Jaipur,Rajasthan,302012,,,,,
4629,Vishva Marketing,,,,Delhi,Delhi,,,,,,
4630,Vision Creations (New Delhi),"69-T,Sector-8 Jasola Vihar New Delhi-110025, Delivery Address-C-67/1 Okhla Phase-2, New Delhi-110020",,07AANFV6830G1ZU,Delhi,Delhi,110020,,,9818384883,,
4631,Vista Trading (Sbc),,,,Bangalore,Karnataka,,,,,,
4632,Vitasta Desigen,"W-101-G-Lone-6 Anupam Garden,, -110068, Kritika@vitastadesigen.Com",,,Delhi,Delhi,,,,,,
4633,Vittoria Fashion Industries Ltd (New Delhi),"56-A Friends Colony East, -110065, Sumati@bnenterprises,Co.in, Neha@bnenterprises.Co.in",,,Delhi,Delhi,Delhi,,,,,
4634,Viva Books Pvt Ltd (Noida),D-247/8 Sector-63 Noida-201301,,09AAACV0230G1ZR,Noida,Uttar Pradesh,201301,,,,,
4635,Viva Education (Noida),"D-247/8, Sector-63, Noida-201301",,09AAACV0230G1ZR,Noida,West Bengal,201301,,,,,
4636,Vivaldi Leather Pvt Ltd ( Noida),"C-6, Sector-04, Noida, G B Nagar",,09AABCV4955F1Z4,Noida,Uttar Pradesh,,,0120-9134455,,admin@designatviva.com,
4637,Vivan Enterprises,,,,Delhi,Delhi,,,,,,
4638,Vivan Enterprises (Ndls),,,,Delhi,Delhi,,,,,,
4639,Vivek Textiles Processing (Sbc),"No.12, 4th Crs, Hosur Rd, Madiwala, New Extn, Begur Road,  - 560068, 80-25535119, 25721252",,,Bangalore,Karnataka,,,,,,
4640,V. J. Enterprises (Agc),"B-60, 2nd Floor, Kamla Nagar, -282005, 0562-4001932/9719400182, Veejayenterprises.India@gmail.Com",,,Agra,Uttar Pradesh,282005,,,,veejayenterprises.india@gmail.com,
4641,V K Enterprises (Ndls),"Shop No. 6523, Hardhyan Singh, Road, Karol Bagh, New Delhi",,07AAJPM1875E1ZN,Delhi,Delhi,110005,,,8010776060,,
4642,V.K Skin Traders (NDLS),"Sadar Thana Road, Navikarim, , 99312991900",,,Delhi,Delhi,,,,,,
4643,V & M,,,,Gurgaon,Haryana,,,,,,
4644,V & M (Gurgaon),"Plot No. 47,  Sector - 5,  I M T  Manesar,  Gurgaon",,06AAFPC2749H1ZY,Gurgaon,Haryana,,Ms. Suman Chawla,124-4023853/54,98 111 42963,suman@vandm.co.in,
4645,V.N.M Leather (Ggn),"Gurgaon, Haryana",,,Gurgaon,Haryana,,,,,,
4646,VNS Accessories India LLP (Ggn),"Plot No-441, Phase-4, Udyog Vihar , ",,,Gurgaon,Haryana,,,,,,
4647,Vogue N Hyde Pvt. Ltd. (Hwh),"2, Corporation Place, 2nd Floor,, Society Cinema Building,, Kolkata 700087",,19AABCV4735F1Z9,Kolkata,West Bengal,700087,Mr. Santu Dalui,3322658208,9874059293,amrita.ganguly@voguenhyde.com,
4648,Volar Fashion Pvt. Ltd. (Bom),"Sai House, 9 Kandivali Industrial Estate, Sai Nagar, M G Cross Road No.1,, Kandivali (W), Mumbai-400067",,27AACCV0887F1Z6,Mumbai,Maharashtra,400067,Mr.Naveen Sisodiya,,9892344101,s1@volarfashion.in,
4649,Volga India Rubber Private Limited (Ggn),Gurgaon Haryana,,06AABCV3212F1ZU,Gurgaon,Haryana,,,,,volgarubber@gmail.com,
4650,V P Udyog Ltd ( Hwh ),"4 Synagogue Street 10th Floor,, Room 1004, Kolkata, 700001",,19AAACV9255D1Z5,Kolkata,West Bengal,700001,,,,,
4651,VRD Exports (Agc),"A-6, EPIP UPSIDC Sikandra,  - 282007., 9548389512, Info@vrdexports.In\vrdusman@gmail.Com",,,Agra,Uttar Pradesh,,,,,,
4652,V. Retail Pvt Ltd,Bangalore,,,Bangalore,Karnataka,,,,,,
4653,V S International (Ndls),"NO-B-98, NARAINA INDUSTRIAL AREA, PHASE-I,, NEAR BY PVR NARAYANA,  - 110028, India",,,Delhi,Delhi,,,,,,
4654,V.S Leather (Ggn),"Plot No-146 Udyog Vihar Phase V1 Sec-37, Gurgaon",,06AMMPK0793J1ZP,Gurgaon,Haryana,,,9717129329,7503232867,jaishiv2266@gmail.com,
4655,V S Leather (New Delhi),"Kuber Factory, Kapasehra New Delhi",,07AMMPK0793J1ZN,Delhi,Delhi,,,,,,
4656,Vsm Overseas,Noida,,,Noida,Uttar Pradesh,,,,,,
4657,VSM Overseas (Noida),Noida,,,Noida,Uttar Pradesh,,,,,,
4658,VSM Overseas Pvt Ltd ( Noida ),"D-171,Epip,Surajpur Site 5,Kasan,, Greater Noida U P - 201308, 09810150890",,,Noida,Uttar Pradesh,,,,,,
4659,Vzma Enterprises ( Hwh ),76-H-2 Street ,,,Kolkata,West Bengal,,,,,,
4660,Wadhwa Sales,,,,Agra,Uttar Pradesh,,,,,,
4661,Wagh Footwear (Thane),"Gala No.8, Kamruddin Ind. Est.,, Opp Nand Jot A K Road, Sakinaka Kurla, Mumbai-400072",ABBPW6715A,27ABBPW6715A1ZS,Mumbai,Maharashtra,400072,Mr. Ravi Palshetkar,982-093-5248 / 916-755-1027,,wagh.footwear@gmail.com,
4662,Wahab World Wide (Agc),"D-5 & 6 Site-B UPSIDC, Sikandra Industrial Area
, Agra-282007
",,09AAFPW8375F1Z2,Agra,Uttar Pradesh,282007,,9837082258,9358505543,wahabworldwide@gmail.com,
4663,Waseem Leathers,,,,Chennai,Tamil Nadu,,,,,,
4664,We2 Solutions (Cnb),"117/P/25 Kakadeo, Kanpur-208025,",,09AABFW1653N1ZR,kanpur,Uttar Pradesh,208025,,,9839214641,we2mukesh@hotmail.com,
4665,WEBLEC (INDIA) (Hwh),"21/H,ATAL SUR RD., KOLKATA-700015",,19AAAFW6467H1ZQ,Kolkata,West Bengal,700015,,33-23292133,,weblec.kolkata@gmail.com,
4666,Welcome Enterprises (Karol Bagh),"4/5205 Krishan  Nagar (Dev Nagar), Karol Bagh New Delhi-110005",,07AAAFW4123G1ZG,Delhi,Delhi,110015,,,,,
4667,Welcome Leather (Ndls),"Karol Bagh, New Delhi",,07AAAFW0841K1Z6,Delhi,Delhi,,Mr. Harish Narang,,,harishnarang17@yahoo.co.in,
4668,Well Enterprises (Ndl),,,,Delhi,Delhi,,,,,,
4669,Well Enterprises (Ndls ),"11/93 - Siddi Pura Karol Bagh, New Delhi",,,Delhi,Delhi,,,,,,
4670,Weston Footwear (Agc),"11th Km Mathura Road, Sikandra, Agra - 282007",,09AACFW5474A1Z6,Agra,Uttar Pradesh,,,,8445357861,info@westonfootwear.com,
4671,Weston Polymers,,,,Agra,Uttar Pradesh,,,,,,
4672,Weston Polymers (Agc),"Agra Mathura Road, Sikandra, Agra, U P",,09ACBPM6817E1ZN,Agra,Uttar Pradesh,,,7895854099,9690551834/8191944448,westonpolymers@gmail.com,
4673,Weston Rubber,,,,Agra,Uttar Pradesh,,,,,,
4674,Wheeler Road Frazer Town (Sbc),,,,Bangalore,Karnataka,,,,,,
4675,White Enterprises (Sbc),"19/29, Dara Bendra Road,, -560094, 9019562372",,,Bangalore,Karnataka,,,,,,
4676,Whomserve It,,,,Gurgaon,Haryana,,,,,,
4677,Wilco International,,,,Mumbai,Maharashtra,,,,,,
4678,Wilhelm Textile India Pvt. Ltd. ( Ggn ),"38, Km Mile Stone, Delhi Jaipur Highway, Vill Khandsa, Behrampur Road, Sec-34 Gurgaon",,06AAACW1117F1ZU,Gurgaon,Haryana,,,Mr. Sanjay 9582948575,,,
4679,Win All Enterprise,,,,Chennai,Tamil Nadu,,,,,,
4680,Win Cargo,,,,Delhi,Delhi,,,,,,
4681,Wonder Images Pvt Ltd (Hwh),"2, Brabourne Road, 6th Floor,, Flat-9, Kolkata-700001",,19AAACW5351R1ZM,Kolkata,West Bengal,700001,Mr. Rajendra Dharewa,98300 34456,9830425990,rajendra@wondergroup.in,
4682,Wool Spuns Limited (New DelhI),"D-9/3, Okhla Industrial Area, Phase-II, New Delhi, Delhi 110020",,07AAACW0186E1ZJ,Delhi,Delhi,,,,"9311346789,9810090358",,
4683,World Connect (Ndl),,,,Delhi,Delhi,,,,,,
4684,World Leather,,,,Chennai,Tamil Nadu,,,,,,
4685,World Leather Fashions,,,,Delhi,Delhi,,,,,,
4686,Worldsource Service Delvery Network LLP (Hwh),"P-24/B, CIT Road, Scheme VI M, 1st Floor, Kolkata-700005",,19AACFW0525G1ZB,Kolkata,West Bengal,700005,,33-40016295,,info@cadeaoo.com,
4687,Writer Safeguard Pvt Ltd (Hwh),"Unit No. 28 & 29, on 4th Floor of 21,, Ballygunge Circullar Road, Polic Station, Ballygunge, Kolkata-700019",,19AAACW3405C1ZQ,Kolkata,West Bengal,700019,mr. D.Miter,08017982970,9167740522,miter.debasish@writercorporation.com,
4688,Writer Safeguard Pvt Ltd (Ndls),"5, Panchsheel Community Center,, Panchshila Park, New Delhi-110017",,07AAACW3405C1ZV,Delhi,Delhi,110017,,,,,
4689,Writer Safeguard Pvt Ltd (Sbc),"335, 7th Cross, Wilson Garden,, Bangalore-560027",,29AAACW3405C1ZP,Bangalore,Karnataka,560027,,,,,
4690,Wuerth India Pvt Ltd,,,,Chennai,Tamil Nadu,,,,,,
4691,X L Enterprises (Hwh),"S_16 Kasba Industrial Estate, Em Bye Pass Phase No-3, Kolkata",AAACX0132H,19AAACX0132H1ZL,Kolkata,West Bengal,,,,9911513222,durges_pratap@yahoo.com,
4692,Xpotek Overseas (Hwh),"117, Lenin Sarani,, Kolkata-700019",,19AOUEA0406Q1ZK,Kolkata,West Bengal,700019,,,9804032024,xpotexoverseas@gmail.com,
4693,Xpress Phoenix,Pune,,,Delhi,Delhi,,,,,,
4694,Yahya Leather (Cnb),"382/353, Bangali Ghat Jajmau,, -208010, 9919888812, Yahyaleather2013@gmail.Com",,,Kanpur,Uttar Pradesh,208010,,,,,
4695,Yamai Fashions Pvt Ltd,"6 Dover Lane -700107, Swapan.Sarkar@triotrendexports.Com, Sujoy.Basu@triotrendexports.Com",,,Kolkata,West Bengal,700107,,,,,
4696,Yan Chong Tannery (HwH),,,,Kolkata,West Bengal,,Mr. Danish 7278160830,,,,
4697,Yangti Home Fashion  (Sbc),"152/1, Wheeler Road Frazer Town,, Bangalore-560005",,29ABRPT1364Q1ZJ,Bangalore,Karnataka,560005,,80-41161869/41253532,,yangtifashion@gmail.com,
4698,Yanoor Leathers,,,,Chennai,Tamil Nadu,,,,,,
4699,Yao Shing Tannery (Hwh),"111, South Tangra Road,, -700046",,,Kolkata,West Bengal,,,,,,
4700,Yash Creations,,,,Delhi,Delhi,,,,,,
4701,Yash Overseas (Agc),"Khasra, No-107, Mauja Lakhanpur,, Sikandra, Agra-282007",,09ACLPJ3080G1ZJ,Agra,Uttar Pradesh,282007,,,9219514747,dkjain_yashover@yahoo.com,
4702,Yashpal Mehta & Others ( Hwh ),"66A, Sakar Road, Kolkata-700014",,19AAAHY1950R1ZD,Kolkata,West Bengal,700014,,,9331041709,mehta.leather@gmail.com,
4703,Ye Fong Tannery (Hwh),"44/3A/2, Matheswartala Road,, Kolkata-700046",,19AAFFM4891E1Z1,Kolkata,West Bengal,700046,,,9836919123,yefong2007@yahoo.co.in,
4704,Y.K.K India Pvt Ltd,,,,Delhi,Delhi,,,,,,
4705,Y Not India,,,,Kolkata,West Bengal,,,,,,
4706,Yong Chong Tanning (Hwh),,,,Kolkata,West Bengal,,,,,,
4707,Yong Stallions ( Cnb ),"No: 569, Defence Colny, Jamu, , Cell : 09839213762",,,Kanpur,Uttar Pradesh,,,,,,
4708,Young Stallions (Cnb),"569, C-1 Defence Colony,, Jajmau, -208010, Youngstallions@yahoo.Com, 512-2462451",,,Kanpur,Uttar Pradesh,208010,,,,,
4709,Young Style Overseas (Agc),"C-2/52, Beside Shree Ram Mandir, Cinema, Kamala Nagar, , Uttar Pradesh 282005, 562-3290335, Info@saltnpapper.Com",,,Agra,Uttar Pradesh,,,,,info@saltnpapper.com,
4710,YR Enterprises(Agra),"11/39 Chilly Para Shahganj, Agra Uttarpradesh, Pin Code-282010",,09DTPPS3135H1Z6,Agra,Uttar Pradesh,282010,,,9634430290,,
4711,Ysura Tanning Industries (Hwh),"Topsia, Kolkata-700039",,19AKPPR0221H1Z2,Kolkata,West Bengal,700039,,,8276867661,,
4712,Zaari Fashions Pvt Ltd (Sbc),"42/2 2nd Cross Muniswamappa Layout Post,, Bommanahalli, Bengaluru, Karnataka 560068",,29AAACZ5690C1Z3,Bangalore,Karnataka,,,,9742743960,zaarimerchandiser@gmail.com,
4713,Zafar Alam International (Cnb),"96/15, N Colonelganj,, Kanpur -208001",,09AAAFZ0602M1Z4,kanpur,Uttar Pradesh,208001,,,9918633555,zafar.international@gmail.com,
4714,Zafirah Exports (Cnb),"133/243 - B Transport Nagar,,  208023 INDIA, 919936293123, Shamim@zafirahexports.Com/info@zafirahexports.Com",,,Kanpur,Uttar Pradesh,208023,,,,919936293123,
4715,Zafiya Enterprises (Kol),"61G, 4th Floor,, Gulam Jilani Khan Road,, Kolkata",,19AADPQ1584G1ZI,Kolkata,West Bengal,700039,Mr. Rikhab Garg,,09289252300,impexrikhab@gmail.com,
4716,Zahiruddin Parvez (Hwh),"Hongkong Associates, 1.B. Natore Park, 1st Road, -700039, Indraprasth Appartment, Block-B,Flat No. 104, 9836295898",,,Kolkata,West Bengal,700039,,,,,
4717,Zahonero India Pvt Ltd ( Noida ),"Dadri Rd, Surajpur, Greater Noida-201306",,09AAACZ2278A1ZF,Noida,Uttar Pradesh,201306,,120-3852121,,,
4718,Zai International,"40/128, Magoda, Masheed Road, Kanpur",,09ACSPY0848G1ZY,kanpur,Uttar Pradesh,,,,,,
4719,Zain International (Cnb),"67/8, Pokharpur, K.D.A. Colony, Jajmau,, Kanpur-208010",,09AFTPM5833K1ZO,kanpur,Uttar Pradesh,208010,,,,zain@zainintl.com,
4720,Zain Mehmood & Co,"50/7, Oomer Road, Kottai Banglow,, Ambur",,,Ambur,Tamil Nadu,635822,,,,,
4721,Zain Shoes Exports (Agc),"31/2 Near Shahi Maszid , Lohamandi, , Uttar Pradesh 282002, 97191 37786",,,Agra,Uttar Pradesh,,,,,,
4722,Zainul Abideen,,,,Bangalore,Karnataka,,,,,,
4723,Zakara International (Cnb),"77-H, Panki Industrial Estate,, Site-No. 1, Kanpur-208022",,09ADVPT0464H1ZX,kanpur,Uttar Pradesh,208022,,9621486975,,zakarabags@gmail.com,
4724,Zapato Exports Pvt Ltd (Agc),"T-15, 3rd Floor, Friends Tower, Sanjay Place,, Agra-282002 (India)",AAACZ5003B,09AAACZ5003B1ZS,Agra,Uttar Pradesh,282002,Mr. Abhishek Kumar Sinha,,"9528447522,9997786888",zapatofinance@gmail.com,
4725,Zara Footwear Pvt Ltd (Bom),"Gala No. 13 & 14, K D Towar Basement,, 233/234, Belasis Road, Nagpada,, Mumbai-400008",AAACZ1968M,27AAACZ1968M1ZP,Mumbai,Maharashtra,400008,,9319933820,9223381987,minhazcompany@gmail.com,
4726,Zar Fashion Exim P Ltd ( Ndls ),"B-50 Okhla Phase-1, Near SIS Building Underpass -20, Azhar.Zar@gmail.Com",,,Delhi,Delhi,,,,,,
4727,Zar Fashion (Noida),"C-19 I&IInd Floor, Gauthan Buddha Nagar Sector-58, Noida Uttar Pradesh-201301",,09AOHPM7765F1ZH,Noida,Uttar Pradesh,201301,,,,,
4728,Zarfa Shon (Noida),"C-19 1&IInd Floor Gautan Bhudda Nagar, Sector-58 Noida- Up",,09AOHPM7765F1ZH,Noida,Uttar Pradesh,,,,08588958508,,
4729,Zazman Exporters (Cnb),"137-A, 150 Feet Road,, Jajmau,  - 208010, 9721554488, Ac@zazmanindia.Com",,,Kanpur,Uttar Pradesh,,,,,ac@zazmanindia.com,
4730,Z.B.International,Noida,,,Noida,Uttar Pradesh,,,,,,
4731,Z B International ( Noida ),"D-215, Sector-63, Noida-201301, Up Ph#120-4327856",,09AHZPA6887D1ZP,Noida,Uttar Pradesh,,,,,,
4732,Zeal Enterprises,"13/56, JSS Street,, Vaniyambadi",,,Vaniyambadi,Tamil Nadu,,,,,,
4733,Zed Ess Leather ( Hwh),"Zone-2, Plot No.114A, Kolkata Leaher Complex,, Kolkata",,19AAAFZ4234D1ZA,Kolkata,West Bengal,,Mr. Gshad Alam,,8017314964,zedessleather@yahoo.com,
4734,Zeeshan International (Cnb),"D-435, Jajmau, Defence Colony, Jajmau, Kanpur - 208010, 9839111073/512-2453205, Mail@zeeshanleathers.Com",,09AQOPA6168M1Z8,kanpur,Uttar Pradesh,208010,,,,,
4735,Zeeshan Jamil,Kolkata,,,Kolkata,West Bengal,,,,,,
4736,Zeeshan Traders (Cnb),"276/258 Dargah Shareef, Jajmau Kanpur-201080",,09AQOPA6168M1Z8,kanpur,Uttar Pradesh,201080,,,8960403631,imrank.khan85@gmail.com,
4737,Zensol Fashion Pvt Ltd (Ggn),"Old Khandsa Rd, Udyog Vihar, Industrial Area Phase VI, Gurgaon, Haryana",,,Gurgaon,Haryana,,,,,sampling@faywear.com,
4738,Zidane Export (Hwh),"5G/1, Sapgachi, 1st Lane,, Kolkata-700039",,19AFFPH8920J1Z6,Kolkata,West Bengal,700039,,,9903592411/9748771684,zidaneexport@gmail.com,
4739,Zihan Impex (Hwh),"97/1D, Topsia Road,, Kolkata-700039",,19CVTPS3297M1Z8,Kolkata,West Bengal,700039,,,,,
4740,Zishan Leathers,Ambur,,,Ambur,Tamil Nadu,,,,,,
4741,Ziya Exports (Cnb),"M I G 79 , K D A Colony Jajmau , 9794508596, Info.Ziyaexports@gmail.Com",,,Kanpur,Uttar Pradesh,,,,,,
4742,Zobik Craft (New Delhi),"10/370 Lalirta Park Laxmi Nagar, New Delhi-110092",,07AHTPK7799L1Z3,Delhi,Delhi,110092,,9810098411,9990112026,zobilcraft@gmail.com,
4743,Zoom Exim,,,,Kanpur,Uttar Pradesh,,,,,,
4744,Zoom Exim (Cnb),,,,Kanpur,Uttar Pradesh,,,,,,
4745,Zoomtech Industries (Noida),"C-85-A Sector-8, Noida  (Uttar Pradesh), M-09540032092",,,Noida,Uttar Pradesh,,,,,,
4746,Zora Moke,,,,Delhi,Delhi,,,,,,
4747,Zuchim India,Jaipur,,,Jaipur,Rajasthan,,,,,,
4748,[{Bharat Enterprises (Ndls)}],"189, Udyog Vihar, Phase-I,, Gurgaon, Haryana-122016",,06AAAFB3050H1Z1,Gurgaon,Haryana,,,,,,
4749,[Jak Group ( Ggn )],Gurgaon,,,Gurgaon,Haryana,,,,,,
4750,[Jak Group Pvt Ltd (Belt-704) (Ggn)],"Plot No. 704P,Uyog Vihar, Phase-VI,, Pace City-2, Sector-37, Gurgaon, Haryana, Abhishek@jakleather.Com",,06AADCJ0355P1ZD,Gurgaon,Haryana,,Mr. Abhishek,,9999650884,abhishek@jakleather.com,
